Timing Analyzer report for t1c_riscv_cpu
Fri Nov  7 01:02:28 2025
Quartus Prime Version 20.1.0 Build 711 06/05/2020 SJ Lite Edition


---------------------
; Table of Contents ;
---------------------
  1. Legal Notice
  2. Timing Analyzer Summary
  3. Parallel Compilation
  4. Clocks
  5. Slow 1100mV 85C Model Fmax Summary
  6. Timing Closure Recommendations
  7. Slow 1100mV 85C Model Setup Summary
  8. Slow 1100mV 85C Model Hold Summary
  9. Slow 1100mV 85C Model Recovery Summary
 10. Slow 1100mV 85C Model Removal Summary
 11. Slow 1100mV 85C Model Minimum Pulse Width Summary
 12. Slow 1100mV 85C Model Metastability Summary
 13. Slow 1100mV 0C Model Fmax Summary
 14. Slow 1100mV 0C Model Setup Summary
 15. Slow 1100mV 0C Model Hold Summary
 16. Slow 1100mV 0C Model Recovery Summary
 17. Slow 1100mV 0C Model Removal Summary
 18. Slow 1100mV 0C Model Minimum Pulse Width Summary
 19. Slow 1100mV 0C Model Metastability Summary
 20. Fast 1100mV 85C Model Setup Summary
 21. Fast 1100mV 85C Model Hold Summary
 22. Fast 1100mV 85C Model Recovery Summary
 23. Fast 1100mV 85C Model Removal Summary
 24. Fast 1100mV 85C Model Minimum Pulse Width Summary
 25. Fast 1100mV 85C Model Metastability Summary
 26. Fast 1100mV 0C Model Setup Summary
 27. Fast 1100mV 0C Model Hold Summary
 28. Fast 1100mV 0C Model Recovery Summary
 29. Fast 1100mV 0C Model Removal Summary
 30. Fast 1100mV 0C Model Minimum Pulse Width Summary
 31. Fast 1100mV 0C Model Metastability Summary
 32. Multicorner Timing Analysis Summary
 33. Board Trace Model Assignments
 34. Input Transition Times
 35. Signal Integrity Metrics (Slow 1100mv 0c Model)
 36. Signal Integrity Metrics (Slow 1100mv 85c Model)
 37. Signal Integrity Metrics (Fast 1100mv 0c Model)
 38. Signal Integrity Metrics (Fast 1100mv 85c Model)
 39. Setup Transfers
 40. Hold Transfers
 41. Report TCCS
 42. Report RSKM
 43. Unconstrained Paths Summary
 44. Clock Status Summary
 45. Unconstrained Input Ports
 46. Unconstrained Output Ports
 47. Unconstrained Input Ports
 48. Unconstrained Output Ports
 49. Timing Analyzer Messages



----------------
; Legal Notice ;
----------------
Copyright (C) 2020  Intel Corporation. All rights reserved.
Your use of Intel Corporation's design tools, logic functions 
and other software and tools, and any partner logic 
functions, and any output files from any of the foregoing 
(including device programming or simulation files), and any 
associated documentation or information are expressly subject 
to the terms and conditions of the Intel Program License 
Subscription Agreement, the Intel Quartus Prime License Agreement,
the Intel FPGA IP License Agreement, or other applicable license
agreement, including, without limitation, that your use is for
the sole purpose of programming logic devices manufactured by
Intel and sold by Intel or its authorized distributors.  Please
refer to the applicable agreement for further details, at
https://fpgasoftware.intel.com/eula.



+-----------------------------------------------------------------------------+
; Timing Analyzer Summary                                                     ;
+-----------------------+-----------------------------------------------------+
; Quartus Prime Version ; Version 20.1.0 Build 711 06/05/2020 SJ Lite Edition ;
; Timing Analyzer       ; Legacy Timing Analyzer                              ;
; Revision Name         ; t1c_riscv_cpu                                       ;
; Device Family         ; Cyclone V                                           ;
; Device Name           ; 5CGXFC7D6F27I7                                      ;
; Timing Models         ; Final                                               ;
; Delay Model           ; Combined                                            ;
; Rise/Fall Delays      ; Enabled                                             ;
+-----------------------+-----------------------------------------------------+


+------------------------------------------+
; Parallel Compilation                     ;
+----------------------------+-------------+
; Processors                 ; Number      ;
+----------------------------+-------------+
; Number detected on machine ; 12          ;
; Maximum allowed            ; 12          ;
;                            ;             ;
; Average used               ; 3.97        ;
; Maximum used               ; 12          ;
;                            ;             ;
; Usage by Processor         ; % Time Used ;
;     Processor 1            ; 100.0%      ;
;     Processor 2            ;  85.2%      ;
;     Processor 3            ;  85.1%      ;
;     Processor 4            ;  85.0%      ;
;     Processor 5            ;   5.2%      ;
;     Processor 6            ;   5.2%      ;
;     Processor 7            ;   5.2%      ;
;     Processor 8            ;   5.2%      ;
;     Processor 9            ;   5.2%      ;
;     Processor 10           ;   5.2%      ;
;     Processor 11           ;   5.2%      ;
;     Processor 12           ;   5.2%      ;
+----------------------------+-------------+


+---------------------------------------------------------------------------------------------------------------------------------------------------------------------------------+
; Clocks                                                                                                                                                                          ;
+------------+------+--------+------------+-------+-------+------------+-----------+-------------+-------+--------+-----------+------------+----------+--------+--------+---------+
; Clock Name ; Type ; Period ; Frequency  ; Rise  ; Fall  ; Duty Cycle ; Divide by ; Multiply by ; Phase ; Offset ; Edge List ; Edge Shift ; Inverted ; Master ; Source ; Targets ;
+------------+------+--------+------------+-------+-------+------------+-----------+-------------+-------+--------+-----------+------------+----------+--------+--------+---------+
; clk        ; Base ; 1.000  ; 1000.0 MHz ; 0.000 ; 0.500 ;            ;           ;             ;       ;        ;           ;            ;          ;        ;        ; { clk } ;
+------------+------+--------+------------+-------+-------+------------+-----------+-------------+-------+--------+-----------+------------+----------+--------+--------+---------+


+------------------------------------------------+
; Slow 1100mV 85C Model Fmax Summary             ;
+----------+-----------------+------------+------+
; Fmax     ; Restricted Fmax ; Clock Name ; Note ;
+----------+-----------------+------------+------+
; 9.53 MHz ; 9.53 MHz        ; clk        ;      ;
+----------+-----------------+------------+------+
This panel reports FMAX for every clock in the design, regardless of the user-specified clock periods.  FMAX is only computed for paths where the source and destination registers or ports are driven by the same clock.  Paths of different clocks, including generated clocks, are ignored.  For paths between a clock and its inversion, FMAX is computed as if the rising and falling edges are scaled along with FMAX, such that the duty cycle (in terms of a percentage) is maintained. Altera recommends that you always use clock constraints and other slack reports for sign-off analysis.


----------------------------------
; Timing Closure Recommendations ;
----------------------------------
HTML report is unavailable in plain text report export.


+-------------------------------------+
; Slow 1100mV 85C Model Setup Summary ;
+-------+----------+------------------+
; Clock ; Slack    ; End Point TNS    ;
+-------+----------+------------------+
; clk   ; -103.895 ; -311590.188      ;
+-------+----------+------------------+


+------------------------------------+
; Slow 1100mV 85C Model Hold Summary ;
+-------+-------+--------------------+
; Clock ; Slack ; End Point TNS      ;
+-------+-------+--------------------+
; clk   ; 1.095 ; 0.000              ;
+-------+-------+--------------------+


------------------------------------------
; Slow 1100mV 85C Model Recovery Summary ;
------------------------------------------
No paths to report.


-----------------------------------------
; Slow 1100mV 85C Model Removal Summary ;
-----------------------------------------
No paths to report.


+---------------------------------------------------+
; Slow 1100mV 85C Model Minimum Pulse Width Summary ;
+-------+--------+----------------------------------+
; Clock ; Slack  ; End Point TNS                    ;
+-------+--------+----------------------------------+
; clk   ; -0.538 ; -2421.781                        ;
+-------+--------+----------------------------------+


-----------------------------------------------
; Slow 1100mV 85C Model Metastability Summary ;
-----------------------------------------------
No synchronizer chains to report.


+------------------------------------------------+
; Slow 1100mV 0C Model Fmax Summary              ;
+----------+-----------------+------------+------+
; Fmax     ; Restricted Fmax ; Clock Name ; Note ;
+----------+-----------------+------------+------+
; 9.26 MHz ; 9.26 MHz        ; clk        ;      ;
+----------+-----------------+------------+------+
This panel reports FMAX for every clock in the design, regardless of the user-specified clock periods.  FMAX is only computed for paths where the source and destination registers or ports are driven by the same clock.  Paths of different clocks, including generated clocks, are ignored.  For paths between a clock and its inversion, FMAX is computed as if the rising and falling edges are scaled along with FMAX, such that the duty cycle (in terms of a percentage) is maintained. Altera recommends that you always use clock constraints and other slack reports for sign-off analysis.


+------------------------------------+
; Slow 1100mV 0C Model Setup Summary ;
+-------+----------+-----------------+
; Clock ; Slack    ; End Point TNS   ;
+-------+----------+-----------------+
; clk   ; -107.002 ; -321841.915     ;
+-------+----------+-----------------+


+-----------------------------------+
; Slow 1100mV 0C Model Hold Summary ;
+-------+-------+-------------------+
; Clock ; Slack ; End Point TNS     ;
+-------+-------+-------------------+
; clk   ; 1.134 ; 0.000             ;
+-------+-------+-------------------+


-----------------------------------------
; Slow 1100mV 0C Model Recovery Summary ;
-----------------------------------------
No paths to report.


----------------------------------------
; Slow 1100mV 0C Model Removal Summary ;
----------------------------------------
No paths to report.


+--------------------------------------------------+
; Slow 1100mV 0C Model Minimum Pulse Width Summary ;
+-------+--------+---------------------------------+
; Clock ; Slack  ; End Point TNS                   ;
+-------+--------+---------------------------------+
; clk   ; -0.538 ; -2441.397                       ;
+-------+--------+---------------------------------+


----------------------------------------------
; Slow 1100mV 0C Model Metastability Summary ;
----------------------------------------------
No synchronizer chains to report.


+-------------------------------------+
; Fast 1100mV 85C Model Setup Summary ;
+-------+---------+-------------------+
; Clock ; Slack   ; End Point TNS     ;
+-------+---------+-------------------+
; clk   ; -50.614 ; -150936.851       ;
+-------+---------+-------------------+


+------------------------------------+
; Fast 1100mV 85C Model Hold Summary ;
+-------+-------+--------------------+
; Clock ; Slack ; End Point TNS      ;
+-------+-------+--------------------+
; clk   ; 0.477 ; 0.000              ;
+-------+-------+--------------------+


------------------------------------------
; Fast 1100mV 85C Model Recovery Summary ;
------------------------------------------
No paths to report.


-----------------------------------------
; Fast 1100mV 85C Model Removal Summary ;
-----------------------------------------
No paths to report.


+---------------------------------------------------+
; Fast 1100mV 85C Model Minimum Pulse Width Summary ;
+-------+--------+----------------------------------+
; Clock ; Slack  ; End Point TNS                    ;
+-------+--------+----------------------------------+
; clk   ; -0.100 ; -293.223                         ;
+-------+--------+----------------------------------+


-----------------------------------------------
; Fast 1100mV 85C Model Metastability Summary ;
-----------------------------------------------
No synchronizer chains to report.


+------------------------------------+
; Fast 1100mV 0C Model Setup Summary ;
+-------+---------+------------------+
; Clock ; Slack   ; End Point TNS    ;
+-------+---------+------------------+
; clk   ; -47.230 ; -141103.919      ;
+-------+---------+------------------+


+-----------------------------------+
; Fast 1100mV 0C Model Hold Summary ;
+-------+-------+-------------------+
; Clock ; Slack ; End Point TNS     ;
+-------+-------+-------------------+
; clk   ; 0.458 ; 0.000             ;
+-------+-------+-------------------+


-----------------------------------------
; Fast 1100mV 0C Model Recovery Summary ;
-----------------------------------------
No paths to report.


----------------------------------------
; Fast 1100mV 0C Model Removal Summary ;
----------------------------------------
No paths to report.


+--------------------------------------------------+
; Fast 1100mV 0C Model Minimum Pulse Width Summary ;
+-------+--------+---------------------------------+
; Clock ; Slack  ; End Point TNS                   ;
+-------+--------+---------------------------------+
; clk   ; -0.099 ; -291.171                        ;
+-------+--------+---------------------------------+


----------------------------------------------
; Fast 1100mV 0C Model Metastability Summary ;
----------------------------------------------
No synchronizer chains to report.


+-----------------------------------------------------------------------------------+
; Multicorner Timing Analysis Summary                                               ;
+------------------+-------------+-------+----------+---------+---------------------+
; Clock            ; Setup       ; Hold  ; Recovery ; Removal ; Minimum Pulse Width ;
+------------------+-------------+-------+----------+---------+---------------------+
; Worst-case Slack ; -107.002    ; 0.458 ; N/A      ; N/A     ; -0.538              ;
;  clk             ; -107.002    ; 0.458 ; N/A      ; N/A     ; -0.538              ;
; Design-wide TNS  ; -321841.915 ; 0.0   ; 0.0      ; 0.0     ; -2441.397           ;
;  clk             ; -321841.915 ; 0.000 ; N/A      ; N/A     ; -2441.397           ;
+------------------+-------------+-------+----------+---------+---------------------+


+------------------------------------------------------------------------------------------------------------------------------------------------------------------------------------------------------------------------------------------------------------------------------------------------------------------------------------------------------------------------------------------------------------------+
; Board Trace Model Assignments                                                                                                                                                                                                                                                                                                                                                                                    ;
+---------------+--------------+-------------------+-------------------------+-------------------------+---------------+---------------------+----------------+------------------+--------+------------------+------------------------+------------------------+--------------+---------------+-----------------+-------+---------------------+--------------------+---------------+-----------------+-------------+
; Pin           ; I/O Standard ; Near Tline Length ; Near Tline L per Length ; Near Tline C per Length ; Near Series R ; Near Differential R ; Near Pull-up R ; Near Pull-down R ; Near C ; Far Tline Length ; Far Tline L per Length ; Far Tline C per Length ; Far Series R ; Far Pull-up R ; Far Pull-down R ; Far C ; Termination Voltage ; Far Differential R ; EBD File Name ; EBD Signal Name ; EBD Far-end ;
+---------------+--------------+-------------------+-------------------------+-------------------------+---------------+---------------------+----------------+------------------+--------+------------------+------------------------+------------------------+--------------+---------------+-----------------+-------+---------------------+--------------------+---------------+-----------------+-------------+
; MemWrite      ; 2.5 V        ; 0 in              ; 0 H/in                  ; 0 F/in                  ; short         ; -                   ; open           ; open             ; open   ; 0 in             ; 0 H/in                 ; 0 F/in                 ; short        ; open          ; open            ; open  ; 0 V                 ; -                  ; n/a           ; n/a             ; n/a         ;
; WriteData[0]  ; 2.5 V        ; 0 in              ; 0 H/in                  ; 0 F/in                  ; short         ; -                   ; open           ; open             ; open   ; 0 in             ; 0 H/in                 ; 0 F/in                 ; short        ; open          ; open            ; open  ; 0 V                 ; -                  ; n/a           ; n/a             ; n/a         ;
; WriteData[1]  ; 2.5 V        ; 0 in              ; 0 H/in                  ; 0 F/in                  ; short         ; -                   ; open           ; open             ; open   ; 0 in             ; 0 H/in                 ; 0 F/in                 ; short        ; open          ; open            ; open  ; 0 V                 ; -                  ; n/a           ; n/a             ; n/a         ;
; WriteData[2]  ; 2.5 V        ; 0 in              ; 0 H/in                  ; 0 F/in                  ; short         ; -                   ; open           ; open             ; open   ; 0 in             ; 0 H/in                 ; 0 F/in                 ; short        ; open          ; open            ; open  ; 0 V                 ; -                  ; n/a           ; n/a             ; n/a         ;
; WriteData[3]  ; 2.5 V        ; 0 in              ; 0 H/in                  ; 0 F/in                  ; short         ; -                   ; open           ; open             ; open   ; 0 in             ; 0 H/in                 ; 0 F/in                 ; short        ; open          ; open            ; open  ; 0 V                 ; -                  ; n/a           ; n/a             ; n/a         ;
; WriteData[4]  ; 2.5 V        ; 0 in              ; 0 H/in                  ; 0 F/in                  ; short         ; -                   ; open           ; open             ; open   ; 0 in             ; 0 H/in                 ; 0 F/in                 ; short        ; open          ; open            ; open  ; 0 V                 ; -                  ; n/a           ; n/a             ; n/a         ;
; WriteData[5]  ; 2.5 V        ; 0 in              ; 0 H/in                  ; 0 F/in                  ; short         ; -                   ; open           ; open             ; open   ; 0 in             ; 0 H/in                 ; 0 F/in                 ; short        ; open          ; open            ; open  ; 0 V                 ; -                  ; n/a           ; n/a             ; n/a         ;
; WriteData[6]  ; 2.5 V        ; 0 in              ; 0 H/in                  ; 0 F/in                  ; short         ; -                   ; open           ; open             ; open   ; 0 in             ; 0 H/in                 ; 0 F/in                 ; short        ; open          ; open            ; open  ; 0 V                 ; -                  ; n/a           ; n/a             ; n/a         ;
; WriteData[7]  ; 2.5 V        ; 0 in              ; 0 H/in                  ; 0 F/in                  ; short         ; -                   ; open           ; open             ; open   ; 0 in             ; 0 H/in                 ; 0 F/in                 ; short        ; open          ; open            ; open  ; 0 V                 ; -                  ; n/a           ; n/a             ; n/a         ;
; WriteData[8]  ; 2.5 V        ; 0 in              ; 0 H/in                  ; 0 F/in                  ; short         ; -                   ; open           ; open             ; open   ; 0 in             ; 0 H/in                 ; 0 F/in                 ; short        ; open          ; open            ; open  ; 0 V                 ; -                  ; n/a           ; n/a             ; n/a         ;
; WriteData[9]  ; 2.5 V        ; 0 in              ; 0 H/in                  ; 0 F/in                  ; short         ; -                   ; open           ; open             ; open   ; 0 in             ; 0 H/in                 ; 0 F/in                 ; short        ; open          ; open            ; open  ; 0 V                 ; -                  ; n/a           ; n/a             ; n/a         ;
; WriteData[10] ; 2.5 V        ; 0 in              ; 0 H/in                  ; 0 F/in                  ; short         ; -                   ; open           ; open             ; open   ; 0 in             ; 0 H/in                 ; 0 F/in                 ; short        ; open          ; open            ; open  ; 0 V                 ; -                  ; n/a           ; n/a             ; n/a         ;
; WriteData[11] ; 2.5 V        ; 0 in              ; 0 H/in                  ; 0 F/in                  ; short         ; -                   ; open           ; open             ; open   ; 0 in             ; 0 H/in                 ; 0 F/in                 ; short        ; open          ; open            ; open  ; 0 V                 ; -                  ; n/a           ; n/a             ; n/a         ;
; WriteData[12] ; 2.5 V        ; 0 in              ; 0 H/in                  ; 0 F/in                  ; short         ; -                   ; open           ; open             ; open   ; 0 in             ; 0 H/in                 ; 0 F/in                 ; short        ; open          ; open            ; open  ; 0 V                 ; -                  ; n/a           ; n/a             ; n/a         ;
; WriteData[13] ; 2.5 V        ; 0 in              ; 0 H/in                  ; 0 F/in                  ; short         ; -                   ; open           ; open             ; open   ; 0 in             ; 0 H/in                 ; 0 F/in                 ; short        ; open          ; open            ; open  ; 0 V                 ; -                  ; n/a           ; n/a             ; n/a         ;
; WriteData[14] ; 2.5 V        ; 0 in              ; 0 H/in                  ; 0 F/in                  ; short         ; -                   ; open           ; open             ; open   ; 0 in             ; 0 H/in                 ; 0 F/in                 ; short        ; open          ; open            ; open  ; 0 V                 ; -                  ; n/a           ; n/a             ; n/a         ;
; WriteData[15] ; 2.5 V        ; 0 in              ; 0 H/in                  ; 0 F/in                  ; short         ; -                   ; open           ; open             ; open   ; 0 in             ; 0 H/in                 ; 0 F/in                 ; short        ; open          ; open            ; open  ; 0 V                 ; -                  ; n/a           ; n/a             ; n/a         ;
; WriteData[16] ; 2.5 V        ; 0 in              ; 0 H/in                  ; 0 F/in                  ; short         ; -                   ; open           ; open             ; open   ; 0 in             ; 0 H/in                 ; 0 F/in                 ; short        ; open          ; open            ; open  ; 0 V                 ; -                  ; n/a           ; n/a             ; n/a         ;
; WriteData[17] ; 2.5 V        ; 0 in              ; 0 H/in                  ; 0 F/in                  ; short         ; -                   ; open           ; open             ; open   ; 0 in             ; 0 H/in                 ; 0 F/in                 ; short        ; open          ; open            ; open  ; 0 V                 ; -                  ; n/a           ; n/a             ; n/a         ;
; WriteData[18] ; 2.5 V        ; 0 in              ; 0 H/in                  ; 0 F/in                  ; short         ; -                   ; open           ; open             ; open   ; 0 in             ; 0 H/in                 ; 0 F/in                 ; short        ; open          ; open            ; open  ; 0 V                 ; -                  ; n/a           ; n/a             ; n/a         ;
; WriteData[19] ; 2.5 V        ; 0 in              ; 0 H/in                  ; 0 F/in                  ; short         ; -                   ; open           ; open             ; open   ; 0 in             ; 0 H/in                 ; 0 F/in                 ; short        ; open          ; open            ; open  ; 0 V                 ; -                  ; n/a           ; n/a             ; n/a         ;
; WriteData[20] ; 2.5 V        ; 0 in              ; 0 H/in                  ; 0 F/in                  ; short         ; -                   ; open           ; open             ; open   ; 0 in             ; 0 H/in                 ; 0 F/in                 ; short        ; open          ; open            ; open  ; 0 V                 ; -                  ; n/a           ; n/a             ; n/a         ;
; WriteData[21] ; 2.5 V        ; 0 in              ; 0 H/in                  ; 0 F/in                  ; short         ; -                   ; open           ; open             ; open   ; 0 in             ; 0 H/in                 ; 0 F/in                 ; short        ; open          ; open            ; open  ; 0 V                 ; -                  ; n/a           ; n/a             ; n/a         ;
; WriteData[22] ; 2.5 V        ; 0 in              ; 0 H/in                  ; 0 F/in                  ; short         ; -                   ; open           ; open             ; open   ; 0 in             ; 0 H/in                 ; 0 F/in                 ; short        ; open          ; open            ; open  ; 0 V                 ; -                  ; n/a           ; n/a             ; n/a         ;
; WriteData[23] ; 2.5 V        ; 0 in              ; 0 H/in                  ; 0 F/in                  ; short         ; -                   ; open           ; open             ; open   ; 0 in             ; 0 H/in                 ; 0 F/in                 ; short        ; open          ; open            ; open  ; 0 V                 ; -                  ; n/a           ; n/a             ; n/a         ;
; WriteData[24] ; 2.5 V        ; 0 in              ; 0 H/in                  ; 0 F/in                  ; short         ; -                   ; open           ; open             ; open   ; 0 in             ; 0 H/in                 ; 0 F/in                 ; short        ; open          ; open            ; open  ; 0 V                 ; -                  ; n/a           ; n/a             ; n/a         ;
; WriteData[25] ; 2.5 V        ; 0 in              ; 0 H/in                  ; 0 F/in                  ; short         ; -                   ; open           ; open             ; open   ; 0 in             ; 0 H/in                 ; 0 F/in                 ; short        ; open          ; open            ; open  ; 0 V                 ; -                  ; n/a           ; n/a             ; n/a         ;
; WriteData[26] ; 2.5 V        ; 0 in              ; 0 H/in                  ; 0 F/in                  ; short         ; -                   ; open           ; open             ; open   ; 0 in             ; 0 H/in                 ; 0 F/in                 ; short        ; open          ; open            ; open  ; 0 V                 ; -                  ; n/a           ; n/a             ; n/a         ;
; WriteData[27] ; 2.5 V        ; 0 in              ; 0 H/in                  ; 0 F/in                  ; short         ; -                   ; open           ; open             ; open   ; 0 in             ; 0 H/in                 ; 0 F/in                 ; short        ; open          ; open            ; open  ; 0 V                 ; -                  ; n/a           ; n/a             ; n/a         ;
; WriteData[28] ; 2.5 V        ; 0 in              ; 0 H/in                  ; 0 F/in                  ; short         ; -                   ; open           ; open             ; open   ; 0 in             ; 0 H/in                 ; 0 F/in                 ; short        ; open          ; open            ; open  ; 0 V                 ; -                  ; n/a           ; n/a             ; n/a         ;
; WriteData[29] ; 2.5 V        ; 0 in              ; 0 H/in                  ; 0 F/in                  ; short         ; -                   ; open           ; open             ; open   ; 0 in             ; 0 H/in                 ; 0 F/in                 ; short        ; open          ; open            ; open  ; 0 V                 ; -                  ; n/a           ; n/a             ; n/a         ;
; WriteData[30] ; 2.5 V        ; 0 in              ; 0 H/in                  ; 0 F/in                  ; short         ; -                   ; open           ; open             ; open   ; 0 in             ; 0 H/in                 ; 0 F/in                 ; short        ; open          ; open            ; open  ; 0 V                 ; -                  ; n/a           ; n/a             ; n/a         ;
; WriteData[31] ; 2.5 V        ; 0 in              ; 0 H/in                  ; 0 F/in                  ; short         ; -                   ; open           ; open             ; open   ; 0 in             ; 0 H/in                 ; 0 F/in                 ; short        ; open          ; open            ; open  ; 0 V                 ; -                  ; n/a           ; n/a             ; n/a         ;
; DataAdr[0]    ; 2.5 V        ; 0 in              ; 0 H/in                  ; 0 F/in                  ; short         ; -                   ; open           ; open             ; open   ; 0 in             ; 0 H/in                 ; 0 F/in                 ; short        ; open          ; open            ; open  ; 0 V                 ; -                  ; n/a           ; n/a             ; n/a         ;
; DataAdr[1]    ; 2.5 V        ; 0 in              ; 0 H/in                  ; 0 F/in                  ; short         ; -                   ; open           ; open             ; open   ; 0 in             ; 0 H/in                 ; 0 F/in                 ; short        ; open          ; open            ; open  ; 0 V                 ; -                  ; n/a           ; n/a             ; n/a         ;
; DataAdr[2]    ; 2.5 V        ; 0 in              ; 0 H/in                  ; 0 F/in                  ; short         ; -                   ; open           ; open             ; open   ; 0 in             ; 0 H/in                 ; 0 F/in                 ; short        ; open          ; open            ; open  ; 0 V                 ; -                  ; n/a           ; n/a             ; n/a         ;
; DataAdr[3]    ; 2.5 V        ; 0 in              ; 0 H/in                  ; 0 F/in                  ; short         ; -                   ; open           ; open             ; open   ; 0 in             ; 0 H/in                 ; 0 F/in                 ; short        ; open          ; open            ; open  ; 0 V                 ; -                  ; n/a           ; n/a             ; n/a         ;
; DataAdr[4]    ; 2.5 V        ; 0 in              ; 0 H/in                  ; 0 F/in                  ; short         ; -                   ; open           ; open             ; open   ; 0 in             ; 0 H/in                 ; 0 F/in                 ; short        ; open          ; open            ; open  ; 0 V                 ; -                  ; n/a           ; n/a             ; n/a         ;
; DataAdr[5]    ; 2.5 V        ; 0 in              ; 0 H/in                  ; 0 F/in                  ; short         ; -                   ; open           ; open             ; open   ; 0 in             ; 0 H/in                 ; 0 F/in                 ; short        ; open          ; open            ; open  ; 0 V                 ; -                  ; n/a           ; n/a             ; n/a         ;
; DataAdr[6]    ; 2.5 V        ; 0 in              ; 0 H/in                  ; 0 F/in                  ; short         ; -                   ; open           ; open             ; open   ; 0 in             ; 0 H/in                 ; 0 F/in                 ; short        ; open          ; open            ; open  ; 0 V                 ; -                  ; n/a           ; n/a             ; n/a         ;
; DataAdr[7]    ; 2.5 V        ; 0 in              ; 0 H/in                  ; 0 F/in                  ; short         ; -                   ; open           ; open             ; open   ; 0 in             ; 0 H/in                 ; 0 F/in                 ; short        ; open          ; open            ; open  ; 0 V                 ; -                  ; n/a           ; n/a             ; n/a         ;
; DataAdr[8]    ; 2.5 V        ; 0 in              ; 0 H/in                  ; 0 F/in                  ; short         ; -                   ; open           ; open             ; open   ; 0 in             ; 0 H/in                 ; 0 F/in                 ; short        ; open          ; open            ; open  ; 0 V                 ; -                  ; n/a           ; n/a             ; n/a         ;
; DataAdr[9]    ; 2.5 V        ; 0 in              ; 0 H/in                  ; 0 F/in                  ; short         ; -                   ; open           ; open             ; open   ; 0 in             ; 0 H/in                 ; 0 F/in                 ; short        ; open          ; open            ; open  ; 0 V                 ; -                  ; n/a           ; n/a             ; n/a         ;
; DataAdr[10]   ; 2.5 V        ; 0 in              ; 0 H/in                  ; 0 F/in                  ; short         ; -                   ; open           ; open             ; open   ; 0 in             ; 0 H/in                 ; 0 F/in                 ; short        ; open          ; open            ; open  ; 0 V                 ; -                  ; n/a           ; n/a             ; n/a         ;
; DataAdr[11]   ; 2.5 V        ; 0 in              ; 0 H/in                  ; 0 F/in                  ; short         ; -                   ; open           ; open             ; open   ; 0 in             ; 0 H/in                 ; 0 F/in                 ; short        ; open          ; open            ; open  ; 0 V                 ; -                  ; n/a           ; n/a             ; n/a         ;
; DataAdr[12]   ; 2.5 V        ; 0 in              ; 0 H/in                  ; 0 F/in                  ; short         ; -                   ; open           ; open             ; open   ; 0 in             ; 0 H/in                 ; 0 F/in                 ; short        ; open          ; open            ; open  ; 0 V                 ; -                  ; n/a           ; n/a             ; n/a         ;
; DataAdr[13]   ; 2.5 V        ; 0 in              ; 0 H/in                  ; 0 F/in                  ; short         ; -                   ; open           ; open             ; open   ; 0 in             ; 0 H/in                 ; 0 F/in                 ; short        ; open          ; open            ; open  ; 0 V                 ; -                  ; n/a           ; n/a             ; n/a         ;
; DataAdr[14]   ; 2.5 V        ; 0 in              ; 0 H/in                  ; 0 F/in                  ; short         ; -                   ; open           ; open             ; open   ; 0 in             ; 0 H/in                 ; 0 F/in                 ; short        ; open          ; open            ; open  ; 0 V                 ; -                  ; n/a           ; n/a             ; n/a         ;
; DataAdr[15]   ; 2.5 V        ; 0 in              ; 0 H/in                  ; 0 F/in                  ; short         ; -                   ; open           ; open             ; open   ; 0 in             ; 0 H/in                 ; 0 F/in                 ; short        ; open          ; open            ; open  ; 0 V                 ; -                  ; n/a           ; n/a             ; n/a         ;
; DataAdr[16]   ; 2.5 V        ; 0 in              ; 0 H/in                  ; 0 F/in                  ; short         ; -                   ; open           ; open             ; open   ; 0 in             ; 0 H/in                 ; 0 F/in                 ; short        ; open          ; open            ; open  ; 0 V                 ; -                  ; n/a           ; n/a             ; n/a         ;
; DataAdr[17]   ; 2.5 V        ; 0 in              ; 0 H/in                  ; 0 F/in                  ; short         ; -                   ; open           ; open             ; open   ; 0 in             ; 0 H/in                 ; 0 F/in                 ; short        ; open          ; open            ; open  ; 0 V                 ; -                  ; n/a           ; n/a             ; n/a         ;
; DataAdr[18]   ; 2.5 V        ; 0 in              ; 0 H/in                  ; 0 F/in                  ; short         ; -                   ; open           ; open             ; open   ; 0 in             ; 0 H/in                 ; 0 F/in                 ; short        ; open          ; open            ; open  ; 0 V                 ; -                  ; n/a           ; n/a             ; n/a         ;
; DataAdr[19]   ; 2.5 V        ; 0 in              ; 0 H/in                  ; 0 F/in                  ; short         ; -                   ; open           ; open             ; open   ; 0 in             ; 0 H/in                 ; 0 F/in                 ; short        ; open          ; open            ; open  ; 0 V                 ; -                  ; n/a           ; n/a             ; n/a         ;
; DataAdr[20]   ; 2.5 V        ; 0 in              ; 0 H/in                  ; 0 F/in                  ; short         ; -                   ; open           ; open             ; open   ; 0 in             ; 0 H/in                 ; 0 F/in                 ; short        ; open          ; open            ; open  ; 0 V                 ; -                  ; n/a           ; n/a             ; n/a         ;
; DataAdr[21]   ; 2.5 V        ; 0 in              ; 0 H/in                  ; 0 F/in                  ; short         ; -                   ; open           ; open             ; open   ; 0 in             ; 0 H/in                 ; 0 F/in                 ; short        ; open          ; open            ; open  ; 0 V                 ; -                  ; n/a           ; n/a             ; n/a         ;
; DataAdr[22]   ; 2.5 V        ; 0 in              ; 0 H/in                  ; 0 F/in                  ; short         ; -                   ; open           ; open             ; open   ; 0 in             ; 0 H/in                 ; 0 F/in                 ; short        ; open          ; open            ; open  ; 0 V                 ; -                  ; n/a           ; n/a             ; n/a         ;
; DataAdr[23]   ; 2.5 V        ; 0 in              ; 0 H/in                  ; 0 F/in                  ; short         ; -                   ; open           ; open             ; open   ; 0 in             ; 0 H/in                 ; 0 F/in                 ; short        ; open          ; open            ; open  ; 0 V                 ; -                  ; n/a           ; n/a             ; n/a         ;
; DataAdr[24]   ; 2.5 V        ; 0 in              ; 0 H/in                  ; 0 F/in                  ; short         ; -                   ; open           ; open             ; open   ; 0 in             ; 0 H/in                 ; 0 F/in                 ; short        ; open          ; open            ; open  ; 0 V                 ; -                  ; n/a           ; n/a             ; n/a         ;
; DataAdr[25]   ; 2.5 V        ; 0 in              ; 0 H/in                  ; 0 F/in                  ; short         ; -                   ; open           ; open             ; open   ; 0 in             ; 0 H/in                 ; 0 F/in                 ; short        ; open          ; open            ; open  ; 0 V                 ; -                  ; n/a           ; n/a             ; n/a         ;
; DataAdr[26]   ; 2.5 V        ; 0 in              ; 0 H/in                  ; 0 F/in                  ; short         ; -                   ; open           ; open             ; open   ; 0 in             ; 0 H/in                 ; 0 F/in                 ; short        ; open          ; open            ; open  ; 0 V                 ; -                  ; n/a           ; n/a             ; n/a         ;
; DataAdr[27]   ; 2.5 V        ; 0 in              ; 0 H/in                  ; 0 F/in                  ; short         ; -                   ; open           ; open             ; open   ; 0 in             ; 0 H/in                 ; 0 F/in                 ; short        ; open          ; open            ; open  ; 0 V                 ; -                  ; n/a           ; n/a             ; n/a         ;
; DataAdr[28]   ; 2.5 V        ; 0 in              ; 0 H/in                  ; 0 F/in                  ; short         ; -                   ; open           ; open             ; open   ; 0 in             ; 0 H/in                 ; 0 F/in                 ; short        ; open          ; open            ; open  ; 0 V                 ; -                  ; n/a           ; n/a             ; n/a         ;
; DataAdr[29]   ; 2.5 V        ; 0 in              ; 0 H/in                  ; 0 F/in                  ; short         ; -                   ; open           ; open             ; open   ; 0 in             ; 0 H/in                 ; 0 F/in                 ; short        ; open          ; open            ; open  ; 0 V                 ; -                  ; n/a           ; n/a             ; n/a         ;
; DataAdr[30]   ; 2.5 V        ; 0 in              ; 0 H/in                  ; 0 F/in                  ; short         ; -                   ; open           ; open             ; open   ; 0 in             ; 0 H/in                 ; 0 F/in                 ; short        ; open          ; open            ; open  ; 0 V                 ; -                  ; n/a           ; n/a             ; n/a         ;
; DataAdr[31]   ; 2.5 V        ; 0 in              ; 0 H/in                  ; 0 F/in                  ; short         ; -                   ; open           ; open             ; open   ; 0 in             ; 0 H/in                 ; 0 F/in                 ; short        ; open          ; open            ; open  ; 0 V                 ; -                  ; n/a           ; n/a             ; n/a         ;
; ReadData[0]   ; 2.5 V        ; 0 in              ; 0 H/in                  ; 0 F/in                  ; short         ; -                   ; open           ; open             ; open   ; 0 in             ; 0 H/in                 ; 0 F/in                 ; short        ; open          ; open            ; open  ; 0 V                 ; -                  ; n/a           ; n/a             ; n/a         ;
; ReadData[1]   ; 2.5 V        ; 0 in              ; 0 H/in                  ; 0 F/in                  ; short         ; -                   ; open           ; open             ; open   ; 0 in             ; 0 H/in                 ; 0 F/in                 ; short        ; open          ; open            ; open  ; 0 V                 ; -                  ; n/a           ; n/a             ; n/a         ;
; ReadData[2]   ; 2.5 V        ; 0 in              ; 0 H/in                  ; 0 F/in                  ; short         ; -                   ; open           ; open             ; open   ; 0 in             ; 0 H/in                 ; 0 F/in                 ; short        ; open          ; open            ; open  ; 0 V                 ; -                  ; n/a           ; n/a             ; n/a         ;
; ReadData[3]   ; 2.5 V        ; 0 in              ; 0 H/in                  ; 0 F/in                  ; short         ; -                   ; open           ; open             ; open   ; 0 in             ; 0 H/in                 ; 0 F/in                 ; short        ; open          ; open            ; open  ; 0 V                 ; -                  ; n/a           ; n/a             ; n/a         ;
; ReadData[4]   ; 2.5 V        ; 0 in              ; 0 H/in                  ; 0 F/in                  ; short         ; -                   ; open           ; open             ; open   ; 0 in             ; 0 H/in                 ; 0 F/in                 ; short        ; open          ; open            ; open  ; 0 V                 ; -                  ; n/a           ; n/a             ; n/a         ;
; ReadData[5]   ; 2.5 V        ; 0 in              ; 0 H/in                  ; 0 F/in                  ; short         ; -                   ; open           ; open             ; open   ; 0 in             ; 0 H/in                 ; 0 F/in                 ; short        ; open          ; open            ; open  ; 0 V                 ; -                  ; n/a           ; n/a             ; n/a         ;
; ReadData[6]   ; 2.5 V        ; 0 in              ; 0 H/in                  ; 0 F/in                  ; short         ; -                   ; open           ; open             ; open   ; 0 in             ; 0 H/in                 ; 0 F/in                 ; short        ; open          ; open            ; open  ; 0 V                 ; -                  ; n/a           ; n/a             ; n/a         ;
; ReadData[7]   ; 2.5 V        ; 0 in              ; 0 H/in                  ; 0 F/in                  ; short         ; -                   ; open           ; open             ; open   ; 0 in             ; 0 H/in                 ; 0 F/in                 ; short        ; open          ; open            ; open  ; 0 V                 ; -                  ; n/a           ; n/a             ; n/a         ;
; ReadData[8]   ; 2.5 V        ; 0 in              ; 0 H/in                  ; 0 F/in                  ; short         ; -                   ; open           ; open             ; open   ; 0 in             ; 0 H/in                 ; 0 F/in                 ; short        ; open          ; open            ; open  ; 0 V                 ; -                  ; n/a           ; n/a             ; n/a         ;
; ReadData[9]   ; 2.5 V        ; 0 in              ; 0 H/in                  ; 0 F/in                  ; short         ; -                   ; open           ; open             ; open   ; 0 in             ; 0 H/in                 ; 0 F/in                 ; short        ; open          ; open            ; open  ; 0 V                 ; -                  ; n/a           ; n/a             ; n/a         ;
; ReadData[10]  ; 2.5 V        ; 0 in              ; 0 H/in                  ; 0 F/in                  ; short         ; -                   ; open           ; open             ; open   ; 0 in             ; 0 H/in                 ; 0 F/in                 ; short        ; open          ; open            ; open  ; 0 V                 ; -                  ; n/a           ; n/a             ; n/a         ;
; ReadData[11]  ; 2.5 V        ; 0 in              ; 0 H/in                  ; 0 F/in                  ; short         ; -                   ; open           ; open             ; open   ; 0 in             ; 0 H/in                 ; 0 F/in                 ; short        ; open          ; open            ; open  ; 0 V                 ; -                  ; n/a           ; n/a             ; n/a         ;
; ReadData[12]  ; 2.5 V        ; 0 in              ; 0 H/in                  ; 0 F/in                  ; short         ; -                   ; open           ; open             ; open   ; 0 in             ; 0 H/in                 ; 0 F/in                 ; short        ; open          ; open            ; open  ; 0 V                 ; -                  ; n/a           ; n/a             ; n/a         ;
; ReadData[13]  ; 2.5 V        ; 0 in              ; 0 H/in                  ; 0 F/in                  ; short         ; -                   ; open           ; open             ; open   ; 0 in             ; 0 H/in                 ; 0 F/in                 ; short        ; open          ; open            ; open  ; 0 V                 ; -                  ; n/a           ; n/a             ; n/a         ;
; ReadData[14]  ; 2.5 V        ; 0 in              ; 0 H/in                  ; 0 F/in                  ; short         ; -                   ; open           ; open             ; open   ; 0 in             ; 0 H/in                 ; 0 F/in                 ; short        ; open          ; open            ; open  ; 0 V                 ; -                  ; n/a           ; n/a             ; n/a         ;
; ReadData[15]  ; 2.5 V        ; 0 in              ; 0 H/in                  ; 0 F/in                  ; short         ; -                   ; open           ; open             ; open   ; 0 in             ; 0 H/in                 ; 0 F/in                 ; short        ; open          ; open            ; open  ; 0 V                 ; -                  ; n/a           ; n/a             ; n/a         ;
; ReadData[16]  ; 2.5 V        ; 0 in              ; 0 H/in                  ; 0 F/in                  ; short         ; -                   ; open           ; open             ; open   ; 0 in             ; 0 H/in                 ; 0 F/in                 ; short        ; open          ; open            ; open  ; 0 V                 ; -                  ; n/a           ; n/a             ; n/a         ;
; ReadData[17]  ; 2.5 V        ; 0 in              ; 0 H/in                  ; 0 F/in                  ; short         ; -                   ; open           ; open             ; open   ; 0 in             ; 0 H/in                 ; 0 F/in                 ; short        ; open          ; open            ; open  ; 0 V                 ; -                  ; n/a           ; n/a             ; n/a         ;
; ReadData[18]  ; 2.5 V        ; 0 in              ; 0 H/in                  ; 0 F/in                  ; short         ; -                   ; open           ; open             ; open   ; 0 in             ; 0 H/in                 ; 0 F/in                 ; short        ; open          ; open            ; open  ; 0 V                 ; -                  ; n/a           ; n/a             ; n/a         ;
; ReadData[19]  ; 2.5 V        ; 0 in              ; 0 H/in                  ; 0 F/in                  ; short         ; -                   ; open           ; open             ; open   ; 0 in             ; 0 H/in                 ; 0 F/in                 ; short        ; open          ; open            ; open  ; 0 V                 ; -                  ; n/a           ; n/a             ; n/a         ;
; ReadData[20]  ; 2.5 V        ; 0 in              ; 0 H/in                  ; 0 F/in                  ; short         ; -                   ; open           ; open             ; open   ; 0 in             ; 0 H/in                 ; 0 F/in                 ; short        ; open          ; open            ; open  ; 0 V                 ; -                  ; n/a           ; n/a             ; n/a         ;
; ReadData[21]  ; 2.5 V        ; 0 in              ; 0 H/in                  ; 0 F/in                  ; short         ; -                   ; open           ; open             ; open   ; 0 in             ; 0 H/in                 ; 0 F/in                 ; short        ; open          ; open            ; open  ; 0 V                 ; -                  ; n/a           ; n/a             ; n/a         ;
; ReadData[22]  ; 2.5 V        ; 0 in              ; 0 H/in                  ; 0 F/in                  ; short         ; -                   ; open           ; open             ; open   ; 0 in             ; 0 H/in                 ; 0 F/in                 ; short        ; open          ; open            ; open  ; 0 V                 ; -                  ; n/a           ; n/a             ; n/a         ;
; ReadData[23]  ; 2.5 V        ; 0 in              ; 0 H/in                  ; 0 F/in                  ; short         ; -                   ; open           ; open             ; open   ; 0 in             ; 0 H/in                 ; 0 F/in                 ; short        ; open          ; open            ; open  ; 0 V                 ; -                  ; n/a           ; n/a             ; n/a         ;
; ReadData[24]  ; 2.5 V        ; 0 in              ; 0 H/in                  ; 0 F/in                  ; short         ; -                   ; open           ; open             ; open   ; 0 in             ; 0 H/in                 ; 0 F/in                 ; short        ; open          ; open            ; open  ; 0 V                 ; -                  ; n/a           ; n/a             ; n/a         ;
; ReadData[25]  ; 2.5 V        ; 0 in              ; 0 H/in                  ; 0 F/in                  ; short         ; -                   ; open           ; open             ; open   ; 0 in             ; 0 H/in                 ; 0 F/in                 ; short        ; open          ; open            ; open  ; 0 V                 ; -                  ; n/a           ; n/a             ; n/a         ;
; ReadData[26]  ; 2.5 V        ; 0 in              ; 0 H/in                  ; 0 F/in                  ; short         ; -                   ; open           ; open             ; open   ; 0 in             ; 0 H/in                 ; 0 F/in                 ; short        ; open          ; open            ; open  ; 0 V                 ; -                  ; n/a           ; n/a             ; n/a         ;
; ReadData[27]  ; 2.5 V        ; 0 in              ; 0 H/in                  ; 0 F/in                  ; short         ; -                   ; open           ; open             ; open   ; 0 in             ; 0 H/in                 ; 0 F/in                 ; short        ; open          ; open            ; open  ; 0 V                 ; -                  ; n/a           ; n/a             ; n/a         ;
; ReadData[28]  ; 2.5 V        ; 0 in              ; 0 H/in                  ; 0 F/in                  ; short         ; -                   ; open           ; open             ; open   ; 0 in             ; 0 H/in                 ; 0 F/in                 ; short        ; open          ; open            ; open  ; 0 V                 ; -                  ; n/a           ; n/a             ; n/a         ;
; ReadData[29]  ; 2.5 V        ; 0 in              ; 0 H/in                  ; 0 F/in                  ; short         ; -                   ; open           ; open             ; open   ; 0 in             ; 0 H/in                 ; 0 F/in                 ; short        ; open          ; open            ; open  ; 0 V                 ; -                  ; n/a           ; n/a             ; n/a         ;
; ReadData[30]  ; 2.5 V        ; 0 in              ; 0 H/in                  ; 0 F/in                  ; short         ; -                   ; open           ; open             ; open   ; 0 in             ; 0 H/in                 ; 0 F/in                 ; short        ; open          ; open            ; open  ; 0 V                 ; -                  ; n/a           ; n/a             ; n/a         ;
; ReadData[31]  ; 2.5 V        ; 0 in              ; 0 H/in                  ; 0 F/in                  ; short         ; -                   ; open           ; open             ; open   ; 0 in             ; 0 H/in                 ; 0 F/in                 ; short        ; open          ; open            ; open  ; 0 V                 ; -                  ; n/a           ; n/a             ; n/a         ;
; PC[0]         ; 2.5 V        ; 0 in              ; 0 H/in                  ; 0 F/in                  ; short         ; -                   ; open           ; open             ; open   ; 0 in             ; 0 H/in                 ; 0 F/in                 ; short        ; open          ; open            ; open  ; 0 V                 ; -                  ; n/a           ; n/a             ; n/a         ;
; PC[1]         ; 2.5 V        ; 0 in              ; 0 H/in                  ; 0 F/in                  ; short         ; -                   ; open           ; open             ; open   ; 0 in             ; 0 H/in                 ; 0 F/in                 ; short        ; open          ; open            ; open  ; 0 V                 ; -                  ; n/a           ; n/a             ; n/a         ;
; PC[2]         ; 2.5 V        ; 0 in              ; 0 H/in                  ; 0 F/in                  ; short         ; -                   ; open           ; open             ; open   ; 0 in             ; 0 H/in                 ; 0 F/in                 ; short        ; open          ; open            ; open  ; 0 V                 ; -                  ; n/a           ; n/a             ; n/a         ;
; PC[3]         ; 2.5 V        ; 0 in              ; 0 H/in                  ; 0 F/in                  ; short         ; -                   ; open           ; open             ; open   ; 0 in             ; 0 H/in                 ; 0 F/in                 ; short        ; open          ; open            ; open  ; 0 V                 ; -                  ; n/a           ; n/a             ; n/a         ;
; PC[4]         ; 2.5 V        ; 0 in              ; 0 H/in                  ; 0 F/in                  ; short         ; -                   ; open           ; open             ; open   ; 0 in             ; 0 H/in                 ; 0 F/in                 ; short        ; open          ; open            ; open  ; 0 V                 ; -                  ; n/a           ; n/a             ; n/a         ;
; PC[5]         ; 2.5 V        ; 0 in              ; 0 H/in                  ; 0 F/in                  ; short         ; -                   ; open           ; open             ; open   ; 0 in             ; 0 H/in                 ; 0 F/in                 ; short        ; open          ; open            ; open  ; 0 V                 ; -                  ; n/a           ; n/a             ; n/a         ;
; PC[6]         ; 2.5 V        ; 0 in              ; 0 H/in                  ; 0 F/in                  ; short         ; -                   ; open           ; open             ; open   ; 0 in             ; 0 H/in                 ; 0 F/in                 ; short        ; open          ; open            ; open  ; 0 V                 ; -                  ; n/a           ; n/a             ; n/a         ;
; PC[7]         ; 2.5 V        ; 0 in              ; 0 H/in                  ; 0 F/in                  ; short         ; -                   ; open           ; open             ; open   ; 0 in             ; 0 H/in                 ; 0 F/in                 ; short        ; open          ; open            ; open  ; 0 V                 ; -                  ; n/a           ; n/a             ; n/a         ;
; PC[8]         ; 2.5 V        ; 0 in              ; 0 H/in                  ; 0 F/in                  ; short         ; -                   ; open           ; open             ; open   ; 0 in             ; 0 H/in                 ; 0 F/in                 ; short        ; open          ; open            ; open  ; 0 V                 ; -                  ; n/a           ; n/a             ; n/a         ;
; PC[9]         ; 2.5 V        ; 0 in              ; 0 H/in                  ; 0 F/in                  ; short         ; -                   ; open           ; open             ; open   ; 0 in             ; 0 H/in                 ; 0 F/in                 ; short        ; open          ; open            ; open  ; 0 V                 ; -                  ; n/a           ; n/a             ; n/a         ;
; PC[10]        ; 2.5 V        ; 0 in              ; 0 H/in                  ; 0 F/in                  ; short         ; -                   ; open           ; open             ; open   ; 0 in             ; 0 H/in                 ; 0 F/in                 ; short        ; open          ; open            ; open  ; 0 V                 ; -                  ; n/a           ; n/a             ; n/a         ;
; PC[11]        ; 2.5 V        ; 0 in              ; 0 H/in                  ; 0 F/in                  ; short         ; -                   ; open           ; open             ; open   ; 0 in             ; 0 H/in                 ; 0 F/in                 ; short        ; open          ; open            ; open  ; 0 V                 ; -                  ; n/a           ; n/a             ; n/a         ;
; PC[12]        ; 2.5 V        ; 0 in              ; 0 H/in                  ; 0 F/in                  ; short         ; -                   ; open           ; open             ; open   ; 0 in             ; 0 H/in                 ; 0 F/in                 ; short        ; open          ; open            ; open  ; 0 V                 ; -                  ; n/a           ; n/a             ; n/a         ;
; PC[13]        ; 2.5 V        ; 0 in              ; 0 H/in                  ; 0 F/in                  ; short         ; -                   ; open           ; open             ; open   ; 0 in             ; 0 H/in                 ; 0 F/in                 ; short        ; open          ; open            ; open  ; 0 V                 ; -                  ; n/a           ; n/a             ; n/a         ;
; PC[14]        ; 2.5 V        ; 0 in              ; 0 H/in                  ; 0 F/in                  ; short         ; -                   ; open           ; open             ; open   ; 0 in             ; 0 H/in                 ; 0 F/in                 ; short        ; open          ; open            ; open  ; 0 V                 ; -                  ; n/a           ; n/a             ; n/a         ;
; PC[15]        ; 2.5 V        ; 0 in              ; 0 H/in                  ; 0 F/in                  ; short         ; -                   ; open           ; open             ; open   ; 0 in             ; 0 H/in                 ; 0 F/in                 ; short        ; open          ; open            ; open  ; 0 V                 ; -                  ; n/a           ; n/a             ; n/a         ;
; PC[16]        ; 2.5 V        ; 0 in              ; 0 H/in                  ; 0 F/in                  ; short         ; -                   ; open           ; open             ; open   ; 0 in             ; 0 H/in                 ; 0 F/in                 ; short        ; open          ; open            ; open  ; 0 V                 ; -                  ; n/a           ; n/a             ; n/a         ;
; PC[17]        ; 2.5 V        ; 0 in              ; 0 H/in                  ; 0 F/in                  ; short         ; -                   ; open           ; open             ; open   ; 0 in             ; 0 H/in                 ; 0 F/in                 ; short        ; open          ; open            ; open  ; 0 V                 ; -                  ; n/a           ; n/a             ; n/a         ;
; PC[18]        ; 2.5 V        ; 0 in              ; 0 H/in                  ; 0 F/in                  ; short         ; -                   ; open           ; open             ; open   ; 0 in             ; 0 H/in                 ; 0 F/in                 ; short        ; open          ; open            ; open  ; 0 V                 ; -                  ; n/a           ; n/a             ; n/a         ;
; PC[19]        ; 2.5 V        ; 0 in              ; 0 H/in                  ; 0 F/in                  ; short         ; -                   ; open           ; open             ; open   ; 0 in             ; 0 H/in                 ; 0 F/in                 ; short        ; open          ; open            ; open  ; 0 V                 ; -                  ; n/a           ; n/a             ; n/a         ;
; PC[20]        ; 2.5 V        ; 0 in              ; 0 H/in                  ; 0 F/in                  ; short         ; -                   ; open           ; open             ; open   ; 0 in             ; 0 H/in                 ; 0 F/in                 ; short        ; open          ; open            ; open  ; 0 V                 ; -                  ; n/a           ; n/a             ; n/a         ;
; PC[21]        ; 2.5 V        ; 0 in              ; 0 H/in                  ; 0 F/in                  ; short         ; -                   ; open           ; open             ; open   ; 0 in             ; 0 H/in                 ; 0 F/in                 ; short        ; open          ; open            ; open  ; 0 V                 ; -                  ; n/a           ; n/a             ; n/a         ;
; PC[22]        ; 2.5 V        ; 0 in              ; 0 H/in                  ; 0 F/in                  ; short         ; -                   ; open           ; open             ; open   ; 0 in             ; 0 H/in                 ; 0 F/in                 ; short        ; open          ; open            ; open  ; 0 V                 ; -                  ; n/a           ; n/a             ; n/a         ;
; PC[23]        ; 2.5 V        ; 0 in              ; 0 H/in                  ; 0 F/in                  ; short         ; -                   ; open           ; open             ; open   ; 0 in             ; 0 H/in                 ; 0 F/in                 ; short        ; open          ; open            ; open  ; 0 V                 ; -                  ; n/a           ; n/a             ; n/a         ;
; PC[24]        ; 2.5 V        ; 0 in              ; 0 H/in                  ; 0 F/in                  ; short         ; -                   ; open           ; open             ; open   ; 0 in             ; 0 H/in                 ; 0 F/in                 ; short        ; open          ; open            ; open  ; 0 V                 ; -                  ; n/a           ; n/a             ; n/a         ;
; PC[25]        ; 2.5 V        ; 0 in              ; 0 H/in                  ; 0 F/in                  ; short         ; -                   ; open           ; open             ; open   ; 0 in             ; 0 H/in                 ; 0 F/in                 ; short        ; open          ; open            ; open  ; 0 V                 ; -                  ; n/a           ; n/a             ; n/a         ;
; PC[26]        ; 2.5 V        ; 0 in              ; 0 H/in                  ; 0 F/in                  ; short         ; -                   ; open           ; open             ; open   ; 0 in             ; 0 H/in                 ; 0 F/in                 ; short        ; open          ; open            ; open  ; 0 V                 ; -                  ; n/a           ; n/a             ; n/a         ;
; PC[27]        ; 2.5 V        ; 0 in              ; 0 H/in                  ; 0 F/in                  ; short         ; -                   ; open           ; open             ; open   ; 0 in             ; 0 H/in                 ; 0 F/in                 ; short        ; open          ; open            ; open  ; 0 V                 ; -                  ; n/a           ; n/a             ; n/a         ;
; PC[28]        ; 2.5 V        ; 0 in              ; 0 H/in                  ; 0 F/in                  ; short         ; -                   ; open           ; open             ; open   ; 0 in             ; 0 H/in                 ; 0 F/in                 ; short        ; open          ; open            ; open  ; 0 V                 ; -                  ; n/a           ; n/a             ; n/a         ;
; PC[29]        ; 2.5 V        ; 0 in              ; 0 H/in                  ; 0 F/in                  ; short         ; -                   ; open           ; open             ; open   ; 0 in             ; 0 H/in                 ; 0 F/in                 ; short        ; open          ; open            ; open  ; 0 V                 ; -                  ; n/a           ; n/a             ; n/a         ;
; PC[30]        ; 2.5 V        ; 0 in              ; 0 H/in                  ; 0 F/in                  ; short         ; -                   ; open           ; open             ; open   ; 0 in             ; 0 H/in                 ; 0 F/in                 ; short        ; open          ; open            ; open  ; 0 V                 ; -                  ; n/a           ; n/a             ; n/a         ;
; PC[31]        ; 2.5 V        ; 0 in              ; 0 H/in                  ; 0 F/in                  ; short         ; -                   ; open           ; open             ; open   ; 0 in             ; 0 H/in                 ; 0 F/in                 ; short        ; open          ; open            ; open  ; 0 V                 ; -                  ; n/a           ; n/a             ; n/a         ;
; Result[0]     ; 2.5 V        ; 0 in              ; 0 H/in                  ; 0 F/in                  ; short         ; -                   ; open           ; open             ; open   ; 0 in             ; 0 H/in                 ; 0 F/in                 ; short        ; open          ; open            ; open  ; 0 V                 ; -                  ; n/a           ; n/a             ; n/a         ;
; Result[1]     ; 2.5 V        ; 0 in              ; 0 H/in                  ; 0 F/in                  ; short         ; -                   ; open           ; open             ; open   ; 0 in             ; 0 H/in                 ; 0 F/in                 ; short        ; open          ; open            ; open  ; 0 V                 ; -                  ; n/a           ; n/a             ; n/a         ;
; Result[2]     ; 2.5 V        ; 0 in              ; 0 H/in                  ; 0 F/in                  ; short         ; -                   ; open           ; open             ; open   ; 0 in             ; 0 H/in                 ; 0 F/in                 ; short        ; open          ; open            ; open  ; 0 V                 ; -                  ; n/a           ; n/a             ; n/a         ;
; Result[3]     ; 2.5 V        ; 0 in              ; 0 H/in                  ; 0 F/in                  ; short         ; -                   ; open           ; open             ; open   ; 0 in             ; 0 H/in                 ; 0 F/in                 ; short        ; open          ; open            ; open  ; 0 V                 ; -                  ; n/a           ; n/a             ; n/a         ;
; Result[4]     ; 2.5 V        ; 0 in              ; 0 H/in                  ; 0 F/in                  ; short         ; -                   ; open           ; open             ; open   ; 0 in             ; 0 H/in                 ; 0 F/in                 ; short        ; open          ; open            ; open  ; 0 V                 ; -                  ; n/a           ; n/a             ; n/a         ;
; Result[5]     ; 2.5 V        ; 0 in              ; 0 H/in                  ; 0 F/in                  ; short         ; -                   ; open           ; open             ; open   ; 0 in             ; 0 H/in                 ; 0 F/in                 ; short        ; open          ; open            ; open  ; 0 V                 ; -                  ; n/a           ; n/a             ; n/a         ;
; Result[6]     ; 2.5 V        ; 0 in              ; 0 H/in                  ; 0 F/in                  ; short         ; -                   ; open           ; open             ; open   ; 0 in             ; 0 H/in                 ; 0 F/in                 ; short        ; open          ; open            ; open  ; 0 V                 ; -                  ; n/a           ; n/a             ; n/a         ;
; Result[7]     ; 2.5 V        ; 0 in              ; 0 H/in                  ; 0 F/in                  ; short         ; -                   ; open           ; open             ; open   ; 0 in             ; 0 H/in                 ; 0 F/in                 ; short        ; open          ; open            ; open  ; 0 V                 ; -                  ; n/a           ; n/a             ; n/a         ;
; Result[8]     ; 2.5 V        ; 0 in              ; 0 H/in                  ; 0 F/in                  ; short         ; -                   ; open           ; open             ; open   ; 0 in             ; 0 H/in                 ; 0 F/in                 ; short        ; open          ; open            ; open  ; 0 V                 ; -                  ; n/a           ; n/a             ; n/a         ;
; Result[9]     ; 2.5 V        ; 0 in              ; 0 H/in                  ; 0 F/in                  ; short         ; -                   ; open           ; open             ; open   ; 0 in             ; 0 H/in                 ; 0 F/in                 ; short        ; open          ; open            ; open  ; 0 V                 ; -                  ; n/a           ; n/a             ; n/a         ;
; Result[10]    ; 2.5 V        ; 0 in              ; 0 H/in                  ; 0 F/in                  ; short         ; -                   ; open           ; open             ; open   ; 0 in             ; 0 H/in                 ; 0 F/in                 ; short        ; open          ; open            ; open  ; 0 V                 ; -                  ; n/a           ; n/a             ; n/a         ;
; Result[11]    ; 2.5 V        ; 0 in              ; 0 H/in                  ; 0 F/in                  ; short         ; -                   ; open           ; open             ; open   ; 0 in             ; 0 H/in                 ; 0 F/in                 ; short        ; open          ; open            ; open  ; 0 V                 ; -                  ; n/a           ; n/a             ; n/a         ;
; Result[12]    ; 2.5 V        ; 0 in              ; 0 H/in                  ; 0 F/in                  ; short         ; -                   ; open           ; open             ; open   ; 0 in             ; 0 H/in                 ; 0 F/in                 ; short        ; open          ; open            ; open  ; 0 V                 ; -                  ; n/a           ; n/a             ; n/a         ;
; Result[13]    ; 2.5 V        ; 0 in              ; 0 H/in                  ; 0 F/in                  ; short         ; -                   ; open           ; open             ; open   ; 0 in             ; 0 H/in                 ; 0 F/in                 ; short        ; open          ; open            ; open  ; 0 V                 ; -                  ; n/a           ; n/a             ; n/a         ;
; Result[14]    ; 2.5 V        ; 0 in              ; 0 H/in                  ; 0 F/in                  ; short         ; -                   ; open           ; open             ; open   ; 0 in             ; 0 H/in                 ; 0 F/in                 ; short        ; open          ; open            ; open  ; 0 V                 ; -                  ; n/a           ; n/a             ; n/a         ;
; Result[15]    ; 2.5 V        ; 0 in              ; 0 H/in                  ; 0 F/in                  ; short         ; -                   ; open           ; open             ; open   ; 0 in             ; 0 H/in                 ; 0 F/in                 ; short        ; open          ; open            ; open  ; 0 V                 ; -                  ; n/a           ; n/a             ; n/a         ;
; Result[16]    ; 2.5 V        ; 0 in              ; 0 H/in                  ; 0 F/in                  ; short         ; -                   ; open           ; open             ; open   ; 0 in             ; 0 H/in                 ; 0 F/in                 ; short        ; open          ; open            ; open  ; 0 V                 ; -                  ; n/a           ; n/a             ; n/a         ;
; Result[17]    ; 2.5 V        ; 0 in              ; 0 H/in                  ; 0 F/in                  ; short         ; -                   ; open           ; open             ; open   ; 0 in             ; 0 H/in                 ; 0 F/in                 ; short        ; open          ; open            ; open  ; 0 V                 ; -                  ; n/a           ; n/a             ; n/a         ;
; Result[18]    ; 2.5 V        ; 0 in              ; 0 H/in                  ; 0 F/in                  ; short         ; -                   ; open           ; open             ; open   ; 0 in             ; 0 H/in                 ; 0 F/in                 ; short        ; open          ; open            ; open  ; 0 V                 ; -                  ; n/a           ; n/a             ; n/a         ;
; Result[19]    ; 2.5 V        ; 0 in              ; 0 H/in                  ; 0 F/in                  ; short         ; -                   ; open           ; open             ; open   ; 0 in             ; 0 H/in                 ; 0 F/in                 ; short        ; open          ; open            ; open  ; 0 V                 ; -                  ; n/a           ; n/a             ; n/a         ;
; Result[20]    ; 2.5 V        ; 0 in              ; 0 H/in                  ; 0 F/in                  ; short         ; -                   ; open           ; open             ; open   ; 0 in             ; 0 H/in                 ; 0 F/in                 ; short        ; open          ; open            ; open  ; 0 V                 ; -                  ; n/a           ; n/a             ; n/a         ;
; Result[21]    ; 2.5 V        ; 0 in              ; 0 H/in                  ; 0 F/in                  ; short         ; -                   ; open           ; open             ; open   ; 0 in             ; 0 H/in                 ; 0 F/in                 ; short        ; open          ; open            ; open  ; 0 V                 ; -                  ; n/a           ; n/a             ; n/a         ;
; Result[22]    ; 2.5 V        ; 0 in              ; 0 H/in                  ; 0 F/in                  ; short         ; -                   ; open           ; open             ; open   ; 0 in             ; 0 H/in                 ; 0 F/in                 ; short        ; open          ; open            ; open  ; 0 V                 ; -                  ; n/a           ; n/a             ; n/a         ;
; Result[23]    ; 2.5 V        ; 0 in              ; 0 H/in                  ; 0 F/in                  ; short         ; -                   ; open           ; open             ; open   ; 0 in             ; 0 H/in                 ; 0 F/in                 ; short        ; open          ; open            ; open  ; 0 V                 ; -                  ; n/a           ; n/a             ; n/a         ;
; Result[24]    ; 2.5 V        ; 0 in              ; 0 H/in                  ; 0 F/in                  ; short         ; -                   ; open           ; open             ; open   ; 0 in             ; 0 H/in                 ; 0 F/in                 ; short        ; open          ; open            ; open  ; 0 V                 ; -                  ; n/a           ; n/a             ; n/a         ;
; Result[25]    ; 2.5 V        ; 0 in              ; 0 H/in                  ; 0 F/in                  ; short         ; -                   ; open           ; open             ; open   ; 0 in             ; 0 H/in                 ; 0 F/in                 ; short        ; open          ; open            ; open  ; 0 V                 ; -                  ; n/a           ; n/a             ; n/a         ;
; Result[26]    ; 2.5 V        ; 0 in              ; 0 H/in                  ; 0 F/in                  ; short         ; -                   ; open           ; open             ; open   ; 0 in             ; 0 H/in                 ; 0 F/in                 ; short        ; open          ; open            ; open  ; 0 V                 ; -                  ; n/a           ; n/a             ; n/a         ;
; Result[27]    ; 2.5 V        ; 0 in              ; 0 H/in                  ; 0 F/in                  ; short         ; -                   ; open           ; open             ; open   ; 0 in             ; 0 H/in                 ; 0 F/in                 ; short        ; open          ; open            ; open  ; 0 V                 ; -                  ; n/a           ; n/a             ; n/a         ;
; Result[28]    ; 2.5 V        ; 0 in              ; 0 H/in                  ; 0 F/in                  ; short         ; -                   ; open           ; open             ; open   ; 0 in             ; 0 H/in                 ; 0 F/in                 ; short        ; open          ; open            ; open  ; 0 V                 ; -                  ; n/a           ; n/a             ; n/a         ;
; Result[29]    ; 2.5 V        ; 0 in              ; 0 H/in                  ; 0 F/in                  ; short         ; -                   ; open           ; open             ; open   ; 0 in             ; 0 H/in                 ; 0 F/in                 ; short        ; open          ; open            ; open  ; 0 V                 ; -                  ; n/a           ; n/a             ; n/a         ;
; Result[30]    ; 2.5 V        ; 0 in              ; 0 H/in                  ; 0 F/in                  ; short         ; -                   ; open           ; open             ; open   ; 0 in             ; 0 H/in                 ; 0 F/in                 ; short        ; open          ; open            ; open  ; 0 V                 ; -                  ; n/a           ; n/a             ; n/a         ;
; Result[31]    ; 2.5 V        ; 0 in              ; 0 H/in                  ; 0 F/in                  ; short         ; -                   ; open           ; open             ; open   ; 0 in             ; 0 H/in                 ; 0 F/in                 ; short        ; open          ; open            ; open  ; 0 V                 ; -                  ; n/a           ; n/a             ; n/a         ;
+---------------+--------------+-------------------+-------------------------+-------------------------+---------------+---------------------+----------------+------------------+--------+------------------+------------------------+------------------------+--------------+---------------+-----------------+-------+---------------------+--------------------+---------------+-----------------+-------------+


+----------------------------------------------------------------------+
; Input Transition Times                                               ;
+-------------------+--------------+-----------------+-----------------+
; Pin               ; I/O Standard ; 10-90 Rise Time ; 90-10 Fall Time ;
+-------------------+--------------+-----------------+-----------------+
; reset             ; 2.5 V        ; 2000 ps         ; 2000 ps         ;
; Ext_MemWrite      ; 2.5 V        ; 2000 ps         ; 2000 ps         ;
; Ext_WriteData[0]  ; 2.5 V        ; 2000 ps         ; 2000 ps         ;
; Ext_WriteData[1]  ; 2.5 V        ; 2000 ps         ; 2000 ps         ;
; Ext_WriteData[2]  ; 2.5 V        ; 2000 ps         ; 2000 ps         ;
; Ext_WriteData[3]  ; 2.5 V        ; 2000 ps         ; 2000 ps         ;
; Ext_WriteData[4]  ; 2.5 V        ; 2000 ps         ; 2000 ps         ;
; Ext_WriteData[5]  ; 2.5 V        ; 2000 ps         ; 2000 ps         ;
; Ext_WriteData[6]  ; 2.5 V        ; 2000 ps         ; 2000 ps         ;
; Ext_WriteData[7]  ; 2.5 V        ; 2000 ps         ; 2000 ps         ;
; Ext_WriteData[8]  ; 2.5 V        ; 2000 ps         ; 2000 ps         ;
; Ext_WriteData[9]  ; 2.5 V        ; 2000 ps         ; 2000 ps         ;
; Ext_WriteData[10] ; 2.5 V        ; 2000 ps         ; 2000 ps         ;
; Ext_WriteData[11] ; 2.5 V        ; 2000 ps         ; 2000 ps         ;
; Ext_WriteData[12] ; 2.5 V        ; 2000 ps         ; 2000 ps         ;
; Ext_WriteData[13] ; 2.5 V        ; 2000 ps         ; 2000 ps         ;
; Ext_WriteData[14] ; 2.5 V        ; 2000 ps         ; 2000 ps         ;
; Ext_WriteData[15] ; 2.5 V        ; 2000 ps         ; 2000 ps         ;
; Ext_WriteData[16] ; 2.5 V        ; 2000 ps         ; 2000 ps         ;
; Ext_WriteData[17] ; 2.5 V        ; 2000 ps         ; 2000 ps         ;
; Ext_WriteData[18] ; 2.5 V        ; 2000 ps         ; 2000 ps         ;
; Ext_WriteData[19] ; 2.5 V        ; 2000 ps         ; 2000 ps         ;
; Ext_WriteData[20] ; 2.5 V        ; 2000 ps         ; 2000 ps         ;
; Ext_WriteData[21] ; 2.5 V        ; 2000 ps         ; 2000 ps         ;
; Ext_WriteData[22] ; 2.5 V        ; 2000 ps         ; 2000 ps         ;
; Ext_WriteData[23] ; 2.5 V        ; 2000 ps         ; 2000 ps         ;
; Ext_WriteData[24] ; 2.5 V        ; 2000 ps         ; 2000 ps         ;
; Ext_WriteData[25] ; 2.5 V        ; 2000 ps         ; 2000 ps         ;
; Ext_WriteData[26] ; 2.5 V        ; 2000 ps         ; 2000 ps         ;
; Ext_WriteData[27] ; 2.5 V        ; 2000 ps         ; 2000 ps         ;
; Ext_WriteData[28] ; 2.5 V        ; 2000 ps         ; 2000 ps         ;
; Ext_WriteData[29] ; 2.5 V        ; 2000 ps         ; 2000 ps         ;
; Ext_WriteData[30] ; 2.5 V        ; 2000 ps         ; 2000 ps         ;
; Ext_WriteData[31] ; 2.5 V        ; 2000 ps         ; 2000 ps         ;
; Ext_DataAdr[0]    ; 2.5 V        ; 2000 ps         ; 2000 ps         ;
; Ext_DataAdr[1]    ; 2.5 V        ; 2000 ps         ; 2000 ps         ;
; Ext_DataAdr[2]    ; 2.5 V        ; 2000 ps         ; 2000 ps         ;
; Ext_DataAdr[3]    ; 2.5 V        ; 2000 ps         ; 2000 ps         ;
; Ext_DataAdr[4]    ; 2.5 V        ; 2000 ps         ; 2000 ps         ;
; Ext_DataAdr[5]    ; 2.5 V        ; 2000 ps         ; 2000 ps         ;
; Ext_DataAdr[6]    ; 2.5 V        ; 2000 ps         ; 2000 ps         ;
; Ext_DataAdr[7]    ; 2.5 V        ; 2000 ps         ; 2000 ps         ;
; Ext_DataAdr[8]    ; 2.5 V        ; 2000 ps         ; 2000 ps         ;
; Ext_DataAdr[9]    ; 2.5 V        ; 2000 ps         ; 2000 ps         ;
; Ext_DataAdr[10]   ; 2.5 V        ; 2000 ps         ; 2000 ps         ;
; Ext_DataAdr[11]   ; 2.5 V        ; 2000 ps         ; 2000 ps         ;
; Ext_DataAdr[12]   ; 2.5 V        ; 2000 ps         ; 2000 ps         ;
; Ext_DataAdr[13]   ; 2.5 V        ; 2000 ps         ; 2000 ps         ;
; Ext_DataAdr[14]   ; 2.5 V        ; 2000 ps         ; 2000 ps         ;
; Ext_DataAdr[15]   ; 2.5 V        ; 2000 ps         ; 2000 ps         ;
; Ext_DataAdr[16]   ; 2.5 V        ; 2000 ps         ; 2000 ps         ;
; Ext_DataAdr[17]   ; 2.5 V        ; 2000 ps         ; 2000 ps         ;
; Ext_DataAdr[18]   ; 2.5 V        ; 2000 ps         ; 2000 ps         ;
; Ext_DataAdr[19]   ; 2.5 V        ; 2000 ps         ; 2000 ps         ;
; Ext_DataAdr[20]   ; 2.5 V        ; 2000 ps         ; 2000 ps         ;
; Ext_DataAdr[21]   ; 2.5 V        ; 2000 ps         ; 2000 ps         ;
; Ext_DataAdr[22]   ; 2.5 V        ; 2000 ps         ; 2000 ps         ;
; Ext_DataAdr[23]   ; 2.5 V        ; 2000 ps         ; 2000 ps         ;
; Ext_DataAdr[24]   ; 2.5 V        ; 2000 ps         ; 2000 ps         ;
; Ext_DataAdr[25]   ; 2.5 V        ; 2000 ps         ; 2000 ps         ;
; Ext_DataAdr[26]   ; 2.5 V        ; 2000 ps         ; 2000 ps         ;
; Ext_DataAdr[27]   ; 2.5 V        ; 2000 ps         ; 2000 ps         ;
; Ext_DataAdr[28]   ; 2.5 V        ; 2000 ps         ; 2000 ps         ;
; Ext_DataAdr[29]   ; 2.5 V        ; 2000 ps         ; 2000 ps         ;
; Ext_DataAdr[30]   ; 2.5 V        ; 2000 ps         ; 2000 ps         ;
; Ext_DataAdr[31]   ; 2.5 V        ; 2000 ps         ; 2000 ps         ;
; clk               ; 2.5 V        ; 2000 ps         ; 2000 ps         ;
+-------------------+--------------+-----------------+-----------------+


+--------------------------------------------------------------------------------------------------------------------------------------------------------------------------------------------------------------------------------------------------------------------------------------------------------------------------------------------------------------------------------------------------------------------------------------------------------------------------------------------------------------------------------------------------------------------------------------------------------------------------------------------------------------------------------------------+
; Signal Integrity Metrics (Slow 1100mv 0c Model)                                                                                                                                                                                                                                                                                                                                                                                                                                                                                                                                                                                                                                            ;
+---------------+--------------+---------------------+---------------------+------------------------------+------------------------------+---------------------+---------------------+--------------------------------------+--------------------------------------+-----------------------------+-----------------------------+----------------------------+----------------------------+-----------------------------+-----------------------------+--------------------+--------------------+-------------------------------------+-------------------------------------+----------------------------+----------------------------+---------------------------+---------------------------+
; Pin           ; I/O Standard ; Board Delay on Rise ; Board Delay on Fall ; Steady State Voh at FPGA Pin ; Steady State Vol at FPGA Pin ; Voh Max at FPGA Pin ; Vol Min at FPGA Pin ; Ringback Voltage on Rise at FPGA Pin ; Ringback Voltage on Fall at FPGA Pin ; 10-90 Rise Time at FPGA Pin ; 90-10 Fall Time at FPGA Pin ; Monotonic Rise at FPGA Pin ; Monotonic Fall at FPGA Pin ; Steady State Voh at Far-end ; Steady State Vol at Far-end ; Voh Max at Far-end ; Vol Min at Far-end ; Ringback Voltage on Rise at Far-end ; Ringback Voltage on Fall at Far-end ; 10-90 Rise Time at Far-end ; 90-10 Fall Time at Far-end ; Monotonic Rise at Far-end ; Monotonic Fall at Far-end ;
+---------------+--------------+---------------------+---------------------+------------------------------+------------------------------+---------------------+---------------------+--------------------------------------+--------------------------------------+-----------------------------+-----------------------------+----------------------------+----------------------------+-----------------------------+-----------------------------+--------------------+--------------------+-------------------------------------+-------------------------------------+----------------------------+----------------------------+---------------------------+---------------------------+
; MemWrite      ; 2.5 V        ; 0 s                 ; 0 s                 ; 2.32 V                       ; 2.15e-07 V                   ; 2.41 V              ; -0.0495 V           ; 0.18 V                               ; 0.115 V                              ; 4.54e-10 s                  ; 4.44e-10 s                  ; No                         ; Yes                        ; 2.32 V                      ; 2.15e-07 V                  ; 2.41 V             ; -0.0495 V          ; 0.18 V                              ; 0.115 V                             ; 4.54e-10 s                 ; 4.44e-10 s                 ; No                        ; Yes                       ;
; WriteData[0]  ; 2.5 V        ; 0 s                 ; 0 s                 ; 2.32 V                       ; 2.19e-07 V                   ; 2.4 V               ; -0.039 V            ; 0.21 V                               ; 0.145 V                              ; 4.67e-10 s                  ; 4.63e-10 s                  ; No                         ; Yes                        ; 2.32 V                      ; 2.19e-07 V                  ; 2.4 V              ; -0.039 V           ; 0.21 V                              ; 0.145 V                             ; 4.67e-10 s                 ; 4.63e-10 s                 ; No                        ; Yes                       ;
; WriteData[1]  ; 2.5 V        ; 0 s                 ; 0 s                 ; 2.32 V                       ; 2.19e-07 V                   ; 2.4 V               ; -0.039 V            ; 0.21 V                               ; 0.145 V                              ; 4.67e-10 s                  ; 4.63e-10 s                  ; No                         ; Yes                        ; 2.32 V                      ; 2.19e-07 V                  ; 2.4 V              ; -0.039 V           ; 0.21 V                              ; 0.145 V                             ; 4.67e-10 s                 ; 4.63e-10 s                 ; No                        ; Yes                       ;
; WriteData[2]  ; 2.5 V        ; 0 s                 ; 0 s                 ; 2.32 V                       ; 2.19e-07 V                   ; 2.4 V               ; -0.039 V            ; 0.21 V                               ; 0.145 V                              ; 4.67e-10 s                  ; 4.63e-10 s                  ; No                         ; Yes                        ; 2.32 V                      ; 2.19e-07 V                  ; 2.4 V              ; -0.039 V           ; 0.21 V                              ; 0.145 V                             ; 4.67e-10 s                 ; 4.63e-10 s                 ; No                        ; Yes                       ;
; WriteData[3]  ; 2.5 V        ; 0 s                 ; 0 s                 ; 2.32 V                       ; 2.15e-07 V                   ; 2.41 V              ; -0.0492 V           ; 0.181 V                              ; 0.116 V                              ; 4.54e-10 s                  ; 4.44e-10 s                  ; No                         ; Yes                        ; 2.32 V                      ; 2.15e-07 V                  ; 2.41 V             ; -0.0492 V          ; 0.181 V                             ; 0.116 V                             ; 4.54e-10 s                 ; 4.44e-10 s                 ; No                        ; Yes                       ;
; WriteData[4]  ; 2.5 V        ; 0 s                 ; 0 s                 ; 2.32 V                       ; 2.19e-07 V                   ; 2.4 V               ; -0.039 V            ; 0.21 V                               ; 0.145 V                              ; 4.67e-10 s                  ; 4.63e-10 s                  ; No                         ; Yes                        ; 2.32 V                      ; 2.19e-07 V                  ; 2.4 V              ; -0.039 V           ; 0.21 V                              ; 0.145 V                             ; 4.67e-10 s                 ; 4.63e-10 s                 ; No                        ; Yes                       ;
; WriteData[5]  ; 2.5 V        ; 0 s                 ; 0 s                 ; 2.32 V                       ; 2.15e-07 V                   ; 2.41 V              ; -0.0492 V           ; 0.181 V                              ; 0.116 V                              ; 4.54e-10 s                  ; 4.44e-10 s                  ; No                         ; Yes                        ; 2.32 V                      ; 2.15e-07 V                  ; 2.41 V             ; -0.0492 V          ; 0.181 V                             ; 0.116 V                             ; 4.54e-10 s                 ; 4.44e-10 s                 ; No                        ; Yes                       ;
; WriteData[6]  ; 2.5 V        ; 0 s                 ; 0 s                 ; 2.32 V                       ; 2.19e-07 V                   ; 2.4 V               ; -0.039 V            ; 0.21 V                               ; 0.145 V                              ; 4.67e-10 s                  ; 4.63e-10 s                  ; No                         ; Yes                        ; 2.32 V                      ; 2.19e-07 V                  ; 2.4 V              ; -0.039 V           ; 0.21 V                              ; 0.145 V                             ; 4.67e-10 s                 ; 4.63e-10 s                 ; No                        ; Yes                       ;
; WriteData[7]  ; 2.5 V        ; 0 s                 ; 0 s                 ; 2.32 V                       ; 1.88e-07 V                   ; 2.35 V              ; -0.0185 V           ; 0.153 V                              ; 0.099 V                              ; 4.6e-10 s                   ; 4.48e-10 s                  ; No                         ; Yes                        ; 2.32 V                      ; 1.88e-07 V                  ; 2.35 V             ; -0.0185 V          ; 0.153 V                             ; 0.099 V                             ; 4.6e-10 s                  ; 4.48e-10 s                 ; No                        ; Yes                       ;
; WriteData[8]  ; 2.5 V        ; 0 s                 ; 0 s                 ; 2.32 V                       ; 1.88e-07 V                   ; 2.35 V              ; -0.0185 V           ; 0.153 V                              ; 0.099 V                              ; 4.6e-10 s                   ; 4.48e-10 s                  ; No                         ; Yes                        ; 2.32 V                      ; 1.88e-07 V                  ; 2.35 V             ; -0.0185 V          ; 0.153 V                             ; 0.099 V                             ; 4.6e-10 s                  ; 4.48e-10 s                 ; No                        ; Yes                       ;
; WriteData[9]  ; 2.5 V        ; 0 s                 ; 0 s                 ; 2.32 V                       ; 2.15e-07 V                   ; 2.41 V              ; -0.0492 V           ; 0.181 V                              ; 0.116 V                              ; 4.54e-10 s                  ; 4.44e-10 s                  ; No                         ; Yes                        ; 2.32 V                      ; 2.15e-07 V                  ; 2.41 V             ; -0.0492 V          ; 0.181 V                             ; 0.116 V                             ; 4.54e-10 s                 ; 4.44e-10 s                 ; No                        ; Yes                       ;
; WriteData[10] ; 2.5 V        ; 0 s                 ; 0 s                 ; 2.32 V                       ; 2.19e-07 V                   ; 2.4 V               ; -0.039 V            ; 0.21 V                               ; 0.145 V                              ; 4.67e-10 s                  ; 4.63e-10 s                  ; No                         ; Yes                        ; 2.32 V                      ; 2.19e-07 V                  ; 2.4 V              ; -0.039 V           ; 0.21 V                              ; 0.145 V                             ; 4.67e-10 s                 ; 4.63e-10 s                 ; No                        ; Yes                       ;
; WriteData[11] ; 2.5 V        ; 0 s                 ; 0 s                 ; 2.32 V                       ; 1.88e-07 V                   ; 2.35 V              ; -0.0185 V           ; 0.153 V                              ; 0.099 V                              ; 4.6e-10 s                   ; 4.48e-10 s                  ; No                         ; Yes                        ; 2.32 V                      ; 1.88e-07 V                  ; 2.35 V             ; -0.0185 V          ; 0.153 V                             ; 0.099 V                             ; 4.6e-10 s                  ; 4.48e-10 s                 ; No                        ; Yes                       ;
; WriteData[12] ; 2.5 V        ; 0 s                 ; 0 s                 ; 2.32 V                       ; 2.15e-07 V                   ; 2.41 V              ; -0.0495 V           ; 0.18 V                               ; 0.115 V                              ; 4.54e-10 s                  ; 4.44e-10 s                  ; No                         ; Yes                        ; 2.32 V                      ; 2.15e-07 V                  ; 2.41 V             ; -0.0495 V          ; 0.18 V                              ; 0.115 V                             ; 4.54e-10 s                 ; 4.44e-10 s                 ; No                        ; Yes                       ;
; WriteData[13] ; 2.5 V        ; 0 s                 ; 0 s                 ; 2.32 V                       ; 2.15e-07 V                   ; 2.41 V              ; -0.0495 V           ; 0.18 V                               ; 0.115 V                              ; 4.54e-10 s                  ; 4.44e-10 s                  ; No                         ; Yes                        ; 2.32 V                      ; 2.15e-07 V                  ; 2.41 V             ; -0.0495 V          ; 0.18 V                              ; 0.115 V                             ; 4.54e-10 s                 ; 4.44e-10 s                 ; No                        ; Yes                       ;
; WriteData[14] ; 2.5 V        ; 0 s                 ; 0 s                 ; 2.32 V                       ; 1.88e-07 V                   ; 2.35 V              ; -0.0185 V           ; 0.153 V                              ; 0.099 V                              ; 4.6e-10 s                   ; 4.48e-10 s                  ; No                         ; Yes                        ; 2.32 V                      ; 1.88e-07 V                  ; 2.35 V             ; -0.0185 V          ; 0.153 V                             ; 0.099 V                             ; 4.6e-10 s                  ; 4.48e-10 s                 ; No                        ; Yes                       ;
; WriteData[15] ; 2.5 V        ; 0 s                 ; 0 s                 ; 2.32 V                       ; 2.15e-07 V                   ; 2.41 V              ; -0.0495 V           ; 0.18 V                               ; 0.115 V                              ; 4.54e-10 s                  ; 4.44e-10 s                  ; No                         ; Yes                        ; 2.32 V                      ; 2.15e-07 V                  ; 2.41 V             ; -0.0495 V          ; 0.18 V                              ; 0.115 V                             ; 4.54e-10 s                 ; 4.44e-10 s                 ; No                        ; Yes                       ;
; WriteData[16] ; 2.5 V        ; 0 s                 ; 0 s                 ; 2.32 V                       ; 2.15e-07 V                   ; 2.41 V              ; -0.0495 V           ; 0.18 V                               ; 0.115 V                              ; 4.54e-10 s                  ; 4.44e-10 s                  ; No                         ; Yes                        ; 2.32 V                      ; 2.15e-07 V                  ; 2.41 V             ; -0.0495 V          ; 0.18 V                              ; 0.115 V                             ; 4.54e-10 s                 ; 4.44e-10 s                 ; No                        ; Yes                       ;
; WriteData[17] ; 2.5 V        ; 0 s                 ; 0 s                 ; 2.32 V                       ; 1.88e-07 V                   ; 2.35 V              ; -0.0185 V           ; 0.153 V                              ; 0.099 V                              ; 4.6e-10 s                   ; 4.48e-10 s                  ; No                         ; Yes                        ; 2.32 V                      ; 1.88e-07 V                  ; 2.35 V             ; -0.0185 V          ; 0.153 V                             ; 0.099 V                             ; 4.6e-10 s                  ; 4.48e-10 s                 ; No                        ; Yes                       ;
; WriteData[18] ; 2.5 V        ; 0 s                 ; 0 s                 ; 2.32 V                       ; 2.15e-07 V                   ; 2.41 V              ; -0.0495 V           ; 0.18 V                               ; 0.115 V                              ; 4.54e-10 s                  ; 4.44e-10 s                  ; No                         ; Yes                        ; 2.32 V                      ; 2.15e-07 V                  ; 2.41 V             ; -0.0495 V          ; 0.18 V                              ; 0.115 V                             ; 4.54e-10 s                 ; 4.44e-10 s                 ; No                        ; Yes                       ;
; WriteData[19] ; 2.5 V        ; 0 s                 ; 0 s                 ; 2.32 V                       ; 2.15e-07 V                   ; 2.41 V              ; -0.0495 V           ; 0.18 V                               ; 0.115 V                              ; 4.54e-10 s                  ; 4.44e-10 s                  ; No                         ; Yes                        ; 2.32 V                      ; 2.15e-07 V                  ; 2.41 V             ; -0.0495 V          ; 0.18 V                              ; 0.115 V                             ; 4.54e-10 s                 ; 4.44e-10 s                 ; No                        ; Yes                       ;
; WriteData[20] ; 2.5 V        ; 0 s                 ; 0 s                 ; 2.32 V                       ; 1.88e-07 V                   ; 2.35 V              ; -0.0185 V           ; 0.153 V                              ; 0.099 V                              ; 4.6e-10 s                   ; 4.48e-10 s                  ; No                         ; Yes                        ; 2.32 V                      ; 1.88e-07 V                  ; 2.35 V             ; -0.0185 V          ; 0.153 V                             ; 0.099 V                             ; 4.6e-10 s                  ; 4.48e-10 s                 ; No                        ; Yes                       ;
; WriteData[21] ; 2.5 V        ; 0 s                 ; 0 s                 ; 2.32 V                       ; 2.19e-07 V                   ; 2.4 V               ; -0.039 V            ; 0.21 V                               ; 0.145 V                              ; 4.67e-10 s                  ; 4.63e-10 s                  ; No                         ; Yes                        ; 2.32 V                      ; 2.19e-07 V                  ; 2.4 V              ; -0.039 V           ; 0.21 V                              ; 0.145 V                             ; 4.67e-10 s                 ; 4.63e-10 s                 ; No                        ; Yes                       ;
; WriteData[22] ; 2.5 V        ; 0 s                 ; 0 s                 ; 2.32 V                       ; 1.88e-07 V                   ; 2.35 V              ; -0.0185 V           ; 0.153 V                              ; 0.099 V                              ; 4.6e-10 s                   ; 4.48e-10 s                  ; No                         ; Yes                        ; 2.32 V                      ; 1.88e-07 V                  ; 2.35 V             ; -0.0185 V          ; 0.153 V                             ; 0.099 V                             ; 4.6e-10 s                  ; 4.48e-10 s                 ; No                        ; Yes                       ;
; WriteData[23] ; 2.5 V        ; 0 s                 ; 0 s                 ; 2.32 V                       ; 2.19e-07 V                   ; 2.4 V               ; -0.039 V            ; 0.21 V                               ; 0.145 V                              ; 4.67e-10 s                  ; 4.63e-10 s                  ; No                         ; Yes                        ; 2.32 V                      ; 2.19e-07 V                  ; 2.4 V              ; -0.039 V           ; 0.21 V                              ; 0.145 V                             ; 4.67e-10 s                 ; 4.63e-10 s                 ; No                        ; Yes                       ;
; WriteData[24] ; 2.5 V        ; 0 s                 ; 0 s                 ; 2.32 V                       ; 2.15e-07 V                   ; 2.41 V              ; -0.0492 V           ; 0.181 V                              ; 0.116 V                              ; 4.54e-10 s                  ; 4.44e-10 s                  ; No                         ; Yes                        ; 2.32 V                      ; 2.15e-07 V                  ; 2.41 V             ; -0.0492 V          ; 0.181 V                             ; 0.116 V                             ; 4.54e-10 s                 ; 4.44e-10 s                 ; No                        ; Yes                       ;
; WriteData[25] ; 2.5 V        ; 0 s                 ; 0 s                 ; 2.32 V                       ; 1.88e-07 V                   ; 2.35 V              ; -0.0185 V           ; 0.153 V                              ; 0.099 V                              ; 4.6e-10 s                   ; 4.48e-10 s                  ; No                         ; Yes                        ; 2.32 V                      ; 1.88e-07 V                  ; 2.35 V             ; -0.0185 V          ; 0.153 V                             ; 0.099 V                             ; 4.6e-10 s                  ; 4.48e-10 s                 ; No                        ; Yes                       ;
; WriteData[26] ; 2.5 V        ; 0 s                 ; 0 s                 ; 2.32 V                       ; 2.15e-07 V                   ; 2.41 V              ; -0.0492 V           ; 0.181 V                              ; 0.116 V                              ; 4.54e-10 s                  ; 4.44e-10 s                  ; No                         ; Yes                        ; 2.32 V                      ; 2.15e-07 V                  ; 2.41 V             ; -0.0492 V          ; 0.181 V                             ; 0.116 V                             ; 4.54e-10 s                 ; 4.44e-10 s                 ; No                        ; Yes                       ;
; WriteData[27] ; 2.5 V        ; 0 s                 ; 0 s                 ; 2.32 V                       ; 2.15e-07 V                   ; 2.41 V              ; -0.0495 V           ; 0.18 V                               ; 0.115 V                              ; 4.54e-10 s                  ; 4.44e-10 s                  ; No                         ; Yes                        ; 2.32 V                      ; 2.15e-07 V                  ; 2.41 V             ; -0.0495 V          ; 0.18 V                              ; 0.115 V                             ; 4.54e-10 s                 ; 4.44e-10 s                 ; No                        ; Yes                       ;
; WriteData[28] ; 2.5 V        ; 0 s                 ; 0 s                 ; 2.32 V                       ; 1.88e-07 V                   ; 2.35 V              ; -0.0185 V           ; 0.153 V                              ; 0.099 V                              ; 4.6e-10 s                   ; 4.48e-10 s                  ; No                         ; Yes                        ; 2.32 V                      ; 1.88e-07 V                  ; 2.35 V             ; -0.0185 V          ; 0.153 V                             ; 0.099 V                             ; 4.6e-10 s                  ; 4.48e-10 s                 ; No                        ; Yes                       ;
; WriteData[29] ; 2.5 V        ; 0 s                 ; 0 s                 ; 2.32 V                       ; 2.15e-07 V                   ; 2.41 V              ; -0.0492 V           ; 0.181 V                              ; 0.116 V                              ; 4.54e-10 s                  ; 4.44e-10 s                  ; No                         ; Yes                        ; 2.32 V                      ; 2.15e-07 V                  ; 2.41 V             ; -0.0492 V          ; 0.181 V                             ; 0.116 V                             ; 4.54e-10 s                 ; 4.44e-10 s                 ; No                        ; Yes                       ;
; WriteData[30] ; 2.5 V        ; 0 s                 ; 0 s                 ; 2.32 V                       ; 2.15e-07 V                   ; 2.41 V              ; -0.0495 V           ; 0.18 V                               ; 0.115 V                              ; 4.54e-10 s                  ; 4.44e-10 s                  ; No                         ; Yes                        ; 2.32 V                      ; 2.15e-07 V                  ; 2.41 V             ; -0.0495 V          ; 0.18 V                              ; 0.115 V                             ; 4.54e-10 s                 ; 4.44e-10 s                 ; No                        ; Yes                       ;
; WriteData[31] ; 2.5 V        ; 0 s                 ; 0 s                 ; 2.32 V                       ; 2.15e-07 V                   ; 2.41 V              ; -0.0492 V           ; 0.181 V                              ; 0.116 V                              ; 4.54e-10 s                  ; 4.44e-10 s                  ; No                         ; Yes                        ; 2.32 V                      ; 2.15e-07 V                  ; 2.41 V             ; -0.0492 V          ; 0.181 V                             ; 0.116 V                             ; 4.54e-10 s                 ; 4.44e-10 s                 ; No                        ; Yes                       ;
; DataAdr[0]    ; 2.5 V        ; 0 s                 ; 0 s                 ; 2.32 V                       ; 2.15e-07 V                   ; 2.41 V              ; -0.0495 V           ; 0.18 V                               ; 0.115 V                              ; 4.54e-10 s                  ; 4.44e-10 s                  ; No                         ; Yes                        ; 2.32 V                      ; 2.15e-07 V                  ; 2.41 V             ; -0.0495 V          ; 0.18 V                              ; 0.115 V                             ; 4.54e-10 s                 ; 4.44e-10 s                 ; No                        ; Yes                       ;
; DataAdr[1]    ; 2.5 V        ; 0 s                 ; 0 s                 ; 2.32 V                       ; 2.15e-07 V                   ; 2.41 V              ; -0.0492 V           ; 0.181 V                              ; 0.116 V                              ; 4.54e-10 s                  ; 4.44e-10 s                  ; No                         ; Yes                        ; 2.32 V                      ; 2.15e-07 V                  ; 2.41 V             ; -0.0492 V          ; 0.181 V                             ; 0.116 V                             ; 4.54e-10 s                 ; 4.44e-10 s                 ; No                        ; Yes                       ;
; DataAdr[2]    ; 2.5 V        ; 0 s                 ; 0 s                 ; 2.32 V                       ; 2.15e-07 V                   ; 2.41 V              ; -0.0492 V           ; 0.181 V                              ; 0.116 V                              ; 4.54e-10 s                  ; 4.44e-10 s                  ; No                         ; Yes                        ; 2.32 V                      ; 2.15e-07 V                  ; 2.41 V             ; -0.0492 V          ; 0.181 V                             ; 0.116 V                             ; 4.54e-10 s                 ; 4.44e-10 s                 ; No                        ; Yes                       ;
; DataAdr[3]    ; 2.5 V        ; 0 s                 ; 0 s                 ; 2.32 V                       ; 2.15e-07 V                   ; 2.41 V              ; -0.0492 V           ; 0.181 V                              ; 0.116 V                              ; 4.54e-10 s                  ; 4.44e-10 s                  ; No                         ; Yes                        ; 2.32 V                      ; 2.15e-07 V                  ; 2.41 V             ; -0.0492 V          ; 0.181 V                             ; 0.116 V                             ; 4.54e-10 s                 ; 4.44e-10 s                 ; No                        ; Yes                       ;
; DataAdr[4]    ; 2.5 V        ; 0 s                 ; 0 s                 ; 2.32 V                       ; 2.15e-07 V                   ; 2.41 V              ; -0.0495 V           ; 0.18 V                               ; 0.115 V                              ; 4.54e-10 s                  ; 4.44e-10 s                  ; No                         ; Yes                        ; 2.32 V                      ; 2.15e-07 V                  ; 2.41 V             ; -0.0495 V          ; 0.18 V                              ; 0.115 V                             ; 4.54e-10 s                 ; 4.44e-10 s                 ; No                        ; Yes                       ;
; DataAdr[5]    ; 2.5 V        ; 0 s                 ; 0 s                 ; 2.32 V                       ; 2.19e-07 V                   ; 2.4 V               ; -0.039 V            ; 0.21 V                               ; 0.145 V                              ; 4.67e-10 s                  ; 4.63e-10 s                  ; No                         ; Yes                        ; 2.32 V                      ; 2.19e-07 V                  ; 2.4 V              ; -0.039 V           ; 0.21 V                              ; 0.145 V                             ; 4.67e-10 s                 ; 4.63e-10 s                 ; No                        ; Yes                       ;
; DataAdr[6]    ; 2.5 V        ; 0 s                 ; 0 s                 ; 2.32 V                       ; 2.15e-07 V                   ; 2.41 V              ; -0.0495 V           ; 0.18 V                               ; 0.115 V                              ; 4.54e-10 s                  ; 4.44e-10 s                  ; No                         ; Yes                        ; 2.32 V                      ; 2.15e-07 V                  ; 2.41 V             ; -0.0495 V          ; 0.18 V                              ; 0.115 V                             ; 4.54e-10 s                 ; 4.44e-10 s                 ; No                        ; Yes                       ;
; DataAdr[7]    ; 2.5 V        ; 0 s                 ; 0 s                 ; 2.32 V                       ; 2.19e-07 V                   ; 2.4 V               ; -0.039 V            ; 0.21 V                               ; 0.145 V                              ; 4.67e-10 s                  ; 4.63e-10 s                  ; No                         ; Yes                        ; 2.32 V                      ; 2.19e-07 V                  ; 2.4 V              ; -0.039 V           ; 0.21 V                              ; 0.145 V                             ; 4.67e-10 s                 ; 4.63e-10 s                 ; No                        ; Yes                       ;
; DataAdr[8]    ; 2.5 V        ; 0 s                 ; 0 s                 ; 2.32 V                       ; 2.15e-07 V                   ; 2.41 V              ; -0.0495 V           ; 0.18 V                               ; 0.115 V                              ; 4.54e-10 s                  ; 4.44e-10 s                  ; No                         ; Yes                        ; 2.32 V                      ; 2.15e-07 V                  ; 2.41 V             ; -0.0495 V          ; 0.18 V                              ; 0.115 V                             ; 4.54e-10 s                 ; 4.44e-10 s                 ; No                        ; Yes                       ;
; DataAdr[9]    ; 2.5 V        ; 0 s                 ; 0 s                 ; 2.32 V                       ; 1.88e-07 V                   ; 2.35 V              ; -0.0185 V           ; 0.153 V                              ; 0.099 V                              ; 4.6e-10 s                   ; 4.48e-10 s                  ; No                         ; Yes                        ; 2.32 V                      ; 1.88e-07 V                  ; 2.35 V             ; -0.0185 V          ; 0.153 V                             ; 0.099 V                             ; 4.6e-10 s                  ; 4.48e-10 s                 ; No                        ; Yes                       ;
; DataAdr[10]   ; 2.5 V        ; 0 s                 ; 0 s                 ; 2.32 V                       ; 2.15e-07 V                   ; 2.41 V              ; -0.0495 V           ; 0.18 V                               ; 0.115 V                              ; 4.54e-10 s                  ; 4.44e-10 s                  ; No                         ; Yes                        ; 2.32 V                      ; 2.15e-07 V                  ; 2.41 V             ; -0.0495 V          ; 0.18 V                              ; 0.115 V                             ; 4.54e-10 s                 ; 4.44e-10 s                 ; No                        ; Yes                       ;
; DataAdr[11]   ; 2.5 V        ; 0 s                 ; 0 s                 ; 2.32 V                       ; 1.88e-07 V                   ; 2.35 V              ; -0.0185 V           ; 0.153 V                              ; 0.099 V                              ; 4.6e-10 s                   ; 4.48e-10 s                  ; No                         ; Yes                        ; 2.32 V                      ; 1.88e-07 V                  ; 2.35 V             ; -0.0185 V          ; 0.153 V                             ; 0.099 V                             ; 4.6e-10 s                  ; 4.48e-10 s                 ; No                        ; Yes                       ;
; DataAdr[12]   ; 2.5 V        ; 0 s                 ; 0 s                 ; 2.32 V                       ; 1.88e-07 V                   ; 2.35 V              ; -0.0185 V           ; 0.153 V                              ; 0.099 V                              ; 4.6e-10 s                   ; 4.48e-10 s                  ; No                         ; Yes                        ; 2.32 V                      ; 1.88e-07 V                  ; 2.35 V             ; -0.0185 V          ; 0.153 V                             ; 0.099 V                             ; 4.6e-10 s                  ; 4.48e-10 s                 ; No                        ; Yes                       ;
; DataAdr[13]   ; 2.5 V        ; 0 s                 ; 0 s                 ; 2.32 V                       ; 1.88e-07 V                   ; 2.35 V              ; -0.0185 V           ; 0.153 V                              ; 0.099 V                              ; 4.6e-10 s                   ; 4.48e-10 s                  ; No                         ; Yes                        ; 2.32 V                      ; 1.88e-07 V                  ; 2.35 V             ; -0.0185 V          ; 0.153 V                             ; 0.099 V                             ; 4.6e-10 s                  ; 4.48e-10 s                 ; No                        ; Yes                       ;
; DataAdr[14]   ; 2.5 V        ; 0 s                 ; 0 s                 ; 2.32 V                       ; 2.19e-07 V                   ; 2.4 V               ; -0.039 V            ; 0.21 V                               ; 0.145 V                              ; 4.67e-10 s                  ; 4.63e-10 s                  ; No                         ; Yes                        ; 2.32 V                      ; 2.19e-07 V                  ; 2.4 V              ; -0.039 V           ; 0.21 V                              ; 0.145 V                             ; 4.67e-10 s                 ; 4.63e-10 s                 ; No                        ; Yes                       ;
; DataAdr[15]   ; 2.5 V        ; 0 s                 ; 0 s                 ; 2.32 V                       ; 2.15e-07 V                   ; 2.41 V              ; -0.0492 V           ; 0.181 V                              ; 0.116 V                              ; 4.54e-10 s                  ; 4.44e-10 s                  ; No                         ; Yes                        ; 2.32 V                      ; 2.15e-07 V                  ; 2.41 V             ; -0.0492 V          ; 0.181 V                             ; 0.116 V                             ; 4.54e-10 s                 ; 4.44e-10 s                 ; No                        ; Yes                       ;
; DataAdr[16]   ; 2.5 V        ; 0 s                 ; 0 s                 ; 2.32 V                       ; 1.88e-07 V                   ; 2.35 V              ; -0.0185 V           ; 0.153 V                              ; 0.099 V                              ; 4.6e-10 s                   ; 4.48e-10 s                  ; No                         ; Yes                        ; 2.32 V                      ; 1.88e-07 V                  ; 2.35 V             ; -0.0185 V          ; 0.153 V                             ; 0.099 V                             ; 4.6e-10 s                  ; 4.48e-10 s                 ; No                        ; Yes                       ;
; DataAdr[17]   ; 2.5 V        ; 0 s                 ; 0 s                 ; 2.32 V                       ; 2.15e-07 V                   ; 2.41 V              ; -0.0492 V           ; 0.181 V                              ; 0.116 V                              ; 4.54e-10 s                  ; 4.44e-10 s                  ; No                         ; Yes                        ; 2.32 V                      ; 2.15e-07 V                  ; 2.41 V             ; -0.0492 V          ; 0.181 V                             ; 0.116 V                             ; 4.54e-10 s                 ; 4.44e-10 s                 ; No                        ; Yes                       ;
; DataAdr[18]   ; 2.5 V        ; 0 s                 ; 0 s                 ; 2.32 V                       ; 2.15e-07 V                   ; 2.41 V              ; -0.0495 V           ; 0.18 V                               ; 0.115 V                              ; 4.54e-10 s                  ; 4.44e-10 s                  ; No                         ; Yes                        ; 2.32 V                      ; 2.15e-07 V                  ; 2.41 V             ; -0.0495 V          ; 0.18 V                              ; 0.115 V                             ; 4.54e-10 s                 ; 4.44e-10 s                 ; No                        ; Yes                       ;
; DataAdr[19]   ; 2.5 V        ; 0 s                 ; 0 s                 ; 2.32 V                       ; 2.19e-07 V                   ; 2.4 V               ; -0.039 V            ; 0.21 V                               ; 0.145 V                              ; 4.67e-10 s                  ; 4.63e-10 s                  ; No                         ; Yes                        ; 2.32 V                      ; 2.19e-07 V                  ; 2.4 V              ; -0.039 V           ; 0.21 V                              ; 0.145 V                             ; 4.67e-10 s                 ; 4.63e-10 s                 ; No                        ; Yes                       ;
; DataAdr[20]   ; 2.5 V        ; 0 s                 ; 0 s                 ; 2.32 V                       ; 2.19e-07 V                   ; 2.4 V               ; -0.039 V            ; 0.21 V                               ; 0.145 V                              ; 4.67e-10 s                  ; 4.63e-10 s                  ; No                         ; Yes                        ; 2.32 V                      ; 2.19e-07 V                  ; 2.4 V              ; -0.039 V           ; 0.21 V                              ; 0.145 V                             ; 4.67e-10 s                 ; 4.63e-10 s                 ; No                        ; Yes                       ;
; DataAdr[21]   ; 2.5 V        ; 0 s                 ; 0 s                 ; 2.32 V                       ; 1.88e-07 V                   ; 2.35 V              ; -0.0185 V           ; 0.153 V                              ; 0.099 V                              ; 4.6e-10 s                   ; 4.48e-10 s                  ; No                         ; Yes                        ; 2.32 V                      ; 1.88e-07 V                  ; 2.35 V             ; -0.0185 V          ; 0.153 V                             ; 0.099 V                             ; 4.6e-10 s                  ; 4.48e-10 s                 ; No                        ; Yes                       ;
; DataAdr[22]   ; 2.5 V        ; 0 s                 ; 0 s                 ; 2.32 V                       ; 2.15e-07 V                   ; 2.41 V              ; -0.0492 V           ; 0.181 V                              ; 0.116 V                              ; 4.54e-10 s                  ; 4.44e-10 s                  ; No                         ; Yes                        ; 2.32 V                      ; 2.15e-07 V                  ; 2.41 V             ; -0.0492 V          ; 0.181 V                             ; 0.116 V                             ; 4.54e-10 s                 ; 4.44e-10 s                 ; No                        ; Yes                       ;
; DataAdr[23]   ; 2.5 V        ; 0 s                 ; 0 s                 ; 2.32 V                       ; 1.88e-07 V                   ; 2.35 V              ; -0.0185 V           ; 0.153 V                              ; 0.099 V                              ; 4.6e-10 s                   ; 4.48e-10 s                  ; No                         ; Yes                        ; 2.32 V                      ; 1.88e-07 V                  ; 2.35 V             ; -0.0185 V          ; 0.153 V                             ; 0.099 V                             ; 4.6e-10 s                  ; 4.48e-10 s                 ; No                        ; Yes                       ;
; DataAdr[24]   ; 2.5 V        ; 0 s                 ; 0 s                 ; 2.32 V                       ; 2.19e-07 V                   ; 2.4 V               ; -0.039 V            ; 0.21 V                               ; 0.145 V                              ; 4.67e-10 s                  ; 4.63e-10 s                  ; No                         ; Yes                        ; 2.32 V                      ; 2.19e-07 V                  ; 2.4 V              ; -0.039 V           ; 0.21 V                              ; 0.145 V                             ; 4.67e-10 s                 ; 4.63e-10 s                 ; No                        ; Yes                       ;
; DataAdr[25]   ; 2.5 V        ; 0 s                 ; 0 s                 ; 2.32 V                       ; 2.15e-07 V                   ; 2.41 V              ; -0.0492 V           ; 0.181 V                              ; 0.116 V                              ; 4.54e-10 s                  ; 4.44e-10 s                  ; No                         ; Yes                        ; 2.32 V                      ; 2.15e-07 V                  ; 2.41 V             ; -0.0492 V          ; 0.181 V                             ; 0.116 V                             ; 4.54e-10 s                 ; 4.44e-10 s                 ; No                        ; Yes                       ;
; DataAdr[26]   ; 2.5 V        ; 0 s                 ; 0 s                 ; 2.32 V                       ; 1.88e-07 V                   ; 2.35 V              ; -0.0185 V           ; 0.153 V                              ; 0.099 V                              ; 4.6e-10 s                   ; 4.48e-10 s                  ; No                         ; Yes                        ; 2.32 V                      ; 1.88e-07 V                  ; 2.35 V             ; -0.0185 V          ; 0.153 V                             ; 0.099 V                             ; 4.6e-10 s                  ; 4.48e-10 s                 ; No                        ; Yes                       ;
; DataAdr[27]   ; 2.5 V        ; 0 s                 ; 0 s                 ; 2.32 V                       ; 2.15e-07 V                   ; 2.41 V              ; -0.0492 V           ; 0.181 V                              ; 0.116 V                              ; 4.54e-10 s                  ; 4.44e-10 s                  ; No                         ; Yes                        ; 2.32 V                      ; 2.15e-07 V                  ; 2.41 V             ; -0.0492 V          ; 0.181 V                             ; 0.116 V                             ; 4.54e-10 s                 ; 4.44e-10 s                 ; No                        ; Yes                       ;
; DataAdr[28]   ; 2.5 V        ; 0 s                 ; 0 s                 ; 2.32 V                       ; 2.19e-07 V                   ; 2.4 V               ; -0.039 V            ; 0.21 V                               ; 0.145 V                              ; 4.67e-10 s                  ; 4.63e-10 s                  ; No                         ; Yes                        ; 2.32 V                      ; 2.19e-07 V                  ; 2.4 V              ; -0.039 V           ; 0.21 V                              ; 0.145 V                             ; 4.67e-10 s                 ; 4.63e-10 s                 ; No                        ; Yes                       ;
; DataAdr[29]   ; 2.5 V        ; 0 s                 ; 0 s                 ; 2.32 V                       ; 1.88e-07 V                   ; 2.35 V              ; -0.0185 V           ; 0.153 V                              ; 0.099 V                              ; 4.6e-10 s                   ; 4.48e-10 s                  ; No                         ; Yes                        ; 2.32 V                      ; 1.88e-07 V                  ; 2.35 V             ; -0.0185 V          ; 0.153 V                             ; 0.099 V                             ; 4.6e-10 s                  ; 4.48e-10 s                 ; No                        ; Yes                       ;
; DataAdr[30]   ; 2.5 V        ; 0 s                 ; 0 s                 ; 2.32 V                       ; 1.88e-07 V                   ; 2.35 V              ; -0.0185 V           ; 0.153 V                              ; 0.099 V                              ; 4.6e-10 s                   ; 4.48e-10 s                  ; No                         ; Yes                        ; 2.32 V                      ; 1.88e-07 V                  ; 2.35 V             ; -0.0185 V          ; 0.153 V                             ; 0.099 V                             ; 4.6e-10 s                  ; 4.48e-10 s                 ; No                        ; Yes                       ;
; DataAdr[31]   ; 2.5 V        ; 0 s                 ; 0 s                 ; 2.32 V                       ; 1.88e-07 V                   ; 2.35 V              ; -0.0185 V           ; 0.153 V                              ; 0.099 V                              ; 4.6e-10 s                   ; 4.48e-10 s                  ; No                         ; Yes                        ; 2.32 V                      ; 1.88e-07 V                  ; 2.35 V             ; -0.0185 V          ; 0.153 V                             ; 0.099 V                             ; 4.6e-10 s                  ; 4.48e-10 s                 ; No                        ; Yes                       ;
; ReadData[0]   ; 2.5 V        ; 0 s                 ; 0 s                 ; 2.32 V                       ; 1.88e-07 V                   ; 2.35 V              ; -0.0185 V           ; 0.153 V                              ; 0.099 V                              ; 4.6e-10 s                   ; 4.48e-10 s                  ; No                         ; Yes                        ; 2.32 V                      ; 1.88e-07 V                  ; 2.35 V             ; -0.0185 V          ; 0.153 V                             ; 0.099 V                             ; 4.6e-10 s                  ; 4.48e-10 s                 ; No                        ; Yes                       ;
; ReadData[1]   ; 2.5 V        ; 0 s                 ; 0 s                 ; 2.32 V                       ; 2.19e-07 V                   ; 2.4 V               ; -0.039 V            ; 0.21 V                               ; 0.145 V                              ; 4.67e-10 s                  ; 4.63e-10 s                  ; No                         ; Yes                        ; 2.32 V                      ; 2.19e-07 V                  ; 2.4 V              ; -0.039 V           ; 0.21 V                              ; 0.145 V                             ; 4.67e-10 s                 ; 4.63e-10 s                 ; No                        ; Yes                       ;
; ReadData[2]   ; 2.5 V        ; 0 s                 ; 0 s                 ; 2.32 V                       ; 1.88e-07 V                   ; 2.35 V              ; -0.0185 V           ; 0.153 V                              ; 0.099 V                              ; 4.6e-10 s                   ; 4.48e-10 s                  ; No                         ; Yes                        ; 2.32 V                      ; 1.88e-07 V                  ; 2.35 V             ; -0.0185 V          ; 0.153 V                             ; 0.099 V                             ; 4.6e-10 s                  ; 4.48e-10 s                 ; No                        ; Yes                       ;
; ReadData[3]   ; 2.5 V        ; 0 s                 ; 0 s                 ; 2.32 V                       ; 1.88e-07 V                   ; 2.35 V              ; -0.0185 V           ; 0.153 V                              ; 0.099 V                              ; 4.6e-10 s                   ; 4.48e-10 s                  ; No                         ; Yes                        ; 2.32 V                      ; 1.88e-07 V                  ; 2.35 V             ; -0.0185 V          ; 0.153 V                             ; 0.099 V                             ; 4.6e-10 s                  ; 4.48e-10 s                 ; No                        ; Yes                       ;
; ReadData[4]   ; 2.5 V        ; 0 s                 ; 0 s                 ; 2.32 V                       ; 2.15e-07 V                   ; 2.41 V              ; -0.0492 V           ; 0.181 V                              ; 0.116 V                              ; 4.54e-10 s                  ; 4.44e-10 s                  ; No                         ; Yes                        ; 2.32 V                      ; 2.15e-07 V                  ; 2.41 V             ; -0.0492 V          ; 0.181 V                             ; 0.116 V                             ; 4.54e-10 s                 ; 4.44e-10 s                 ; No                        ; Yes                       ;
; ReadData[5]   ; 2.5 V        ; 0 s                 ; 0 s                 ; 2.32 V                       ; 2.15e-07 V                   ; 2.41 V              ; -0.0495 V           ; 0.18 V                               ; 0.115 V                              ; 4.54e-10 s                  ; 4.44e-10 s                  ; No                         ; Yes                        ; 2.32 V                      ; 2.15e-07 V                  ; 2.41 V             ; -0.0495 V          ; 0.18 V                              ; 0.115 V                             ; 4.54e-10 s                 ; 4.44e-10 s                 ; No                        ; Yes                       ;
; ReadData[6]   ; 2.5 V        ; 0 s                 ; 0 s                 ; 2.32 V                       ; 2.15e-07 V                   ; 2.41 V              ; -0.0492 V           ; 0.181 V                              ; 0.116 V                              ; 4.54e-10 s                  ; 4.44e-10 s                  ; No                         ; Yes                        ; 2.32 V                      ; 2.15e-07 V                  ; 2.41 V             ; -0.0492 V          ; 0.181 V                             ; 0.116 V                             ; 4.54e-10 s                 ; 4.44e-10 s                 ; No                        ; Yes                       ;
; ReadData[7]   ; 2.5 V        ; 0 s                 ; 0 s                 ; 2.32 V                       ; 2.15e-07 V                   ; 2.41 V              ; -0.0495 V           ; 0.18 V                               ; 0.115 V                              ; 4.54e-10 s                  ; 4.44e-10 s                  ; No                         ; Yes                        ; 2.32 V                      ; 2.15e-07 V                  ; 2.41 V             ; -0.0495 V          ; 0.18 V                              ; 0.115 V                             ; 4.54e-10 s                 ; 4.44e-10 s                 ; No                        ; Yes                       ;
; ReadData[8]   ; 2.5 V        ; 0 s                 ; 0 s                 ; 2.32 V                       ; 2.15e-07 V                   ; 2.41 V              ; -0.0492 V           ; 0.181 V                              ; 0.116 V                              ; 4.54e-10 s                  ; 4.44e-10 s                  ; No                         ; Yes                        ; 2.32 V                      ; 2.15e-07 V                  ; 2.41 V             ; -0.0492 V          ; 0.181 V                             ; 0.116 V                             ; 4.54e-10 s                 ; 4.44e-10 s                 ; No                        ; Yes                       ;
; ReadData[9]   ; 2.5 V        ; 0 s                 ; 0 s                 ; 2.32 V                       ; 2.15e-07 V                   ; 2.41 V              ; -0.0492 V           ; 0.181 V                              ; 0.116 V                              ; 4.54e-10 s                  ; 4.44e-10 s                  ; No                         ; Yes                        ; 2.32 V                      ; 2.15e-07 V                  ; 2.41 V             ; -0.0492 V          ; 0.181 V                             ; 0.116 V                             ; 4.54e-10 s                 ; 4.44e-10 s                 ; No                        ; Yes                       ;
; ReadData[10]  ; 2.5 V        ; 0 s                 ; 0 s                 ; 2.32 V                       ; 2.15e-07 V                   ; 2.41 V              ; -0.0495 V           ; 0.18 V                               ; 0.115 V                              ; 4.54e-10 s                  ; 4.44e-10 s                  ; No                         ; Yes                        ; 2.32 V                      ; 2.15e-07 V                  ; 2.41 V             ; -0.0495 V          ; 0.18 V                              ; 0.115 V                             ; 4.54e-10 s                 ; 4.44e-10 s                 ; No                        ; Yes                       ;
; ReadData[11]  ; 2.5 V        ; 0 s                 ; 0 s                 ; 2.32 V                       ; 2.19e-07 V                   ; 2.4 V               ; -0.039 V            ; 0.21 V                               ; 0.145 V                              ; 4.67e-10 s                  ; 4.63e-10 s                  ; No                         ; Yes                        ; 2.32 V                      ; 2.19e-07 V                  ; 2.4 V              ; -0.039 V           ; 0.21 V                              ; 0.145 V                             ; 4.67e-10 s                 ; 4.63e-10 s                 ; No                        ; Yes                       ;
; ReadData[12]  ; 2.5 V        ; 0 s                 ; 0 s                 ; 2.32 V                       ; 2.19e-07 V                   ; 2.4 V               ; -0.039 V            ; 0.21 V                               ; 0.145 V                              ; 4.67e-10 s                  ; 4.63e-10 s                  ; No                         ; Yes                        ; 2.32 V                      ; 2.19e-07 V                  ; 2.4 V              ; -0.039 V           ; 0.21 V                              ; 0.145 V                             ; 4.67e-10 s                 ; 4.63e-10 s                 ; No                        ; Yes                       ;
; ReadData[13]  ; 2.5 V        ; 0 s                 ; 0 s                 ; 2.32 V                       ; 2.15e-07 V                   ; 2.41 V              ; -0.0492 V           ; 0.181 V                              ; 0.116 V                              ; 4.54e-10 s                  ; 4.44e-10 s                  ; No                         ; Yes                        ; 2.32 V                      ; 2.15e-07 V                  ; 2.41 V             ; -0.0492 V          ; 0.181 V                             ; 0.116 V                             ; 4.54e-10 s                 ; 4.44e-10 s                 ; No                        ; Yes                       ;
; ReadData[14]  ; 2.5 V        ; 0 s                 ; 0 s                 ; 2.32 V                       ; 2.19e-07 V                   ; 2.4 V               ; -0.039 V            ; 0.21 V                               ; 0.145 V                              ; 4.67e-10 s                  ; 4.63e-10 s                  ; No                         ; Yes                        ; 2.32 V                      ; 2.19e-07 V                  ; 2.4 V              ; -0.039 V           ; 0.21 V                              ; 0.145 V                             ; 4.67e-10 s                 ; 4.63e-10 s                 ; No                        ; Yes                       ;
; ReadData[15]  ; 2.5 V        ; 0 s                 ; 0 s                 ; 2.32 V                       ; 1.88e-07 V                   ; 2.35 V              ; -0.0185 V           ; 0.153 V                              ; 0.099 V                              ; 4.6e-10 s                   ; 4.48e-10 s                  ; No                         ; Yes                        ; 2.32 V                      ; 1.88e-07 V                  ; 2.35 V             ; -0.0185 V          ; 0.153 V                             ; 0.099 V                             ; 4.6e-10 s                  ; 4.48e-10 s                 ; No                        ; Yes                       ;
; ReadData[16]  ; 2.5 V        ; 0 s                 ; 0 s                 ; 2.32 V                       ; 2.15e-07 V                   ; 2.41 V              ; -0.0495 V           ; 0.18 V                               ; 0.115 V                              ; 4.54e-10 s                  ; 4.44e-10 s                  ; No                         ; Yes                        ; 2.32 V                      ; 2.15e-07 V                  ; 2.41 V             ; -0.0495 V          ; 0.18 V                              ; 0.115 V                             ; 4.54e-10 s                 ; 4.44e-10 s                 ; No                        ; Yes                       ;
; ReadData[17]  ; 2.5 V        ; 0 s                 ; 0 s                 ; 2.32 V                       ; 2.15e-07 V                   ; 2.41 V              ; -0.0495 V           ; 0.18 V                               ; 0.115 V                              ; 4.54e-10 s                  ; 4.44e-10 s                  ; No                         ; Yes                        ; 2.32 V                      ; 2.15e-07 V                  ; 2.41 V             ; -0.0495 V          ; 0.18 V                              ; 0.115 V                             ; 4.54e-10 s                 ; 4.44e-10 s                 ; No                        ; Yes                       ;
; ReadData[18]  ; 2.5 V        ; 0 s                 ; 0 s                 ; 2.32 V                       ; 2.15e-07 V                   ; 2.41 V              ; -0.0492 V           ; 0.181 V                              ; 0.116 V                              ; 4.54e-10 s                  ; 4.44e-10 s                  ; No                         ; Yes                        ; 2.32 V                      ; 2.15e-07 V                  ; 2.41 V             ; -0.0492 V          ; 0.181 V                             ; 0.116 V                             ; 4.54e-10 s                 ; 4.44e-10 s                 ; No                        ; Yes                       ;
; ReadData[19]  ; 2.5 V        ; 0 s                 ; 0 s                 ; 2.32 V                       ; 1.88e-07 V                   ; 2.35 V              ; -0.0185 V           ; 0.153 V                              ; 0.099 V                              ; 4.6e-10 s                   ; 4.48e-10 s                  ; No                         ; Yes                        ; 2.32 V                      ; 1.88e-07 V                  ; 2.35 V             ; -0.0185 V          ; 0.153 V                             ; 0.099 V                             ; 4.6e-10 s                  ; 4.48e-10 s                 ; No                        ; Yes                       ;
; ReadData[20]  ; 2.5 V        ; 0 s                 ; 0 s                 ; 2.32 V                       ; 1.88e-07 V                   ; 2.35 V              ; -0.0185 V           ; 0.153 V                              ; 0.099 V                              ; 4.6e-10 s                   ; 4.48e-10 s                  ; No                         ; Yes                        ; 2.32 V                      ; 1.88e-07 V                  ; 2.35 V             ; -0.0185 V          ; 0.153 V                             ; 0.099 V                             ; 4.6e-10 s                  ; 4.48e-10 s                 ; No                        ; Yes                       ;
; ReadData[21]  ; 2.5 V        ; 0 s                 ; 0 s                 ; 2.32 V                       ; 2.15e-07 V                   ; 2.41 V              ; -0.0495 V           ; 0.18 V                               ; 0.115 V                              ; 4.54e-10 s                  ; 4.44e-10 s                  ; No                         ; Yes                        ; 2.32 V                      ; 2.15e-07 V                  ; 2.41 V             ; -0.0495 V          ; 0.18 V                              ; 0.115 V                             ; 4.54e-10 s                 ; 4.44e-10 s                 ; No                        ; Yes                       ;
; ReadData[22]  ; 2.5 V        ; 0 s                 ; 0 s                 ; 2.32 V                       ; 2.19e-07 V                   ; 2.4 V               ; -0.039 V            ; 0.21 V                               ; 0.145 V                              ; 4.67e-10 s                  ; 4.63e-10 s                  ; No                         ; Yes                        ; 2.32 V                      ; 2.19e-07 V                  ; 2.4 V              ; -0.039 V           ; 0.21 V                              ; 0.145 V                             ; 4.67e-10 s                 ; 4.63e-10 s                 ; No                        ; Yes                       ;
; ReadData[23]  ; 2.5 V        ; 0 s                 ; 0 s                 ; 2.32 V                       ; 2.15e-07 V                   ; 2.41 V              ; -0.0495 V           ; 0.18 V                               ; 0.115 V                              ; 4.54e-10 s                  ; 4.44e-10 s                  ; No                         ; Yes                        ; 2.32 V                      ; 2.15e-07 V                  ; 2.41 V             ; -0.0495 V          ; 0.18 V                              ; 0.115 V                             ; 4.54e-10 s                 ; 4.44e-10 s                 ; No                        ; Yes                       ;
; ReadData[24]  ; 2.5 V        ; 0 s                 ; 0 s                 ; 2.32 V                       ; 2.15e-07 V                   ; 2.41 V              ; -0.0495 V           ; 0.18 V                               ; 0.115 V                              ; 4.54e-10 s                  ; 4.44e-10 s                  ; No                         ; Yes                        ; 2.32 V                      ; 2.15e-07 V                  ; 2.41 V             ; -0.0495 V          ; 0.18 V                              ; 0.115 V                             ; 4.54e-10 s                 ; 4.44e-10 s                 ; No                        ; Yes                       ;
; ReadData[25]  ; 2.5 V        ; 0 s                 ; 0 s                 ; 2.32 V                       ; 2.15e-07 V                   ; 2.41 V              ; -0.0492 V           ; 0.181 V                              ; 0.116 V                              ; 4.54e-10 s                  ; 4.44e-10 s                  ; No                         ; Yes                        ; 2.32 V                      ; 2.15e-07 V                  ; 2.41 V             ; -0.0492 V          ; 0.181 V                             ; 0.116 V                             ; 4.54e-10 s                 ; 4.44e-10 s                 ; No                        ; Yes                       ;
; ReadData[26]  ; 2.5 V        ; 0 s                 ; 0 s                 ; 2.32 V                       ; 2.15e-07 V                   ; 2.41 V              ; -0.0495 V           ; 0.18 V                               ; 0.115 V                              ; 4.54e-10 s                  ; 4.44e-10 s                  ; No                         ; Yes                        ; 2.32 V                      ; 2.15e-07 V                  ; 2.41 V             ; -0.0495 V          ; 0.18 V                              ; 0.115 V                             ; 4.54e-10 s                 ; 4.44e-10 s                 ; No                        ; Yes                       ;
; ReadData[27]  ; 2.5 V        ; 0 s                 ; 0 s                 ; 2.32 V                       ; 2.15e-07 V                   ; 2.41 V              ; -0.0492 V           ; 0.181 V                              ; 0.116 V                              ; 4.54e-10 s                  ; 4.44e-10 s                  ; No                         ; Yes                        ; 2.32 V                      ; 2.15e-07 V                  ; 2.41 V             ; -0.0492 V          ; 0.181 V                             ; 0.116 V                             ; 4.54e-10 s                 ; 4.44e-10 s                 ; No                        ; Yes                       ;
; ReadData[28]  ; 2.5 V        ; 0 s                 ; 0 s                 ; 2.32 V                       ; 2.19e-07 V                   ; 2.4 V               ; -0.039 V            ; 0.21 V                               ; 0.145 V                              ; 4.67e-10 s                  ; 4.63e-10 s                  ; No                         ; Yes                        ; 2.32 V                      ; 2.19e-07 V                  ; 2.4 V              ; -0.039 V           ; 0.21 V                              ; 0.145 V                             ; 4.67e-10 s                 ; 4.63e-10 s                 ; No                        ; Yes                       ;
; ReadData[29]  ; 2.5 V        ; 0 s                 ; 0 s                 ; 2.32 V                       ; 1.88e-07 V                   ; 2.35 V              ; -0.0185 V           ; 0.153 V                              ; 0.099 V                              ; 4.6e-10 s                   ; 4.48e-10 s                  ; No                         ; Yes                        ; 2.32 V                      ; 1.88e-07 V                  ; 2.35 V             ; -0.0185 V          ; 0.153 V                             ; 0.099 V                             ; 4.6e-10 s                  ; 4.48e-10 s                 ; No                        ; Yes                       ;
; ReadData[30]  ; 2.5 V        ; 0 s                 ; 0 s                 ; 2.32 V                       ; 2.15e-07 V                   ; 2.41 V              ; -0.0492 V           ; 0.181 V                              ; 0.116 V                              ; 4.54e-10 s                  ; 4.44e-10 s                  ; No                         ; Yes                        ; 2.32 V                      ; 2.15e-07 V                  ; 2.41 V             ; -0.0492 V          ; 0.181 V                             ; 0.116 V                             ; 4.54e-10 s                 ; 4.44e-10 s                 ; No                        ; Yes                       ;
; ReadData[31]  ; 2.5 V        ; 0 s                 ; 0 s                 ; 2.32 V                       ; 2.15e-07 V                   ; 2.41 V              ; -0.0492 V           ; 0.181 V                              ; 0.116 V                              ; 4.54e-10 s                  ; 4.44e-10 s                  ; No                         ; Yes                        ; 2.32 V                      ; 2.15e-07 V                  ; 2.41 V             ; -0.0492 V          ; 0.181 V                             ; 0.116 V                             ; 4.54e-10 s                 ; 4.44e-10 s                 ; No                        ; Yes                       ;
; PC[0]         ; 2.5 V        ; 0 s                 ; 0 s                 ; 2.32 V                       ; 1.88e-07 V                   ; 2.35 V              ; -0.0185 V           ; 0.153 V                              ; 0.099 V                              ; 4.6e-10 s                   ; 4.48e-10 s                  ; No                         ; Yes                        ; 2.32 V                      ; 1.88e-07 V                  ; 2.35 V             ; -0.0185 V          ; 0.153 V                             ; 0.099 V                             ; 4.6e-10 s                  ; 4.48e-10 s                 ; No                        ; Yes                       ;
; PC[1]         ; 2.5 V        ; 0 s                 ; 0 s                 ; 2.32 V                       ; 2.15e-07 V                   ; 2.41 V              ; -0.0492 V           ; 0.181 V                              ; 0.116 V                              ; 4.54e-10 s                  ; 4.44e-10 s                  ; No                         ; Yes                        ; 2.32 V                      ; 2.15e-07 V                  ; 2.41 V             ; -0.0492 V          ; 0.181 V                             ; 0.116 V                             ; 4.54e-10 s                 ; 4.44e-10 s                 ; No                        ; Yes                       ;
; PC[2]         ; 2.5 V        ; 0 s                 ; 0 s                 ; 2.32 V                       ; 2.19e-07 V                   ; 2.4 V               ; -0.039 V            ; 0.21 V                               ; 0.145 V                              ; 4.67e-10 s                  ; 4.63e-10 s                  ; No                         ; Yes                        ; 2.32 V                      ; 2.19e-07 V                  ; 2.4 V              ; -0.039 V           ; 0.21 V                              ; 0.145 V                             ; 4.67e-10 s                 ; 4.63e-10 s                 ; No                        ; Yes                       ;
; PC[3]         ; 2.5 V        ; 0 s                 ; 0 s                 ; 2.32 V                       ; 1.88e-07 V                   ; 2.35 V              ; -0.0185 V           ; 0.153 V                              ; 0.099 V                              ; 4.6e-10 s                   ; 4.48e-10 s                  ; No                         ; Yes                        ; 2.32 V                      ; 1.88e-07 V                  ; 2.35 V             ; -0.0185 V          ; 0.153 V                             ; 0.099 V                             ; 4.6e-10 s                  ; 4.48e-10 s                 ; No                        ; Yes                       ;
; PC[4]         ; 2.5 V        ; 0 s                 ; 0 s                 ; 2.32 V                       ; 1.88e-07 V                   ; 2.35 V              ; -0.0185 V           ; 0.153 V                              ; 0.099 V                              ; 4.6e-10 s                   ; 4.48e-10 s                  ; No                         ; Yes                        ; 2.32 V                      ; 1.88e-07 V                  ; 2.35 V             ; -0.0185 V          ; 0.153 V                             ; 0.099 V                             ; 4.6e-10 s                  ; 4.48e-10 s                 ; No                        ; Yes                       ;
; PC[5]         ; 2.5 V        ; 0 s                 ; 0 s                 ; 2.32 V                       ; 2.15e-07 V                   ; 2.41 V              ; -0.0492 V           ; 0.181 V                              ; 0.116 V                              ; 4.54e-10 s                  ; 4.44e-10 s                  ; No                         ; Yes                        ; 2.32 V                      ; 2.15e-07 V                  ; 2.41 V             ; -0.0492 V          ; 0.181 V                             ; 0.116 V                             ; 4.54e-10 s                 ; 4.44e-10 s                 ; No                        ; Yes                       ;
; PC[6]         ; 2.5 V        ; 0 s                 ; 0 s                 ; 2.32 V                       ; 2.15e-07 V                   ; 2.41 V              ; -0.0495 V           ; 0.18 V                               ; 0.115 V                              ; 4.54e-10 s                  ; 4.44e-10 s                  ; No                         ; Yes                        ; 2.32 V                      ; 2.15e-07 V                  ; 2.41 V             ; -0.0495 V          ; 0.18 V                              ; 0.115 V                             ; 4.54e-10 s                 ; 4.44e-10 s                 ; No                        ; Yes                       ;
; PC[7]         ; 2.5 V        ; 0 s                 ; 0 s                 ; 2.32 V                       ; 2.15e-07 V                   ; 2.41 V              ; -0.0495 V           ; 0.18 V                               ; 0.115 V                              ; 4.54e-10 s                  ; 4.44e-10 s                  ; No                         ; Yes                        ; 2.32 V                      ; 2.15e-07 V                  ; 2.41 V             ; -0.0495 V          ; 0.18 V                              ; 0.115 V                             ; 4.54e-10 s                 ; 4.44e-10 s                 ; No                        ; Yes                       ;
; PC[8]         ; 2.5 V        ; 0 s                 ; 0 s                 ; 2.32 V                       ; 1.88e-07 V                   ; 2.35 V              ; -0.0185 V           ; 0.153 V                              ; 0.099 V                              ; 4.6e-10 s                   ; 4.48e-10 s                  ; No                         ; Yes                        ; 2.32 V                      ; 1.88e-07 V                  ; 2.35 V             ; -0.0185 V          ; 0.153 V                             ; 0.099 V                             ; 4.6e-10 s                  ; 4.48e-10 s                 ; No                        ; Yes                       ;
; PC[9]         ; 2.5 V        ; 0 s                 ; 0 s                 ; 2.32 V                       ; 1.88e-07 V                   ; 2.35 V              ; -0.0185 V           ; 0.153 V                              ; 0.099 V                              ; 4.6e-10 s                   ; 4.48e-10 s                  ; No                         ; Yes                        ; 2.32 V                      ; 1.88e-07 V                  ; 2.35 V             ; -0.0185 V          ; 0.153 V                             ; 0.099 V                             ; 4.6e-10 s                  ; 4.48e-10 s                 ; No                        ; Yes                       ;
; PC[10]        ; 2.5 V        ; 0 s                 ; 0 s                 ; 2.32 V                       ; 2.19e-07 V                   ; 2.4 V               ; -0.039 V            ; 0.21 V                               ; 0.145 V                              ; 4.67e-10 s                  ; 4.63e-10 s                  ; No                         ; Yes                        ; 2.32 V                      ; 2.19e-07 V                  ; 2.4 V              ; -0.039 V           ; 0.21 V                              ; 0.145 V                             ; 4.67e-10 s                 ; 4.63e-10 s                 ; No                        ; Yes                       ;
; PC[11]        ; 2.5 V        ; 0 s                 ; 0 s                 ; 2.32 V                       ; 2.15e-07 V                   ; 2.41 V              ; -0.0495 V           ; 0.18 V                               ; 0.115 V                              ; 4.54e-10 s                  ; 4.44e-10 s                  ; No                         ; Yes                        ; 2.32 V                      ; 2.15e-07 V                  ; 2.41 V             ; -0.0495 V          ; 0.18 V                              ; 0.115 V                             ; 4.54e-10 s                 ; 4.44e-10 s                 ; No                        ; Yes                       ;
; PC[12]        ; 2.5 V        ; 0 s                 ; 0 s                 ; 2.32 V                       ; 2.19e-07 V                   ; 2.4 V               ; -0.039 V            ; 0.21 V                               ; 0.145 V                              ; 4.67e-10 s                  ; 4.63e-10 s                  ; No                         ; Yes                        ; 2.32 V                      ; 2.19e-07 V                  ; 2.4 V              ; -0.039 V           ; 0.21 V                              ; 0.145 V                             ; 4.67e-10 s                 ; 4.63e-10 s                 ; No                        ; Yes                       ;
; PC[13]        ; 2.5 V        ; 0 s                 ; 0 s                 ; 2.32 V                       ; 2.19e-07 V                   ; 2.4 V               ; -0.039 V            ; 0.21 V                               ; 0.145 V                              ; 4.67e-10 s                  ; 4.63e-10 s                  ; No                         ; Yes                        ; 2.32 V                      ; 2.19e-07 V                  ; 2.4 V              ; -0.039 V           ; 0.21 V                              ; 0.145 V                             ; 4.67e-10 s                 ; 4.63e-10 s                 ; No                        ; Yes                       ;
; PC[14]        ; 2.5 V        ; 0 s                 ; 0 s                 ; 2.32 V                       ; 2.15e-07 V                   ; 2.41 V              ; -0.0492 V           ; 0.181 V                              ; 0.116 V                              ; 4.54e-10 s                  ; 4.44e-10 s                  ; No                         ; Yes                        ; 2.32 V                      ; 2.15e-07 V                  ; 2.41 V             ; -0.0492 V          ; 0.181 V                             ; 0.116 V                             ; 4.54e-10 s                 ; 4.44e-10 s                 ; No                        ; Yes                       ;
; PC[15]        ; 2.5 V        ; 0 s                 ; 0 s                 ; 2.32 V                       ; 2.15e-07 V                   ; 2.41 V              ; -0.0492 V           ; 0.181 V                              ; 0.116 V                              ; 4.54e-10 s                  ; 4.44e-10 s                  ; No                         ; Yes                        ; 2.32 V                      ; 2.15e-07 V                  ; 2.41 V             ; -0.0492 V          ; 0.181 V                             ; 0.116 V                             ; 4.54e-10 s                 ; 4.44e-10 s                 ; No                        ; Yes                       ;
; PC[16]        ; 2.5 V        ; 0 s                 ; 0 s                 ; 2.32 V                       ; 2.15e-07 V                   ; 2.41 V              ; -0.0492 V           ; 0.181 V                              ; 0.116 V                              ; 4.54e-10 s                  ; 4.44e-10 s                  ; No                         ; Yes                        ; 2.32 V                      ; 2.15e-07 V                  ; 2.41 V             ; -0.0492 V          ; 0.181 V                             ; 0.116 V                             ; 4.54e-10 s                 ; 4.44e-10 s                 ; No                        ; Yes                       ;
; PC[17]        ; 2.5 V        ; 0 s                 ; 0 s                 ; 2.32 V                       ; 2.19e-07 V                   ; 2.4 V               ; -0.039 V            ; 0.21 V                               ; 0.145 V                              ; 4.67e-10 s                  ; 4.63e-10 s                  ; No                         ; Yes                        ; 2.32 V                      ; 2.19e-07 V                  ; 2.4 V              ; -0.039 V           ; 0.21 V                              ; 0.145 V                             ; 4.67e-10 s                 ; 4.63e-10 s                 ; No                        ; Yes                       ;
; PC[18]        ; 2.5 V        ; 0 s                 ; 0 s                 ; 2.32 V                       ; 2.15e-07 V                   ; 2.41 V              ; -0.0495 V           ; 0.18 V                               ; 0.115 V                              ; 4.54e-10 s                  ; 4.44e-10 s                  ; No                         ; Yes                        ; 2.32 V                      ; 2.15e-07 V                  ; 2.41 V             ; -0.0495 V          ; 0.18 V                              ; 0.115 V                             ; 4.54e-10 s                 ; 4.44e-10 s                 ; No                        ; Yes                       ;
; PC[19]        ; 2.5 V        ; 0 s                 ; 0 s                 ; 2.32 V                       ; 2.19e-07 V                   ; 2.4 V               ; -0.039 V            ; 0.21 V                               ; 0.145 V                              ; 4.67e-10 s                  ; 4.63e-10 s                  ; No                         ; Yes                        ; 2.32 V                      ; 2.19e-07 V                  ; 2.4 V              ; -0.039 V           ; 0.21 V                              ; 0.145 V                             ; 4.67e-10 s                 ; 4.63e-10 s                 ; No                        ; Yes                       ;
; PC[20]        ; 2.5 V        ; 0 s                 ; 0 s                 ; 2.32 V                       ; 1.88e-07 V                   ; 2.35 V              ; -0.0185 V           ; 0.153 V                              ; 0.099 V                              ; 4.6e-10 s                   ; 4.48e-10 s                  ; No                         ; Yes                        ; 2.32 V                      ; 1.88e-07 V                  ; 2.35 V             ; -0.0185 V          ; 0.153 V                             ; 0.099 V                             ; 4.6e-10 s                  ; 4.48e-10 s                 ; No                        ; Yes                       ;
; PC[21]        ; 2.5 V        ; 0 s                 ; 0 s                 ; 2.32 V                       ; 2.15e-07 V                   ; 2.41 V              ; -0.0492 V           ; 0.181 V                              ; 0.116 V                              ; 4.54e-10 s                  ; 4.44e-10 s                  ; No                         ; Yes                        ; 2.32 V                      ; 2.15e-07 V                  ; 2.41 V             ; -0.0492 V          ; 0.181 V                             ; 0.116 V                             ; 4.54e-10 s                 ; 4.44e-10 s                 ; No                        ; Yes                       ;
; PC[22]        ; 2.5 V        ; 0 s                 ; 0 s                 ; 2.32 V                       ; 1.88e-07 V                   ; 2.35 V              ; -0.0185 V           ; 0.153 V                              ; 0.099 V                              ; 4.6e-10 s                   ; 4.48e-10 s                  ; No                         ; Yes                        ; 2.32 V                      ; 1.88e-07 V                  ; 2.35 V             ; -0.0185 V          ; 0.153 V                             ; 0.099 V                             ; 4.6e-10 s                  ; 4.48e-10 s                 ; No                        ; Yes                       ;
; PC[23]        ; 2.5 V        ; 0 s                 ; 0 s                 ; 2.32 V                       ; 2.15e-07 V                   ; 2.41 V              ; -0.0495 V           ; 0.18 V                               ; 0.115 V                              ; 4.54e-10 s                  ; 4.44e-10 s                  ; No                         ; Yes                        ; 2.32 V                      ; 2.15e-07 V                  ; 2.41 V             ; -0.0495 V          ; 0.18 V                              ; 0.115 V                             ; 4.54e-10 s                 ; 4.44e-10 s                 ; No                        ; Yes                       ;
; PC[24]        ; 2.5 V        ; 0 s                 ; 0 s                 ; 2.32 V                       ; 2.19e-07 V                   ; 2.4 V               ; -0.039 V            ; 0.21 V                               ; 0.145 V                              ; 4.67e-10 s                  ; 4.63e-10 s                  ; No                         ; Yes                        ; 2.32 V                      ; 2.19e-07 V                  ; 2.4 V              ; -0.039 V           ; 0.21 V                              ; 0.145 V                             ; 4.67e-10 s                 ; 4.63e-10 s                 ; No                        ; Yes                       ;
; PC[25]        ; 2.5 V        ; 0 s                 ; 0 s                 ; 2.32 V                       ; 2.15e-07 V                   ; 2.41 V              ; -0.0495 V           ; 0.18 V                               ; 0.115 V                              ; 4.54e-10 s                  ; 4.44e-10 s                  ; No                         ; Yes                        ; 2.32 V                      ; 2.15e-07 V                  ; 2.41 V             ; -0.0495 V          ; 0.18 V                              ; 0.115 V                             ; 4.54e-10 s                 ; 4.44e-10 s                 ; No                        ; Yes                       ;
; PC[26]        ; 2.5 V        ; 0 s                 ; 0 s                 ; 2.32 V                       ; 2.15e-07 V                   ; 2.41 V              ; -0.0492 V           ; 0.181 V                              ; 0.116 V                              ; 4.54e-10 s                  ; 4.44e-10 s                  ; No                         ; Yes                        ; 2.32 V                      ; 2.15e-07 V                  ; 2.41 V             ; -0.0492 V          ; 0.181 V                             ; 0.116 V                             ; 4.54e-10 s                 ; 4.44e-10 s                 ; No                        ; Yes                       ;
; PC[27]        ; 2.5 V        ; 0 s                 ; 0 s                 ; 2.32 V                       ; 2.15e-07 V                   ; 2.41 V              ; -0.0492 V           ; 0.181 V                              ; 0.116 V                              ; 4.54e-10 s                  ; 4.44e-10 s                  ; No                         ; Yes                        ; 2.32 V                      ; 2.15e-07 V                  ; 2.41 V             ; -0.0492 V          ; 0.181 V                             ; 0.116 V                             ; 4.54e-10 s                 ; 4.44e-10 s                 ; No                        ; Yes                       ;
; PC[28]        ; 2.5 V        ; 0 s                 ; 0 s                 ; 2.32 V                       ; 2.15e-07 V                   ; 2.41 V              ; -0.0495 V           ; 0.18 V                               ; 0.115 V                              ; 4.54e-10 s                  ; 4.44e-10 s                  ; No                         ; Yes                        ; 2.32 V                      ; 2.15e-07 V                  ; 2.41 V             ; -0.0495 V          ; 0.18 V                              ; 0.115 V                             ; 4.54e-10 s                 ; 4.44e-10 s                 ; No                        ; Yes                       ;
; PC[29]        ; 2.5 V        ; 0 s                 ; 0 s                 ; 2.32 V                       ; 2.19e-07 V                   ; 2.4 V               ; -0.039 V            ; 0.21 V                               ; 0.145 V                              ; 4.67e-10 s                  ; 4.63e-10 s                  ; No                         ; Yes                        ; 2.32 V                      ; 2.19e-07 V                  ; 2.4 V              ; -0.039 V           ; 0.21 V                              ; 0.145 V                             ; 4.67e-10 s                 ; 4.63e-10 s                 ; No                        ; Yes                       ;
; PC[30]        ; 2.5 V        ; 0 s                 ; 0 s                 ; 2.32 V                       ; 2.15e-07 V                   ; 2.41 V              ; -0.0492 V           ; 0.181 V                              ; 0.116 V                              ; 4.54e-10 s                  ; 4.44e-10 s                  ; No                         ; Yes                        ; 2.32 V                      ; 2.15e-07 V                  ; 2.41 V             ; -0.0492 V          ; 0.181 V                             ; 0.116 V                             ; 4.54e-10 s                 ; 4.44e-10 s                 ; No                        ; Yes                       ;
; PC[31]        ; 2.5 V        ; 0 s                 ; 0 s                 ; 2.32 V                       ; 2.19e-07 V                   ; 2.4 V               ; -0.039 V            ; 0.21 V                               ; 0.145 V                              ; 4.67e-10 s                  ; 4.63e-10 s                  ; No                         ; Yes                        ; 2.32 V                      ; 2.19e-07 V                  ; 2.4 V              ; -0.039 V           ; 0.21 V                              ; 0.145 V                             ; 4.67e-10 s                 ; 4.63e-10 s                 ; No                        ; Yes                       ;
; Result[0]     ; 2.5 V        ; 0 s                 ; 0 s                 ; 2.32 V                       ; 2.19e-07 V                   ; 2.4 V               ; -0.039 V            ; 0.21 V                               ; 0.145 V                              ; 4.67e-10 s                  ; 4.63e-10 s                  ; No                         ; Yes                        ; 2.32 V                      ; 2.19e-07 V                  ; 2.4 V              ; -0.039 V           ; 0.21 V                              ; 0.145 V                             ; 4.67e-10 s                 ; 4.63e-10 s                 ; No                        ; Yes                       ;
; Result[1]     ; 2.5 V        ; 0 s                 ; 0 s                 ; 2.32 V                       ; 2.15e-07 V                   ; 2.41 V              ; -0.0492 V           ; 0.181 V                              ; 0.116 V                              ; 4.54e-10 s                  ; 4.44e-10 s                  ; No                         ; Yes                        ; 2.32 V                      ; 2.15e-07 V                  ; 2.41 V             ; -0.0492 V          ; 0.181 V                             ; 0.116 V                             ; 4.54e-10 s                 ; 4.44e-10 s                 ; No                        ; Yes                       ;
; Result[2]     ; 2.5 V        ; 0 s                 ; 0 s                 ; 2.32 V                       ; 2.15e-07 V                   ; 2.41 V              ; -0.0492 V           ; 0.181 V                              ; 0.116 V                              ; 4.54e-10 s                  ; 4.44e-10 s                  ; No                         ; Yes                        ; 2.32 V                      ; 2.15e-07 V                  ; 2.41 V             ; -0.0492 V          ; 0.181 V                             ; 0.116 V                             ; 4.54e-10 s                 ; 4.44e-10 s                 ; No                        ; Yes                       ;
; Result[3]     ; 2.5 V        ; 0 s                 ; 0 s                 ; 2.32 V                       ; 2.15e-07 V                   ; 2.41 V              ; -0.0492 V           ; 0.181 V                              ; 0.116 V                              ; 4.54e-10 s                  ; 4.44e-10 s                  ; No                         ; Yes                        ; 2.32 V                      ; 2.15e-07 V                  ; 2.41 V             ; -0.0492 V          ; 0.181 V                             ; 0.116 V                             ; 4.54e-10 s                 ; 4.44e-10 s                 ; No                        ; Yes                       ;
; Result[4]     ; 2.5 V        ; 0 s                 ; 0 s                 ; 2.32 V                       ; 1.88e-07 V                   ; 2.35 V              ; -0.0185 V           ; 0.153 V                              ; 0.099 V                              ; 4.6e-10 s                   ; 4.48e-10 s                  ; No                         ; Yes                        ; 2.32 V                      ; 1.88e-07 V                  ; 2.35 V             ; -0.0185 V          ; 0.153 V                             ; 0.099 V                             ; 4.6e-10 s                  ; 4.48e-10 s                 ; No                        ; Yes                       ;
; Result[5]     ; 2.5 V        ; 0 s                 ; 0 s                 ; 2.32 V                       ; 1.88e-07 V                   ; 2.35 V              ; -0.0185 V           ; 0.153 V                              ; 0.099 V                              ; 4.6e-10 s                   ; 4.48e-10 s                  ; No                         ; Yes                        ; 2.32 V                      ; 1.88e-07 V                  ; 2.35 V             ; -0.0185 V          ; 0.153 V                             ; 0.099 V                             ; 4.6e-10 s                  ; 4.48e-10 s                 ; No                        ; Yes                       ;
; Result[6]     ; 2.5 V        ; 0 s                 ; 0 s                 ; 2.32 V                       ; 2.19e-07 V                   ; 2.4 V               ; -0.039 V            ; 0.21 V                               ; 0.145 V                              ; 4.67e-10 s                  ; 4.63e-10 s                  ; No                         ; Yes                        ; 2.32 V                      ; 2.19e-07 V                  ; 2.4 V              ; -0.039 V           ; 0.21 V                              ; 0.145 V                             ; 4.67e-10 s                 ; 4.63e-10 s                 ; No                        ; Yes                       ;
; Result[7]     ; 2.5 V        ; 0 s                 ; 0 s                 ; 2.32 V                       ; 2.15e-07 V                   ; 2.41 V              ; -0.0492 V           ; 0.181 V                              ; 0.116 V                              ; 4.54e-10 s                  ; 4.44e-10 s                  ; No                         ; Yes                        ; 2.32 V                      ; 2.15e-07 V                  ; 2.41 V             ; -0.0492 V          ; 0.181 V                             ; 0.116 V                             ; 4.54e-10 s                 ; 4.44e-10 s                 ; No                        ; Yes                       ;
; Result[8]     ; 2.5 V        ; 0 s                 ; 0 s                 ; 2.32 V                       ; 2.15e-07 V                   ; 2.41 V              ; -0.0495 V           ; 0.18 V                               ; 0.115 V                              ; 4.54e-10 s                  ; 4.44e-10 s                  ; No                         ; Yes                        ; 2.32 V                      ; 2.15e-07 V                  ; 2.41 V             ; -0.0495 V          ; 0.18 V                              ; 0.115 V                             ; 4.54e-10 s                 ; 4.44e-10 s                 ; No                        ; Yes                       ;
; Result[9]     ; 2.5 V        ; 0 s                 ; 0 s                 ; 2.32 V                       ; 1.88e-07 V                   ; 2.35 V              ; -0.0185 V           ; 0.153 V                              ; 0.099 V                              ; 4.6e-10 s                   ; 4.48e-10 s                  ; No                         ; Yes                        ; 2.32 V                      ; 1.88e-07 V                  ; 2.35 V             ; -0.0185 V          ; 0.153 V                             ; 0.099 V                             ; 4.6e-10 s                  ; 4.48e-10 s                 ; No                        ; Yes                       ;
; Result[10]    ; 2.5 V        ; 0 s                 ; 0 s                 ; 2.32 V                       ; 2.15e-07 V                   ; 2.41 V              ; -0.0495 V           ; 0.18 V                               ; 0.115 V                              ; 4.54e-10 s                  ; 4.44e-10 s                  ; No                         ; Yes                        ; 2.32 V                      ; 2.15e-07 V                  ; 2.41 V             ; -0.0495 V          ; 0.18 V                              ; 0.115 V                             ; 4.54e-10 s                 ; 4.44e-10 s                 ; No                        ; Yes                       ;
; Result[11]    ; 2.5 V        ; 0 s                 ; 0 s                 ; 2.32 V                       ; 2.15e-07 V                   ; 2.41 V              ; -0.0492 V           ; 0.181 V                              ; 0.116 V                              ; 4.54e-10 s                  ; 4.44e-10 s                  ; No                         ; Yes                        ; 2.32 V                      ; 2.15e-07 V                  ; 2.41 V             ; -0.0492 V          ; 0.181 V                             ; 0.116 V                             ; 4.54e-10 s                 ; 4.44e-10 s                 ; No                        ; Yes                       ;
; Result[12]    ; 2.5 V        ; 0 s                 ; 0 s                 ; 2.32 V                       ; 2.19e-07 V                   ; 2.4 V               ; -0.039 V            ; 0.21 V                               ; 0.145 V                              ; 4.67e-10 s                  ; 4.63e-10 s                  ; No                         ; Yes                        ; 2.32 V                      ; 2.19e-07 V                  ; 2.4 V              ; -0.039 V           ; 0.21 V                              ; 0.145 V                             ; 4.67e-10 s                 ; 4.63e-10 s                 ; No                        ; Yes                       ;
; Result[13]    ; 2.5 V        ; 0 s                 ; 0 s                 ; 2.32 V                       ; 1.88e-07 V                   ; 2.35 V              ; -0.0185 V           ; 0.153 V                              ; 0.099 V                              ; 4.6e-10 s                   ; 4.48e-10 s                  ; No                         ; Yes                        ; 2.32 V                      ; 1.88e-07 V                  ; 2.35 V             ; -0.0185 V          ; 0.153 V                             ; 0.099 V                             ; 4.6e-10 s                  ; 4.48e-10 s                 ; No                        ; Yes                       ;
; Result[14]    ; 2.5 V        ; 0 s                 ; 0 s                 ; 2.32 V                       ; 2.19e-07 V                   ; 2.4 V               ; -0.039 V            ; 0.21 V                               ; 0.145 V                              ; 4.67e-10 s                  ; 4.63e-10 s                  ; No                         ; Yes                        ; 2.32 V                      ; 2.19e-07 V                  ; 2.4 V              ; -0.039 V           ; 0.21 V                              ; 0.145 V                             ; 4.67e-10 s                 ; 4.63e-10 s                 ; No                        ; Yes                       ;
; Result[15]    ; 2.5 V        ; 0 s                 ; 0 s                 ; 2.32 V                       ; 2.19e-07 V                   ; 2.4 V               ; -0.039 V            ; 0.21 V                               ; 0.145 V                              ; 4.67e-10 s                  ; 4.63e-10 s                  ; No                         ; Yes                        ; 2.32 V                      ; 2.19e-07 V                  ; 2.4 V              ; -0.039 V           ; 0.21 V                              ; 0.145 V                             ; 4.67e-10 s                 ; 4.63e-10 s                 ; No                        ; Yes                       ;
; Result[16]    ; 2.5 V        ; 0 s                 ; 0 s                 ; 2.32 V                       ; 2.19e-07 V                   ; 2.4 V               ; -0.039 V            ; 0.21 V                               ; 0.145 V                              ; 4.67e-10 s                  ; 4.63e-10 s                  ; No                         ; Yes                        ; 2.32 V                      ; 2.19e-07 V                  ; 2.4 V              ; -0.039 V           ; 0.21 V                              ; 0.145 V                             ; 4.67e-10 s                 ; 4.63e-10 s                 ; No                        ; Yes                       ;
; Result[17]    ; 2.5 V        ; 0 s                 ; 0 s                 ; 2.32 V                       ; 2.15e-07 V                   ; 2.41 V              ; -0.0492 V           ; 0.181 V                              ; 0.116 V                              ; 4.54e-10 s                  ; 4.44e-10 s                  ; No                         ; Yes                        ; 2.32 V                      ; 2.15e-07 V                  ; 2.41 V             ; -0.0492 V          ; 0.181 V                             ; 0.116 V                             ; 4.54e-10 s                 ; 4.44e-10 s                 ; No                        ; Yes                       ;
; Result[18]    ; 2.5 V        ; 0 s                 ; 0 s                 ; 2.32 V                       ; 2.15e-07 V                   ; 2.41 V              ; -0.0495 V           ; 0.18 V                               ; 0.115 V                              ; 4.54e-10 s                  ; 4.44e-10 s                  ; No                         ; Yes                        ; 2.32 V                      ; 2.15e-07 V                  ; 2.41 V             ; -0.0495 V          ; 0.18 V                              ; 0.115 V                             ; 4.54e-10 s                 ; 4.44e-10 s                 ; No                        ; Yes                       ;
; Result[19]    ; 2.5 V        ; 0 s                 ; 0 s                 ; 2.32 V                       ; 1.88e-07 V                   ; 2.35 V              ; -0.0185 V           ; 0.153 V                              ; 0.099 V                              ; 4.6e-10 s                   ; 4.48e-10 s                  ; No                         ; Yes                        ; 2.32 V                      ; 1.88e-07 V                  ; 2.35 V             ; -0.0185 V          ; 0.153 V                             ; 0.099 V                             ; 4.6e-10 s                  ; 4.48e-10 s                 ; No                        ; Yes                       ;
; Result[20]    ; 2.5 V        ; 0 s                 ; 0 s                 ; 2.32 V                       ; 2.15e-07 V                   ; 2.41 V              ; -0.0495 V           ; 0.18 V                               ; 0.115 V                              ; 4.54e-10 s                  ; 4.44e-10 s                  ; No                         ; Yes                        ; 2.32 V                      ; 2.15e-07 V                  ; 2.41 V             ; -0.0495 V          ; 0.18 V                              ; 0.115 V                             ; 4.54e-10 s                 ; 4.44e-10 s                 ; No                        ; Yes                       ;
; Result[21]    ; 2.5 V        ; 0 s                 ; 0 s                 ; 2.32 V                       ; 2.15e-07 V                   ; 2.41 V              ; -0.0492 V           ; 0.181 V                              ; 0.116 V                              ; 4.54e-10 s                  ; 4.44e-10 s                  ; No                         ; Yes                        ; 2.32 V                      ; 2.15e-07 V                  ; 2.41 V             ; -0.0492 V          ; 0.181 V                             ; 0.116 V                             ; 4.54e-10 s                 ; 4.44e-10 s                 ; No                        ; Yes                       ;
; Result[22]    ; 2.5 V        ; 0 s                 ; 0 s                 ; 2.32 V                       ; 2.15e-07 V                   ; 2.41 V              ; -0.0495 V           ; 0.18 V                               ; 0.115 V                              ; 4.54e-10 s                  ; 4.44e-10 s                  ; No                         ; Yes                        ; 2.32 V                      ; 2.15e-07 V                  ; 2.41 V             ; -0.0495 V          ; 0.18 V                              ; 0.115 V                             ; 4.54e-10 s                 ; 4.44e-10 s                 ; No                        ; Yes                       ;
; Result[23]    ; 2.5 V        ; 0 s                 ; 0 s                 ; 2.32 V                       ; 2.15e-07 V                   ; 2.41 V              ; -0.0495 V           ; 0.18 V                               ; 0.115 V                              ; 4.54e-10 s                  ; 4.44e-10 s                  ; No                         ; Yes                        ; 2.32 V                      ; 2.15e-07 V                  ; 2.41 V             ; -0.0495 V          ; 0.18 V                              ; 0.115 V                             ; 4.54e-10 s                 ; 4.44e-10 s                 ; No                        ; Yes                       ;
; Result[24]    ; 2.5 V        ; 0 s                 ; 0 s                 ; 2.32 V                       ; 1.88e-07 V                   ; 2.35 V              ; -0.0185 V           ; 0.153 V                              ; 0.099 V                              ; 4.6e-10 s                   ; 4.48e-10 s                  ; No                         ; Yes                        ; 2.32 V                      ; 1.88e-07 V                  ; 2.35 V             ; -0.0185 V          ; 0.153 V                             ; 0.099 V                             ; 4.6e-10 s                  ; 4.48e-10 s                 ; No                        ; Yes                       ;
; Result[25]    ; 2.5 V        ; 0 s                 ; 0 s                 ; 2.32 V                       ; 2.15e-07 V                   ; 2.41 V              ; -0.0492 V           ; 0.181 V                              ; 0.116 V                              ; 4.54e-10 s                  ; 4.44e-10 s                  ; No                         ; Yes                        ; 2.32 V                      ; 2.15e-07 V                  ; 2.41 V             ; -0.0492 V          ; 0.181 V                             ; 0.116 V                             ; 4.54e-10 s                 ; 4.44e-10 s                 ; No                        ; Yes                       ;
; Result[26]    ; 2.5 V        ; 0 s                 ; 0 s                 ; 2.32 V                       ; 2.19e-07 V                   ; 2.4 V               ; -0.039 V            ; 0.21 V                               ; 0.145 V                              ; 4.67e-10 s                  ; 4.63e-10 s                  ; No                         ; Yes                        ; 2.32 V                      ; 2.19e-07 V                  ; 2.4 V              ; -0.039 V           ; 0.21 V                              ; 0.145 V                             ; 4.67e-10 s                 ; 4.63e-10 s                 ; No                        ; Yes                       ;
; Result[27]    ; 2.5 V        ; 0 s                 ; 0 s                 ; 2.32 V                       ; 2.15e-07 V                   ; 2.41 V              ; -0.0492 V           ; 0.181 V                              ; 0.116 V                              ; 4.54e-10 s                  ; 4.44e-10 s                  ; No                         ; Yes                        ; 2.32 V                      ; 2.15e-07 V                  ; 2.41 V             ; -0.0492 V          ; 0.181 V                             ; 0.116 V                             ; 4.54e-10 s                 ; 4.44e-10 s                 ; No                        ; Yes                       ;
; Result[28]    ; 2.5 V        ; 0 s                 ; 0 s                 ; 2.32 V                       ; 1.88e-07 V                   ; 2.35 V              ; -0.0185 V           ; 0.153 V                              ; 0.099 V                              ; 4.6e-10 s                   ; 4.48e-10 s                  ; No                         ; Yes                        ; 2.32 V                      ; 1.88e-07 V                  ; 2.35 V             ; -0.0185 V          ; 0.153 V                             ; 0.099 V                             ; 4.6e-10 s                  ; 4.48e-10 s                 ; No                        ; Yes                       ;
; Result[29]    ; 2.5 V        ; 0 s                 ; 0 s                 ; 2.32 V                       ; 2.15e-07 V                   ; 2.41 V              ; -0.0495 V           ; 0.18 V                               ; 0.115 V                              ; 4.54e-10 s                  ; 4.44e-10 s                  ; No                         ; Yes                        ; 2.32 V                      ; 2.15e-07 V                  ; 2.41 V             ; -0.0495 V          ; 0.18 V                              ; 0.115 V                             ; 4.54e-10 s                 ; 4.44e-10 s                 ; No                        ; Yes                       ;
; Result[30]    ; 2.5 V        ; 0 s                 ; 0 s                 ; 2.32 V                       ; 2.15e-07 V                   ; 2.41 V              ; -0.0495 V           ; 0.18 V                               ; 0.115 V                              ; 4.54e-10 s                  ; 4.44e-10 s                  ; No                         ; Yes                        ; 2.32 V                      ; 2.15e-07 V                  ; 2.41 V             ; -0.0495 V          ; 0.18 V                              ; 0.115 V                             ; 4.54e-10 s                 ; 4.44e-10 s                 ; No                        ; Yes                       ;
; Result[31]    ; 2.5 V        ; 0 s                 ; 0 s                 ; 2.32 V                       ; 2.15e-07 V                   ; 2.41 V              ; -0.0495 V           ; 0.18 V                               ; 0.115 V                              ; 4.54e-10 s                  ; 4.44e-10 s                  ; No                         ; Yes                        ; 2.32 V                      ; 2.15e-07 V                  ; 2.41 V             ; -0.0495 V          ; 0.18 V                              ; 0.115 V                             ; 4.54e-10 s                 ; 4.44e-10 s                 ; No                        ; Yes                       ;
+---------------+--------------+---------------------+---------------------+------------------------------+------------------------------+---------------------+---------------------+--------------------------------------+--------------------------------------+-----------------------------+-----------------------------+----------------------------+----------------------------+-----------------------------+-----------------------------+--------------------+--------------------+-------------------------------------+-------------------------------------+----------------------------+----------------------------+---------------------------+---------------------------+


+--------------------------------------------------------------------------------------------------------------------------------------------------------------------------------------------------------------------------------------------------------------------------------------------------------------------------------------------------------------------------------------------------------------------------------------------------------------------------------------------------------------------------------------------------------------------------------------------------------------------------------------------------------------------------------------------+
; Signal Integrity Metrics (Slow 1100mv 85c Model)                                                                                                                                                                                                                                                                                                                                                                                                                                                                                                                                                                                                                                           ;
+---------------+--------------+---------------------+---------------------+------------------------------+------------------------------+---------------------+---------------------+--------------------------------------+--------------------------------------+-----------------------------+-----------------------------+----------------------------+----------------------------+-----------------------------+-----------------------------+--------------------+--------------------+-------------------------------------+-------------------------------------+----------------------------+----------------------------+---------------------------+---------------------------+
; Pin           ; I/O Standard ; Board Delay on Rise ; Board Delay on Fall ; Steady State Voh at FPGA Pin ; Steady State Vol at FPGA Pin ; Voh Max at FPGA Pin ; Vol Min at FPGA Pin ; Ringback Voltage on Rise at FPGA Pin ; Ringback Voltage on Fall at FPGA Pin ; 10-90 Rise Time at FPGA Pin ; 90-10 Fall Time at FPGA Pin ; Monotonic Rise at FPGA Pin ; Monotonic Fall at FPGA Pin ; Steady State Voh at Far-end ; Steady State Vol at Far-end ; Voh Max at Far-end ; Vol Min at Far-end ; Ringback Voltage on Rise at Far-end ; Ringback Voltage on Fall at Far-end ; 10-90 Rise Time at Far-end ; 90-10 Fall Time at Far-end ; Monotonic Rise at Far-end ; Monotonic Fall at Far-end ;
+---------------+--------------+---------------------+---------------------+------------------------------+------------------------------+---------------------+---------------------+--------------------------------------+--------------------------------------+-----------------------------+-----------------------------+----------------------------+----------------------------+-----------------------------+-----------------------------+--------------------+--------------------+-------------------------------------+-------------------------------------+----------------------------+----------------------------+---------------------------+---------------------------+
; MemWrite      ; 2.5 V        ; 0 s                 ; 0 s                 ; 2.32 V                       ; 2.52e-05 V                   ; 2.38 V              ; -0.0315 V           ; 0.205 V                              ; 0.182 V                              ; 4.74e-10 s                  ; 4.85e-10 s                  ; No                         ; Yes                        ; 2.32 V                      ; 2.52e-05 V                  ; 2.38 V             ; -0.0315 V          ; 0.205 V                             ; 0.182 V                             ; 4.74e-10 s                 ; 4.85e-10 s                 ; No                        ; Yes                       ;
; WriteData[0]  ; 2.5 V        ; 0 s                 ; 0 s                 ; 2.32 V                       ; 2.56e-05 V                   ; 2.38 V              ; -0.026 V            ; 0.249 V                              ; 0.089 V                              ; 4.95e-10 s                  ; 6.01e-10 s                  ; No                         ; Yes                        ; 2.32 V                      ; 2.56e-05 V                  ; 2.38 V             ; -0.026 V           ; 0.249 V                             ; 0.089 V                             ; 4.95e-10 s                 ; 6.01e-10 s                 ; No                        ; Yes                       ;
; WriteData[1]  ; 2.5 V        ; 0 s                 ; 0 s                 ; 2.32 V                       ; 2.56e-05 V                   ; 2.38 V              ; -0.026 V            ; 0.249 V                              ; 0.089 V                              ; 4.95e-10 s                  ; 6.01e-10 s                  ; No                         ; Yes                        ; 2.32 V                      ; 2.56e-05 V                  ; 2.38 V             ; -0.026 V           ; 0.249 V                             ; 0.089 V                             ; 4.95e-10 s                 ; 6.01e-10 s                 ; No                        ; Yes                       ;
; WriteData[2]  ; 2.5 V        ; 0 s                 ; 0 s                 ; 2.32 V                       ; 2.56e-05 V                   ; 2.38 V              ; -0.026 V            ; 0.249 V                              ; 0.089 V                              ; 4.95e-10 s                  ; 6.01e-10 s                  ; No                         ; Yes                        ; 2.32 V                      ; 2.56e-05 V                  ; 2.38 V             ; -0.026 V           ; 0.249 V                             ; 0.089 V                             ; 4.95e-10 s                 ; 6.01e-10 s                 ; No                        ; Yes                       ;
; WriteData[3]  ; 2.5 V        ; 0 s                 ; 0 s                 ; 2.32 V                       ; 2.52e-05 V                   ; 2.38 V              ; -0.032 V            ; 0.204 V                              ; 0.181 V                              ; 4.74e-10 s                  ; 4.85e-10 s                  ; No                         ; Yes                        ; 2.32 V                      ; 2.52e-05 V                  ; 2.38 V             ; -0.032 V           ; 0.204 V                             ; 0.181 V                             ; 4.74e-10 s                 ; 4.85e-10 s                 ; No                        ; Yes                       ;
; WriteData[4]  ; 2.5 V        ; 0 s                 ; 0 s                 ; 2.32 V                       ; 2.56e-05 V                   ; 2.38 V              ; -0.026 V            ; 0.249 V                              ; 0.089 V                              ; 4.95e-10 s                  ; 6.01e-10 s                  ; No                         ; Yes                        ; 2.32 V                      ; 2.56e-05 V                  ; 2.38 V             ; -0.026 V           ; 0.249 V                             ; 0.089 V                             ; 4.95e-10 s                 ; 6.01e-10 s                 ; No                        ; Yes                       ;
; WriteData[5]  ; 2.5 V        ; 0 s                 ; 0 s                 ; 2.32 V                       ; 2.52e-05 V                   ; 2.38 V              ; -0.032 V            ; 0.204 V                              ; 0.181 V                              ; 4.74e-10 s                  ; 4.85e-10 s                  ; No                         ; Yes                        ; 2.32 V                      ; 2.52e-05 V                  ; 2.38 V             ; -0.032 V           ; 0.204 V                             ; 0.181 V                             ; 4.74e-10 s                 ; 4.85e-10 s                 ; No                        ; Yes                       ;
; WriteData[6]  ; 2.5 V        ; 0 s                 ; 0 s                 ; 2.32 V                       ; 2.56e-05 V                   ; 2.38 V              ; -0.026 V            ; 0.249 V                              ; 0.089 V                              ; 4.95e-10 s                  ; 6.01e-10 s                  ; No                         ; Yes                        ; 2.32 V                      ; 2.56e-05 V                  ; 2.38 V             ; -0.026 V           ; 0.249 V                             ; 0.089 V                             ; 4.95e-10 s                 ; 6.01e-10 s                 ; No                        ; Yes                       ;
; WriteData[7]  ; 2.5 V        ; 0 s                 ; 0 s                 ; 2.32 V                       ; 2.27e-05 V                   ; 2.34 V              ; -0.0089 V           ; 0.206 V                              ; 0.058 V                              ; 4.97e-10 s                  ; 5.13e-10 s                  ; Yes                        ; Yes                        ; 2.32 V                      ; 2.27e-05 V                  ; 2.34 V             ; -0.0089 V          ; 0.206 V                             ; 0.058 V                             ; 4.97e-10 s                 ; 5.13e-10 s                 ; Yes                       ; Yes                       ;
; WriteData[8]  ; 2.5 V        ; 0 s                 ; 0 s                 ; 2.32 V                       ; 2.27e-05 V                   ; 2.34 V              ; -0.0089 V           ; 0.206 V                              ; 0.058 V                              ; 4.97e-10 s                  ; 5.13e-10 s                  ; Yes                        ; Yes                        ; 2.32 V                      ; 2.27e-05 V                  ; 2.34 V             ; -0.0089 V          ; 0.206 V                             ; 0.058 V                             ; 4.97e-10 s                 ; 5.13e-10 s                 ; Yes                       ; Yes                       ;
; WriteData[9]  ; 2.5 V        ; 0 s                 ; 0 s                 ; 2.32 V                       ; 2.52e-05 V                   ; 2.38 V              ; -0.032 V            ; 0.204 V                              ; 0.181 V                              ; 4.74e-10 s                  ; 4.85e-10 s                  ; No                         ; Yes                        ; 2.32 V                      ; 2.52e-05 V                  ; 2.38 V             ; -0.032 V           ; 0.204 V                             ; 0.181 V                             ; 4.74e-10 s                 ; 4.85e-10 s                 ; No                        ; Yes                       ;
; WriteData[10] ; 2.5 V        ; 0 s                 ; 0 s                 ; 2.32 V                       ; 2.56e-05 V                   ; 2.38 V              ; -0.026 V            ; 0.249 V                              ; 0.089 V                              ; 4.95e-10 s                  ; 6.01e-10 s                  ; No                         ; Yes                        ; 2.32 V                      ; 2.56e-05 V                  ; 2.38 V             ; -0.026 V           ; 0.249 V                             ; 0.089 V                             ; 4.95e-10 s                 ; 6.01e-10 s                 ; No                        ; Yes                       ;
; WriteData[11] ; 2.5 V        ; 0 s                 ; 0 s                 ; 2.32 V                       ; 2.27e-05 V                   ; 2.34 V              ; -0.0089 V           ; 0.206 V                              ; 0.058 V                              ; 4.97e-10 s                  ; 5.13e-10 s                  ; Yes                        ; Yes                        ; 2.32 V                      ; 2.27e-05 V                  ; 2.34 V             ; -0.0089 V          ; 0.206 V                             ; 0.058 V                             ; 4.97e-10 s                 ; 5.13e-10 s                 ; Yes                       ; Yes                       ;
; WriteData[12] ; 2.5 V        ; 0 s                 ; 0 s                 ; 2.32 V                       ; 2.52e-05 V                   ; 2.38 V              ; -0.0315 V           ; 0.205 V                              ; 0.182 V                              ; 4.74e-10 s                  ; 4.85e-10 s                  ; No                         ; Yes                        ; 2.32 V                      ; 2.52e-05 V                  ; 2.38 V             ; -0.0315 V          ; 0.205 V                             ; 0.182 V                             ; 4.74e-10 s                 ; 4.85e-10 s                 ; No                        ; Yes                       ;
; WriteData[13] ; 2.5 V        ; 0 s                 ; 0 s                 ; 2.32 V                       ; 2.52e-05 V                   ; 2.38 V              ; -0.0315 V           ; 0.205 V                              ; 0.182 V                              ; 4.74e-10 s                  ; 4.85e-10 s                  ; No                         ; Yes                        ; 2.32 V                      ; 2.52e-05 V                  ; 2.38 V             ; -0.0315 V          ; 0.205 V                             ; 0.182 V                             ; 4.74e-10 s                 ; 4.85e-10 s                 ; No                        ; Yes                       ;
; WriteData[14] ; 2.5 V        ; 0 s                 ; 0 s                 ; 2.32 V                       ; 2.27e-05 V                   ; 2.34 V              ; -0.0089 V           ; 0.206 V                              ; 0.058 V                              ; 4.97e-10 s                  ; 5.13e-10 s                  ; Yes                        ; Yes                        ; 2.32 V                      ; 2.27e-05 V                  ; 2.34 V             ; -0.0089 V          ; 0.206 V                             ; 0.058 V                             ; 4.97e-10 s                 ; 5.13e-10 s                 ; Yes                       ; Yes                       ;
; WriteData[15] ; 2.5 V        ; 0 s                 ; 0 s                 ; 2.32 V                       ; 2.52e-05 V                   ; 2.38 V              ; -0.0315 V           ; 0.205 V                              ; 0.182 V                              ; 4.74e-10 s                  ; 4.85e-10 s                  ; No                         ; Yes                        ; 2.32 V                      ; 2.52e-05 V                  ; 2.38 V             ; -0.0315 V          ; 0.205 V                             ; 0.182 V                             ; 4.74e-10 s                 ; 4.85e-10 s                 ; No                        ; Yes                       ;
; WriteData[16] ; 2.5 V        ; 0 s                 ; 0 s                 ; 2.32 V                       ; 2.52e-05 V                   ; 2.38 V              ; -0.0315 V           ; 0.205 V                              ; 0.182 V                              ; 4.74e-10 s                  ; 4.85e-10 s                  ; No                         ; Yes                        ; 2.32 V                      ; 2.52e-05 V                  ; 2.38 V             ; -0.0315 V          ; 0.205 V                             ; 0.182 V                             ; 4.74e-10 s                 ; 4.85e-10 s                 ; No                        ; Yes                       ;
; WriteData[17] ; 2.5 V        ; 0 s                 ; 0 s                 ; 2.32 V                       ; 2.27e-05 V                   ; 2.34 V              ; -0.0089 V           ; 0.206 V                              ; 0.058 V                              ; 4.97e-10 s                  ; 5.13e-10 s                  ; Yes                        ; Yes                        ; 2.32 V                      ; 2.27e-05 V                  ; 2.34 V             ; -0.0089 V          ; 0.206 V                             ; 0.058 V                             ; 4.97e-10 s                 ; 5.13e-10 s                 ; Yes                       ; Yes                       ;
; WriteData[18] ; 2.5 V        ; 0 s                 ; 0 s                 ; 2.32 V                       ; 2.52e-05 V                   ; 2.38 V              ; -0.0315 V           ; 0.205 V                              ; 0.182 V                              ; 4.74e-10 s                  ; 4.85e-10 s                  ; No                         ; Yes                        ; 2.32 V                      ; 2.52e-05 V                  ; 2.38 V             ; -0.0315 V          ; 0.205 V                             ; 0.182 V                             ; 4.74e-10 s                 ; 4.85e-10 s                 ; No                        ; Yes                       ;
; WriteData[19] ; 2.5 V        ; 0 s                 ; 0 s                 ; 2.32 V                       ; 2.52e-05 V                   ; 2.38 V              ; -0.0315 V           ; 0.205 V                              ; 0.182 V                              ; 4.74e-10 s                  ; 4.85e-10 s                  ; No                         ; Yes                        ; 2.32 V                      ; 2.52e-05 V                  ; 2.38 V             ; -0.0315 V          ; 0.205 V                             ; 0.182 V                             ; 4.74e-10 s                 ; 4.85e-10 s                 ; No                        ; Yes                       ;
; WriteData[20] ; 2.5 V        ; 0 s                 ; 0 s                 ; 2.32 V                       ; 2.27e-05 V                   ; 2.34 V              ; -0.0089 V           ; 0.206 V                              ; 0.058 V                              ; 4.97e-10 s                  ; 5.13e-10 s                  ; Yes                        ; Yes                        ; 2.32 V                      ; 2.27e-05 V                  ; 2.34 V             ; -0.0089 V          ; 0.206 V                             ; 0.058 V                             ; 4.97e-10 s                 ; 5.13e-10 s                 ; Yes                       ; Yes                       ;
; WriteData[21] ; 2.5 V        ; 0 s                 ; 0 s                 ; 2.32 V                       ; 2.56e-05 V                   ; 2.38 V              ; -0.026 V            ; 0.249 V                              ; 0.089 V                              ; 4.95e-10 s                  ; 6.01e-10 s                  ; No                         ; Yes                        ; 2.32 V                      ; 2.56e-05 V                  ; 2.38 V             ; -0.026 V           ; 0.249 V                             ; 0.089 V                             ; 4.95e-10 s                 ; 6.01e-10 s                 ; No                        ; Yes                       ;
; WriteData[22] ; 2.5 V        ; 0 s                 ; 0 s                 ; 2.32 V                       ; 2.27e-05 V                   ; 2.34 V              ; -0.0089 V           ; 0.206 V                              ; 0.058 V                              ; 4.97e-10 s                  ; 5.13e-10 s                  ; Yes                        ; Yes                        ; 2.32 V                      ; 2.27e-05 V                  ; 2.34 V             ; -0.0089 V          ; 0.206 V                             ; 0.058 V                             ; 4.97e-10 s                 ; 5.13e-10 s                 ; Yes                       ; Yes                       ;
; WriteData[23] ; 2.5 V        ; 0 s                 ; 0 s                 ; 2.32 V                       ; 2.56e-05 V                   ; 2.38 V              ; -0.026 V            ; 0.249 V                              ; 0.089 V                              ; 4.95e-10 s                  ; 6.01e-10 s                  ; No                         ; Yes                        ; 2.32 V                      ; 2.56e-05 V                  ; 2.38 V             ; -0.026 V           ; 0.249 V                             ; 0.089 V                             ; 4.95e-10 s                 ; 6.01e-10 s                 ; No                        ; Yes                       ;
; WriteData[24] ; 2.5 V        ; 0 s                 ; 0 s                 ; 2.32 V                       ; 2.52e-05 V                   ; 2.38 V              ; -0.032 V            ; 0.204 V                              ; 0.181 V                              ; 4.74e-10 s                  ; 4.85e-10 s                  ; No                         ; Yes                        ; 2.32 V                      ; 2.52e-05 V                  ; 2.38 V             ; -0.032 V           ; 0.204 V                             ; 0.181 V                             ; 4.74e-10 s                 ; 4.85e-10 s                 ; No                        ; Yes                       ;
; WriteData[25] ; 2.5 V        ; 0 s                 ; 0 s                 ; 2.32 V                       ; 2.27e-05 V                   ; 2.34 V              ; -0.0089 V           ; 0.206 V                              ; 0.058 V                              ; 4.97e-10 s                  ; 5.13e-10 s                  ; Yes                        ; Yes                        ; 2.32 V                      ; 2.27e-05 V                  ; 2.34 V             ; -0.0089 V          ; 0.206 V                             ; 0.058 V                             ; 4.97e-10 s                 ; 5.13e-10 s                 ; Yes                       ; Yes                       ;
; WriteData[26] ; 2.5 V        ; 0 s                 ; 0 s                 ; 2.32 V                       ; 2.52e-05 V                   ; 2.38 V              ; -0.032 V            ; 0.204 V                              ; 0.181 V                              ; 4.74e-10 s                  ; 4.85e-10 s                  ; No                         ; Yes                        ; 2.32 V                      ; 2.52e-05 V                  ; 2.38 V             ; -0.032 V           ; 0.204 V                             ; 0.181 V                             ; 4.74e-10 s                 ; 4.85e-10 s                 ; No                        ; Yes                       ;
; WriteData[27] ; 2.5 V        ; 0 s                 ; 0 s                 ; 2.32 V                       ; 2.52e-05 V                   ; 2.38 V              ; -0.0315 V           ; 0.205 V                              ; 0.182 V                              ; 4.74e-10 s                  ; 4.85e-10 s                  ; No                         ; Yes                        ; 2.32 V                      ; 2.52e-05 V                  ; 2.38 V             ; -0.0315 V          ; 0.205 V                             ; 0.182 V                             ; 4.74e-10 s                 ; 4.85e-10 s                 ; No                        ; Yes                       ;
; WriteData[28] ; 2.5 V        ; 0 s                 ; 0 s                 ; 2.32 V                       ; 2.27e-05 V                   ; 2.34 V              ; -0.0089 V           ; 0.206 V                              ; 0.058 V                              ; 4.97e-10 s                  ; 5.13e-10 s                  ; Yes                        ; Yes                        ; 2.32 V                      ; 2.27e-05 V                  ; 2.34 V             ; -0.0089 V          ; 0.206 V                             ; 0.058 V                             ; 4.97e-10 s                 ; 5.13e-10 s                 ; Yes                       ; Yes                       ;
; WriteData[29] ; 2.5 V        ; 0 s                 ; 0 s                 ; 2.32 V                       ; 2.52e-05 V                   ; 2.38 V              ; -0.032 V            ; 0.204 V                              ; 0.181 V                              ; 4.74e-10 s                  ; 4.85e-10 s                  ; No                         ; Yes                        ; 2.32 V                      ; 2.52e-05 V                  ; 2.38 V             ; -0.032 V           ; 0.204 V                             ; 0.181 V                             ; 4.74e-10 s                 ; 4.85e-10 s                 ; No                        ; Yes                       ;
; WriteData[30] ; 2.5 V        ; 0 s                 ; 0 s                 ; 2.32 V                       ; 2.52e-05 V                   ; 2.38 V              ; -0.0315 V           ; 0.205 V                              ; 0.182 V                              ; 4.74e-10 s                  ; 4.85e-10 s                  ; No                         ; Yes                        ; 2.32 V                      ; 2.52e-05 V                  ; 2.38 V             ; -0.0315 V          ; 0.205 V                             ; 0.182 V                             ; 4.74e-10 s                 ; 4.85e-10 s                 ; No                        ; Yes                       ;
; WriteData[31] ; 2.5 V        ; 0 s                 ; 0 s                 ; 2.32 V                       ; 2.52e-05 V                   ; 2.38 V              ; -0.032 V            ; 0.204 V                              ; 0.181 V                              ; 4.74e-10 s                  ; 4.85e-10 s                  ; No                         ; Yes                        ; 2.32 V                      ; 2.52e-05 V                  ; 2.38 V             ; -0.032 V           ; 0.204 V                             ; 0.181 V                             ; 4.74e-10 s                 ; 4.85e-10 s                 ; No                        ; Yes                       ;
; DataAdr[0]    ; 2.5 V        ; 0 s                 ; 0 s                 ; 2.32 V                       ; 2.52e-05 V                   ; 2.38 V              ; -0.0315 V           ; 0.205 V                              ; 0.182 V                              ; 4.74e-10 s                  ; 4.85e-10 s                  ; No                         ; Yes                        ; 2.32 V                      ; 2.52e-05 V                  ; 2.38 V             ; -0.0315 V          ; 0.205 V                             ; 0.182 V                             ; 4.74e-10 s                 ; 4.85e-10 s                 ; No                        ; Yes                       ;
; DataAdr[1]    ; 2.5 V        ; 0 s                 ; 0 s                 ; 2.32 V                       ; 2.52e-05 V                   ; 2.38 V              ; -0.032 V            ; 0.204 V                              ; 0.181 V                              ; 4.74e-10 s                  ; 4.85e-10 s                  ; No                         ; Yes                        ; 2.32 V                      ; 2.52e-05 V                  ; 2.38 V             ; -0.032 V           ; 0.204 V                             ; 0.181 V                             ; 4.74e-10 s                 ; 4.85e-10 s                 ; No                        ; Yes                       ;
; DataAdr[2]    ; 2.5 V        ; 0 s                 ; 0 s                 ; 2.32 V                       ; 2.52e-05 V                   ; 2.38 V              ; -0.032 V            ; 0.204 V                              ; 0.181 V                              ; 4.74e-10 s                  ; 4.85e-10 s                  ; No                         ; Yes                        ; 2.32 V                      ; 2.52e-05 V                  ; 2.38 V             ; -0.032 V           ; 0.204 V                             ; 0.181 V                             ; 4.74e-10 s                 ; 4.85e-10 s                 ; No                        ; Yes                       ;
; DataAdr[3]    ; 2.5 V        ; 0 s                 ; 0 s                 ; 2.32 V                       ; 2.52e-05 V                   ; 2.38 V              ; -0.032 V            ; 0.204 V                              ; 0.181 V                              ; 4.74e-10 s                  ; 4.85e-10 s                  ; No                         ; Yes                        ; 2.32 V                      ; 2.52e-05 V                  ; 2.38 V             ; -0.032 V           ; 0.204 V                             ; 0.181 V                             ; 4.74e-10 s                 ; 4.85e-10 s                 ; No                        ; Yes                       ;
; DataAdr[4]    ; 2.5 V        ; 0 s                 ; 0 s                 ; 2.32 V                       ; 2.52e-05 V                   ; 2.38 V              ; -0.0315 V           ; 0.205 V                              ; 0.182 V                              ; 4.74e-10 s                  ; 4.85e-10 s                  ; No                         ; Yes                        ; 2.32 V                      ; 2.52e-05 V                  ; 2.38 V             ; -0.0315 V          ; 0.205 V                             ; 0.182 V                             ; 4.74e-10 s                 ; 4.85e-10 s                 ; No                        ; Yes                       ;
; DataAdr[5]    ; 2.5 V        ; 0 s                 ; 0 s                 ; 2.32 V                       ; 2.56e-05 V                   ; 2.38 V              ; -0.026 V            ; 0.249 V                              ; 0.089 V                              ; 4.95e-10 s                  ; 6.01e-10 s                  ; No                         ; Yes                        ; 2.32 V                      ; 2.56e-05 V                  ; 2.38 V             ; -0.026 V           ; 0.249 V                             ; 0.089 V                             ; 4.95e-10 s                 ; 6.01e-10 s                 ; No                        ; Yes                       ;
; DataAdr[6]    ; 2.5 V        ; 0 s                 ; 0 s                 ; 2.32 V                       ; 2.52e-05 V                   ; 2.38 V              ; -0.0315 V           ; 0.205 V                              ; 0.182 V                              ; 4.74e-10 s                  ; 4.85e-10 s                  ; No                         ; Yes                        ; 2.32 V                      ; 2.52e-05 V                  ; 2.38 V             ; -0.0315 V          ; 0.205 V                             ; 0.182 V                             ; 4.74e-10 s                 ; 4.85e-10 s                 ; No                        ; Yes                       ;
; DataAdr[7]    ; 2.5 V        ; 0 s                 ; 0 s                 ; 2.32 V                       ; 2.56e-05 V                   ; 2.38 V              ; -0.026 V            ; 0.249 V                              ; 0.089 V                              ; 4.95e-10 s                  ; 6.01e-10 s                  ; No                         ; Yes                        ; 2.32 V                      ; 2.56e-05 V                  ; 2.38 V             ; -0.026 V           ; 0.249 V                             ; 0.089 V                             ; 4.95e-10 s                 ; 6.01e-10 s                 ; No                        ; Yes                       ;
; DataAdr[8]    ; 2.5 V        ; 0 s                 ; 0 s                 ; 2.32 V                       ; 2.52e-05 V                   ; 2.38 V              ; -0.0315 V           ; 0.205 V                              ; 0.182 V                              ; 4.74e-10 s                  ; 4.85e-10 s                  ; No                         ; Yes                        ; 2.32 V                      ; 2.52e-05 V                  ; 2.38 V             ; -0.0315 V          ; 0.205 V                             ; 0.182 V                             ; 4.74e-10 s                 ; 4.85e-10 s                 ; No                        ; Yes                       ;
; DataAdr[9]    ; 2.5 V        ; 0 s                 ; 0 s                 ; 2.32 V                       ; 2.27e-05 V                   ; 2.34 V              ; -0.0089 V           ; 0.206 V                              ; 0.058 V                              ; 4.97e-10 s                  ; 5.13e-10 s                  ; Yes                        ; Yes                        ; 2.32 V                      ; 2.27e-05 V                  ; 2.34 V             ; -0.0089 V          ; 0.206 V                             ; 0.058 V                             ; 4.97e-10 s                 ; 5.13e-10 s                 ; Yes                       ; Yes                       ;
; DataAdr[10]   ; 2.5 V        ; 0 s                 ; 0 s                 ; 2.32 V                       ; 2.52e-05 V                   ; 2.38 V              ; -0.0315 V           ; 0.205 V                              ; 0.182 V                              ; 4.74e-10 s                  ; 4.85e-10 s                  ; No                         ; Yes                        ; 2.32 V                      ; 2.52e-05 V                  ; 2.38 V             ; -0.0315 V          ; 0.205 V                             ; 0.182 V                             ; 4.74e-10 s                 ; 4.85e-10 s                 ; No                        ; Yes                       ;
; DataAdr[11]   ; 2.5 V        ; 0 s                 ; 0 s                 ; 2.32 V                       ; 2.27e-05 V                   ; 2.34 V              ; -0.0089 V           ; 0.206 V                              ; 0.058 V                              ; 4.97e-10 s                  ; 5.13e-10 s                  ; Yes                        ; Yes                        ; 2.32 V                      ; 2.27e-05 V                  ; 2.34 V             ; -0.0089 V          ; 0.206 V                             ; 0.058 V                             ; 4.97e-10 s                 ; 5.13e-10 s                 ; Yes                       ; Yes                       ;
; DataAdr[12]   ; 2.5 V        ; 0 s                 ; 0 s                 ; 2.32 V                       ; 2.27e-05 V                   ; 2.34 V              ; -0.0089 V           ; 0.206 V                              ; 0.058 V                              ; 4.97e-10 s                  ; 5.13e-10 s                  ; Yes                        ; Yes                        ; 2.32 V                      ; 2.27e-05 V                  ; 2.34 V             ; -0.0089 V          ; 0.206 V                             ; 0.058 V                             ; 4.97e-10 s                 ; 5.13e-10 s                 ; Yes                       ; Yes                       ;
; DataAdr[13]   ; 2.5 V        ; 0 s                 ; 0 s                 ; 2.32 V                       ; 2.27e-05 V                   ; 2.34 V              ; -0.0089 V           ; 0.206 V                              ; 0.058 V                              ; 4.97e-10 s                  ; 5.13e-10 s                  ; Yes                        ; Yes                        ; 2.32 V                      ; 2.27e-05 V                  ; 2.34 V             ; -0.0089 V          ; 0.206 V                             ; 0.058 V                             ; 4.97e-10 s                 ; 5.13e-10 s                 ; Yes                       ; Yes                       ;
; DataAdr[14]   ; 2.5 V        ; 0 s                 ; 0 s                 ; 2.32 V                       ; 2.56e-05 V                   ; 2.38 V              ; -0.026 V            ; 0.249 V                              ; 0.089 V                              ; 4.95e-10 s                  ; 6.01e-10 s                  ; No                         ; Yes                        ; 2.32 V                      ; 2.56e-05 V                  ; 2.38 V             ; -0.026 V           ; 0.249 V                             ; 0.089 V                             ; 4.95e-10 s                 ; 6.01e-10 s                 ; No                        ; Yes                       ;
; DataAdr[15]   ; 2.5 V        ; 0 s                 ; 0 s                 ; 2.32 V                       ; 2.52e-05 V                   ; 2.38 V              ; -0.032 V            ; 0.204 V                              ; 0.181 V                              ; 4.74e-10 s                  ; 4.85e-10 s                  ; No                         ; Yes                        ; 2.32 V                      ; 2.52e-05 V                  ; 2.38 V             ; -0.032 V           ; 0.204 V                             ; 0.181 V                             ; 4.74e-10 s                 ; 4.85e-10 s                 ; No                        ; Yes                       ;
; DataAdr[16]   ; 2.5 V        ; 0 s                 ; 0 s                 ; 2.32 V                       ; 2.27e-05 V                   ; 2.34 V              ; -0.0089 V           ; 0.206 V                              ; 0.058 V                              ; 4.97e-10 s                  ; 5.13e-10 s                  ; Yes                        ; Yes                        ; 2.32 V                      ; 2.27e-05 V                  ; 2.34 V             ; -0.0089 V          ; 0.206 V                             ; 0.058 V                             ; 4.97e-10 s                 ; 5.13e-10 s                 ; Yes                       ; Yes                       ;
; DataAdr[17]   ; 2.5 V        ; 0 s                 ; 0 s                 ; 2.32 V                       ; 2.52e-05 V                   ; 2.38 V              ; -0.032 V            ; 0.204 V                              ; 0.181 V                              ; 4.74e-10 s                  ; 4.85e-10 s                  ; No                         ; Yes                        ; 2.32 V                      ; 2.52e-05 V                  ; 2.38 V             ; -0.032 V           ; 0.204 V                             ; 0.181 V                             ; 4.74e-10 s                 ; 4.85e-10 s                 ; No                        ; Yes                       ;
; DataAdr[18]   ; 2.5 V        ; 0 s                 ; 0 s                 ; 2.32 V                       ; 2.52e-05 V                   ; 2.38 V              ; -0.0315 V           ; 0.205 V                              ; 0.182 V                              ; 4.74e-10 s                  ; 4.85e-10 s                  ; No                         ; Yes                        ; 2.32 V                      ; 2.52e-05 V                  ; 2.38 V             ; -0.0315 V          ; 0.205 V                             ; 0.182 V                             ; 4.74e-10 s                 ; 4.85e-10 s                 ; No                        ; Yes                       ;
; DataAdr[19]   ; 2.5 V        ; 0 s                 ; 0 s                 ; 2.32 V                       ; 2.56e-05 V                   ; 2.38 V              ; -0.026 V            ; 0.249 V                              ; 0.089 V                              ; 4.95e-10 s                  ; 6.01e-10 s                  ; No                         ; Yes                        ; 2.32 V                      ; 2.56e-05 V                  ; 2.38 V             ; -0.026 V           ; 0.249 V                             ; 0.089 V                             ; 4.95e-10 s                 ; 6.01e-10 s                 ; No                        ; Yes                       ;
; DataAdr[20]   ; 2.5 V        ; 0 s                 ; 0 s                 ; 2.32 V                       ; 2.56e-05 V                   ; 2.38 V              ; -0.026 V            ; 0.249 V                              ; 0.089 V                              ; 4.95e-10 s                  ; 6.01e-10 s                  ; No                         ; Yes                        ; 2.32 V                      ; 2.56e-05 V                  ; 2.38 V             ; -0.026 V           ; 0.249 V                             ; 0.089 V                             ; 4.95e-10 s                 ; 6.01e-10 s                 ; No                        ; Yes                       ;
; DataAdr[21]   ; 2.5 V        ; 0 s                 ; 0 s                 ; 2.32 V                       ; 2.27e-05 V                   ; 2.34 V              ; -0.0089 V           ; 0.206 V                              ; 0.058 V                              ; 4.97e-10 s                  ; 5.13e-10 s                  ; Yes                        ; Yes                        ; 2.32 V                      ; 2.27e-05 V                  ; 2.34 V             ; -0.0089 V          ; 0.206 V                             ; 0.058 V                             ; 4.97e-10 s                 ; 5.13e-10 s                 ; Yes                       ; Yes                       ;
; DataAdr[22]   ; 2.5 V        ; 0 s                 ; 0 s                 ; 2.32 V                       ; 2.52e-05 V                   ; 2.38 V              ; -0.032 V            ; 0.204 V                              ; 0.181 V                              ; 4.74e-10 s                  ; 4.85e-10 s                  ; No                         ; Yes                        ; 2.32 V                      ; 2.52e-05 V                  ; 2.38 V             ; -0.032 V           ; 0.204 V                             ; 0.181 V                             ; 4.74e-10 s                 ; 4.85e-10 s                 ; No                        ; Yes                       ;
; DataAdr[23]   ; 2.5 V        ; 0 s                 ; 0 s                 ; 2.32 V                       ; 2.27e-05 V                   ; 2.34 V              ; -0.0089 V           ; 0.206 V                              ; 0.058 V                              ; 4.97e-10 s                  ; 5.13e-10 s                  ; Yes                        ; Yes                        ; 2.32 V                      ; 2.27e-05 V                  ; 2.34 V             ; -0.0089 V          ; 0.206 V                             ; 0.058 V                             ; 4.97e-10 s                 ; 5.13e-10 s                 ; Yes                       ; Yes                       ;
; DataAdr[24]   ; 2.5 V        ; 0 s                 ; 0 s                 ; 2.32 V                       ; 2.56e-05 V                   ; 2.38 V              ; -0.026 V            ; 0.249 V                              ; 0.089 V                              ; 4.95e-10 s                  ; 6.01e-10 s                  ; No                         ; Yes                        ; 2.32 V                      ; 2.56e-05 V                  ; 2.38 V             ; -0.026 V           ; 0.249 V                             ; 0.089 V                             ; 4.95e-10 s                 ; 6.01e-10 s                 ; No                        ; Yes                       ;
; DataAdr[25]   ; 2.5 V        ; 0 s                 ; 0 s                 ; 2.32 V                       ; 2.52e-05 V                   ; 2.38 V              ; -0.032 V            ; 0.204 V                              ; 0.181 V                              ; 4.74e-10 s                  ; 4.85e-10 s                  ; No                         ; Yes                        ; 2.32 V                      ; 2.52e-05 V                  ; 2.38 V             ; -0.032 V           ; 0.204 V                             ; 0.181 V                             ; 4.74e-10 s                 ; 4.85e-10 s                 ; No                        ; Yes                       ;
; DataAdr[26]   ; 2.5 V        ; 0 s                 ; 0 s                 ; 2.32 V                       ; 2.27e-05 V                   ; 2.34 V              ; -0.0089 V           ; 0.206 V                              ; 0.058 V                              ; 4.97e-10 s                  ; 5.13e-10 s                  ; Yes                        ; Yes                        ; 2.32 V                      ; 2.27e-05 V                  ; 2.34 V             ; -0.0089 V          ; 0.206 V                             ; 0.058 V                             ; 4.97e-10 s                 ; 5.13e-10 s                 ; Yes                       ; Yes                       ;
; DataAdr[27]   ; 2.5 V        ; 0 s                 ; 0 s                 ; 2.32 V                       ; 2.52e-05 V                   ; 2.38 V              ; -0.032 V            ; 0.204 V                              ; 0.181 V                              ; 4.74e-10 s                  ; 4.85e-10 s                  ; No                         ; Yes                        ; 2.32 V                      ; 2.52e-05 V                  ; 2.38 V             ; -0.032 V           ; 0.204 V                             ; 0.181 V                             ; 4.74e-10 s                 ; 4.85e-10 s                 ; No                        ; Yes                       ;
; DataAdr[28]   ; 2.5 V        ; 0 s                 ; 0 s                 ; 2.32 V                       ; 2.56e-05 V                   ; 2.38 V              ; -0.026 V            ; 0.249 V                              ; 0.089 V                              ; 4.95e-10 s                  ; 6.01e-10 s                  ; No                         ; Yes                        ; 2.32 V                      ; 2.56e-05 V                  ; 2.38 V             ; -0.026 V           ; 0.249 V                             ; 0.089 V                             ; 4.95e-10 s                 ; 6.01e-10 s                 ; No                        ; Yes                       ;
; DataAdr[29]   ; 2.5 V        ; 0 s                 ; 0 s                 ; 2.32 V                       ; 2.27e-05 V                   ; 2.34 V              ; -0.0089 V           ; 0.206 V                              ; 0.058 V                              ; 4.97e-10 s                  ; 5.13e-10 s                  ; Yes                        ; Yes                        ; 2.32 V                      ; 2.27e-05 V                  ; 2.34 V             ; -0.0089 V          ; 0.206 V                             ; 0.058 V                             ; 4.97e-10 s                 ; 5.13e-10 s                 ; Yes                       ; Yes                       ;
; DataAdr[30]   ; 2.5 V        ; 0 s                 ; 0 s                 ; 2.32 V                       ; 2.27e-05 V                   ; 2.34 V              ; -0.0089 V           ; 0.206 V                              ; 0.058 V                              ; 4.97e-10 s                  ; 5.13e-10 s                  ; Yes                        ; Yes                        ; 2.32 V                      ; 2.27e-05 V                  ; 2.34 V             ; -0.0089 V          ; 0.206 V                             ; 0.058 V                             ; 4.97e-10 s                 ; 5.13e-10 s                 ; Yes                       ; Yes                       ;
; DataAdr[31]   ; 2.5 V        ; 0 s                 ; 0 s                 ; 2.32 V                       ; 2.27e-05 V                   ; 2.34 V              ; -0.0089 V           ; 0.206 V                              ; 0.058 V                              ; 4.97e-10 s                  ; 5.13e-10 s                  ; Yes                        ; Yes                        ; 2.32 V                      ; 2.27e-05 V                  ; 2.34 V             ; -0.0089 V          ; 0.206 V                             ; 0.058 V                             ; 4.97e-10 s                 ; 5.13e-10 s                 ; Yes                       ; Yes                       ;
; ReadData[0]   ; 2.5 V        ; 0 s                 ; 0 s                 ; 2.32 V                       ; 2.27e-05 V                   ; 2.34 V              ; -0.0089 V           ; 0.206 V                              ; 0.058 V                              ; 4.97e-10 s                  ; 5.13e-10 s                  ; Yes                        ; Yes                        ; 2.32 V                      ; 2.27e-05 V                  ; 2.34 V             ; -0.0089 V          ; 0.206 V                             ; 0.058 V                             ; 4.97e-10 s                 ; 5.13e-10 s                 ; Yes                       ; Yes                       ;
; ReadData[1]   ; 2.5 V        ; 0 s                 ; 0 s                 ; 2.32 V                       ; 2.56e-05 V                   ; 2.38 V              ; -0.026 V            ; 0.249 V                              ; 0.089 V                              ; 4.95e-10 s                  ; 6.01e-10 s                  ; No                         ; Yes                        ; 2.32 V                      ; 2.56e-05 V                  ; 2.38 V             ; -0.026 V           ; 0.249 V                             ; 0.089 V                             ; 4.95e-10 s                 ; 6.01e-10 s                 ; No                        ; Yes                       ;
; ReadData[2]   ; 2.5 V        ; 0 s                 ; 0 s                 ; 2.32 V                       ; 2.27e-05 V                   ; 2.34 V              ; -0.0089 V           ; 0.206 V                              ; 0.058 V                              ; 4.97e-10 s                  ; 5.13e-10 s                  ; Yes                        ; Yes                        ; 2.32 V                      ; 2.27e-05 V                  ; 2.34 V             ; -0.0089 V          ; 0.206 V                             ; 0.058 V                             ; 4.97e-10 s                 ; 5.13e-10 s                 ; Yes                       ; Yes                       ;
; ReadData[3]   ; 2.5 V        ; 0 s                 ; 0 s                 ; 2.32 V                       ; 2.27e-05 V                   ; 2.34 V              ; -0.0089 V           ; 0.206 V                              ; 0.058 V                              ; 4.97e-10 s                  ; 5.13e-10 s                  ; Yes                        ; Yes                        ; 2.32 V                      ; 2.27e-05 V                  ; 2.34 V             ; -0.0089 V          ; 0.206 V                             ; 0.058 V                             ; 4.97e-10 s                 ; 5.13e-10 s                 ; Yes                       ; Yes                       ;
; ReadData[4]   ; 2.5 V        ; 0 s                 ; 0 s                 ; 2.32 V                       ; 2.52e-05 V                   ; 2.38 V              ; -0.032 V            ; 0.204 V                              ; 0.181 V                              ; 4.74e-10 s                  ; 4.85e-10 s                  ; No                         ; Yes                        ; 2.32 V                      ; 2.52e-05 V                  ; 2.38 V             ; -0.032 V           ; 0.204 V                             ; 0.181 V                             ; 4.74e-10 s                 ; 4.85e-10 s                 ; No                        ; Yes                       ;
; ReadData[5]   ; 2.5 V        ; 0 s                 ; 0 s                 ; 2.32 V                       ; 2.52e-05 V                   ; 2.38 V              ; -0.0315 V           ; 0.205 V                              ; 0.182 V                              ; 4.74e-10 s                  ; 4.85e-10 s                  ; No                         ; Yes                        ; 2.32 V                      ; 2.52e-05 V                  ; 2.38 V             ; -0.0315 V          ; 0.205 V                             ; 0.182 V                             ; 4.74e-10 s                 ; 4.85e-10 s                 ; No                        ; Yes                       ;
; ReadData[6]   ; 2.5 V        ; 0 s                 ; 0 s                 ; 2.32 V                       ; 2.52e-05 V                   ; 2.38 V              ; -0.032 V            ; 0.204 V                              ; 0.181 V                              ; 4.74e-10 s                  ; 4.85e-10 s                  ; No                         ; Yes                        ; 2.32 V                      ; 2.52e-05 V                  ; 2.38 V             ; -0.032 V           ; 0.204 V                             ; 0.181 V                             ; 4.74e-10 s                 ; 4.85e-10 s                 ; No                        ; Yes                       ;
; ReadData[7]   ; 2.5 V        ; 0 s                 ; 0 s                 ; 2.32 V                       ; 2.52e-05 V                   ; 2.38 V              ; -0.0315 V           ; 0.205 V                              ; 0.182 V                              ; 4.74e-10 s                  ; 4.85e-10 s                  ; No                         ; Yes                        ; 2.32 V                      ; 2.52e-05 V                  ; 2.38 V             ; -0.0315 V          ; 0.205 V                             ; 0.182 V                             ; 4.74e-10 s                 ; 4.85e-10 s                 ; No                        ; Yes                       ;
; ReadData[8]   ; 2.5 V        ; 0 s                 ; 0 s                 ; 2.32 V                       ; 2.52e-05 V                   ; 2.38 V              ; -0.032 V            ; 0.204 V                              ; 0.181 V                              ; 4.74e-10 s                  ; 4.85e-10 s                  ; No                         ; Yes                        ; 2.32 V                      ; 2.52e-05 V                  ; 2.38 V             ; -0.032 V           ; 0.204 V                             ; 0.181 V                             ; 4.74e-10 s                 ; 4.85e-10 s                 ; No                        ; Yes                       ;
; ReadData[9]   ; 2.5 V        ; 0 s                 ; 0 s                 ; 2.32 V                       ; 2.52e-05 V                   ; 2.38 V              ; -0.032 V            ; 0.204 V                              ; 0.181 V                              ; 4.74e-10 s                  ; 4.85e-10 s                  ; No                         ; Yes                        ; 2.32 V                      ; 2.52e-05 V                  ; 2.38 V             ; -0.032 V           ; 0.204 V                             ; 0.181 V                             ; 4.74e-10 s                 ; 4.85e-10 s                 ; No                        ; Yes                       ;
; ReadData[10]  ; 2.5 V        ; 0 s                 ; 0 s                 ; 2.32 V                       ; 2.52e-05 V                   ; 2.38 V              ; -0.0315 V           ; 0.205 V                              ; 0.182 V                              ; 4.74e-10 s                  ; 4.85e-10 s                  ; No                         ; Yes                        ; 2.32 V                      ; 2.52e-05 V                  ; 2.38 V             ; -0.0315 V          ; 0.205 V                             ; 0.182 V                             ; 4.74e-10 s                 ; 4.85e-10 s                 ; No                        ; Yes                       ;
; ReadData[11]  ; 2.5 V        ; 0 s                 ; 0 s                 ; 2.32 V                       ; 2.56e-05 V                   ; 2.38 V              ; -0.026 V            ; 0.249 V                              ; 0.089 V                              ; 4.95e-10 s                  ; 6.01e-10 s                  ; No                         ; Yes                        ; 2.32 V                      ; 2.56e-05 V                  ; 2.38 V             ; -0.026 V           ; 0.249 V                             ; 0.089 V                             ; 4.95e-10 s                 ; 6.01e-10 s                 ; No                        ; Yes                       ;
; ReadData[12]  ; 2.5 V        ; 0 s                 ; 0 s                 ; 2.32 V                       ; 2.56e-05 V                   ; 2.38 V              ; -0.026 V            ; 0.249 V                              ; 0.089 V                              ; 4.95e-10 s                  ; 6.01e-10 s                  ; No                         ; Yes                        ; 2.32 V                      ; 2.56e-05 V                  ; 2.38 V             ; -0.026 V           ; 0.249 V                             ; 0.089 V                             ; 4.95e-10 s                 ; 6.01e-10 s                 ; No                        ; Yes                       ;
; ReadData[13]  ; 2.5 V        ; 0 s                 ; 0 s                 ; 2.32 V                       ; 2.52e-05 V                   ; 2.38 V              ; -0.032 V            ; 0.204 V                              ; 0.181 V                              ; 4.74e-10 s                  ; 4.85e-10 s                  ; No                         ; Yes                        ; 2.32 V                      ; 2.52e-05 V                  ; 2.38 V             ; -0.032 V           ; 0.204 V                             ; 0.181 V                             ; 4.74e-10 s                 ; 4.85e-10 s                 ; No                        ; Yes                       ;
; ReadData[14]  ; 2.5 V        ; 0 s                 ; 0 s                 ; 2.32 V                       ; 2.56e-05 V                   ; 2.38 V              ; -0.026 V            ; 0.249 V                              ; 0.089 V                              ; 4.95e-10 s                  ; 6.01e-10 s                  ; No                         ; Yes                        ; 2.32 V                      ; 2.56e-05 V                  ; 2.38 V             ; -0.026 V           ; 0.249 V                             ; 0.089 V                             ; 4.95e-10 s                 ; 6.01e-10 s                 ; No                        ; Yes                       ;
; ReadData[15]  ; 2.5 V        ; 0 s                 ; 0 s                 ; 2.32 V                       ; 2.27e-05 V                   ; 2.34 V              ; -0.0089 V           ; 0.206 V                              ; 0.058 V                              ; 4.97e-10 s                  ; 5.13e-10 s                  ; Yes                        ; Yes                        ; 2.32 V                      ; 2.27e-05 V                  ; 2.34 V             ; -0.0089 V          ; 0.206 V                             ; 0.058 V                             ; 4.97e-10 s                 ; 5.13e-10 s                 ; Yes                       ; Yes                       ;
; ReadData[16]  ; 2.5 V        ; 0 s                 ; 0 s                 ; 2.32 V                       ; 2.52e-05 V                   ; 2.38 V              ; -0.0315 V           ; 0.205 V                              ; 0.182 V                              ; 4.74e-10 s                  ; 4.85e-10 s                  ; No                         ; Yes                        ; 2.32 V                      ; 2.52e-05 V                  ; 2.38 V             ; -0.0315 V          ; 0.205 V                             ; 0.182 V                             ; 4.74e-10 s                 ; 4.85e-10 s                 ; No                        ; Yes                       ;
; ReadData[17]  ; 2.5 V        ; 0 s                 ; 0 s                 ; 2.32 V                       ; 2.52e-05 V                   ; 2.38 V              ; -0.0315 V           ; 0.205 V                              ; 0.182 V                              ; 4.74e-10 s                  ; 4.85e-10 s                  ; No                         ; Yes                        ; 2.32 V                      ; 2.52e-05 V                  ; 2.38 V             ; -0.0315 V          ; 0.205 V                             ; 0.182 V                             ; 4.74e-10 s                 ; 4.85e-10 s                 ; No                        ; Yes                       ;
; ReadData[18]  ; 2.5 V        ; 0 s                 ; 0 s                 ; 2.32 V                       ; 2.52e-05 V                   ; 2.38 V              ; -0.032 V            ; 0.204 V                              ; 0.181 V                              ; 4.74e-10 s                  ; 4.85e-10 s                  ; No                         ; Yes                        ; 2.32 V                      ; 2.52e-05 V                  ; 2.38 V             ; -0.032 V           ; 0.204 V                             ; 0.181 V                             ; 4.74e-10 s                 ; 4.85e-10 s                 ; No                        ; Yes                       ;
; ReadData[19]  ; 2.5 V        ; 0 s                 ; 0 s                 ; 2.32 V                       ; 2.27e-05 V                   ; 2.34 V              ; -0.0089 V           ; 0.206 V                              ; 0.058 V                              ; 4.97e-10 s                  ; 5.13e-10 s                  ; Yes                        ; Yes                        ; 2.32 V                      ; 2.27e-05 V                  ; 2.34 V             ; -0.0089 V          ; 0.206 V                             ; 0.058 V                             ; 4.97e-10 s                 ; 5.13e-10 s                 ; Yes                       ; Yes                       ;
; ReadData[20]  ; 2.5 V        ; 0 s                 ; 0 s                 ; 2.32 V                       ; 2.27e-05 V                   ; 2.34 V              ; -0.0089 V           ; 0.206 V                              ; 0.058 V                              ; 4.97e-10 s                  ; 5.13e-10 s                  ; Yes                        ; Yes                        ; 2.32 V                      ; 2.27e-05 V                  ; 2.34 V             ; -0.0089 V          ; 0.206 V                             ; 0.058 V                             ; 4.97e-10 s                 ; 5.13e-10 s                 ; Yes                       ; Yes                       ;
; ReadData[21]  ; 2.5 V        ; 0 s                 ; 0 s                 ; 2.32 V                       ; 2.52e-05 V                   ; 2.38 V              ; -0.0315 V           ; 0.205 V                              ; 0.182 V                              ; 4.74e-10 s                  ; 4.85e-10 s                  ; No                         ; Yes                        ; 2.32 V                      ; 2.52e-05 V                  ; 2.38 V             ; -0.0315 V          ; 0.205 V                             ; 0.182 V                             ; 4.74e-10 s                 ; 4.85e-10 s                 ; No                        ; Yes                       ;
; ReadData[22]  ; 2.5 V        ; 0 s                 ; 0 s                 ; 2.32 V                       ; 2.56e-05 V                   ; 2.38 V              ; -0.026 V            ; 0.249 V                              ; 0.089 V                              ; 4.95e-10 s                  ; 6.01e-10 s                  ; No                         ; Yes                        ; 2.32 V                      ; 2.56e-05 V                  ; 2.38 V             ; -0.026 V           ; 0.249 V                             ; 0.089 V                             ; 4.95e-10 s                 ; 6.01e-10 s                 ; No                        ; Yes                       ;
; ReadData[23]  ; 2.5 V        ; 0 s                 ; 0 s                 ; 2.32 V                       ; 2.52e-05 V                   ; 2.38 V              ; -0.0315 V           ; 0.205 V                              ; 0.182 V                              ; 4.74e-10 s                  ; 4.85e-10 s                  ; No                         ; Yes                        ; 2.32 V                      ; 2.52e-05 V                  ; 2.38 V             ; -0.0315 V          ; 0.205 V                             ; 0.182 V                             ; 4.74e-10 s                 ; 4.85e-10 s                 ; No                        ; Yes                       ;
; ReadData[24]  ; 2.5 V        ; 0 s                 ; 0 s                 ; 2.32 V                       ; 2.52e-05 V                   ; 2.38 V              ; -0.0315 V           ; 0.205 V                              ; 0.182 V                              ; 4.74e-10 s                  ; 4.85e-10 s                  ; No                         ; Yes                        ; 2.32 V                      ; 2.52e-05 V                  ; 2.38 V             ; -0.0315 V          ; 0.205 V                             ; 0.182 V                             ; 4.74e-10 s                 ; 4.85e-10 s                 ; No                        ; Yes                       ;
; ReadData[25]  ; 2.5 V        ; 0 s                 ; 0 s                 ; 2.32 V                       ; 2.52e-05 V                   ; 2.38 V              ; -0.032 V            ; 0.204 V                              ; 0.181 V                              ; 4.74e-10 s                  ; 4.85e-10 s                  ; No                         ; Yes                        ; 2.32 V                      ; 2.52e-05 V                  ; 2.38 V             ; -0.032 V           ; 0.204 V                             ; 0.181 V                             ; 4.74e-10 s                 ; 4.85e-10 s                 ; No                        ; Yes                       ;
; ReadData[26]  ; 2.5 V        ; 0 s                 ; 0 s                 ; 2.32 V                       ; 2.52e-05 V                   ; 2.38 V              ; -0.0315 V           ; 0.205 V                              ; 0.182 V                              ; 4.74e-10 s                  ; 4.85e-10 s                  ; No                         ; Yes                        ; 2.32 V                      ; 2.52e-05 V                  ; 2.38 V             ; -0.0315 V          ; 0.205 V                             ; 0.182 V                             ; 4.74e-10 s                 ; 4.85e-10 s                 ; No                        ; Yes                       ;
; ReadData[27]  ; 2.5 V        ; 0 s                 ; 0 s                 ; 2.32 V                       ; 2.52e-05 V                   ; 2.38 V              ; -0.032 V            ; 0.204 V                              ; 0.181 V                              ; 4.74e-10 s                  ; 4.85e-10 s                  ; No                         ; Yes                        ; 2.32 V                      ; 2.52e-05 V                  ; 2.38 V             ; -0.032 V           ; 0.204 V                             ; 0.181 V                             ; 4.74e-10 s                 ; 4.85e-10 s                 ; No                        ; Yes                       ;
; ReadData[28]  ; 2.5 V        ; 0 s                 ; 0 s                 ; 2.32 V                       ; 2.56e-05 V                   ; 2.38 V              ; -0.026 V            ; 0.249 V                              ; 0.089 V                              ; 4.95e-10 s                  ; 6.01e-10 s                  ; No                         ; Yes                        ; 2.32 V                      ; 2.56e-05 V                  ; 2.38 V             ; -0.026 V           ; 0.249 V                             ; 0.089 V                             ; 4.95e-10 s                 ; 6.01e-10 s                 ; No                        ; Yes                       ;
; ReadData[29]  ; 2.5 V        ; 0 s                 ; 0 s                 ; 2.32 V                       ; 2.27e-05 V                   ; 2.34 V              ; -0.0089 V           ; 0.206 V                              ; 0.058 V                              ; 4.97e-10 s                  ; 5.13e-10 s                  ; Yes                        ; Yes                        ; 2.32 V                      ; 2.27e-05 V                  ; 2.34 V             ; -0.0089 V          ; 0.206 V                             ; 0.058 V                             ; 4.97e-10 s                 ; 5.13e-10 s                 ; Yes                       ; Yes                       ;
; ReadData[30]  ; 2.5 V        ; 0 s                 ; 0 s                 ; 2.32 V                       ; 2.52e-05 V                   ; 2.38 V              ; -0.032 V            ; 0.204 V                              ; 0.181 V                              ; 4.74e-10 s                  ; 4.85e-10 s                  ; No                         ; Yes                        ; 2.32 V                      ; 2.52e-05 V                  ; 2.38 V             ; -0.032 V           ; 0.204 V                             ; 0.181 V                             ; 4.74e-10 s                 ; 4.85e-10 s                 ; No                        ; Yes                       ;
; ReadData[31]  ; 2.5 V        ; 0 s                 ; 0 s                 ; 2.32 V                       ; 2.52e-05 V                   ; 2.38 V              ; -0.032 V            ; 0.204 V                              ; 0.181 V                              ; 4.74e-10 s                  ; 4.85e-10 s                  ; No                         ; Yes                        ; 2.32 V                      ; 2.52e-05 V                  ; 2.38 V             ; -0.032 V           ; 0.204 V                             ; 0.181 V                             ; 4.74e-10 s                 ; 4.85e-10 s                 ; No                        ; Yes                       ;
; PC[0]         ; 2.5 V        ; 0 s                 ; 0 s                 ; 2.32 V                       ; 2.27e-05 V                   ; 2.34 V              ; -0.0089 V           ; 0.206 V                              ; 0.058 V                              ; 4.97e-10 s                  ; 5.13e-10 s                  ; Yes                        ; Yes                        ; 2.32 V                      ; 2.27e-05 V                  ; 2.34 V             ; -0.0089 V          ; 0.206 V                             ; 0.058 V                             ; 4.97e-10 s                 ; 5.13e-10 s                 ; Yes                       ; Yes                       ;
; PC[1]         ; 2.5 V        ; 0 s                 ; 0 s                 ; 2.32 V                       ; 2.52e-05 V                   ; 2.38 V              ; -0.032 V            ; 0.204 V                              ; 0.181 V                              ; 4.74e-10 s                  ; 4.85e-10 s                  ; No                         ; Yes                        ; 2.32 V                      ; 2.52e-05 V                  ; 2.38 V             ; -0.032 V           ; 0.204 V                             ; 0.181 V                             ; 4.74e-10 s                 ; 4.85e-10 s                 ; No                        ; Yes                       ;
; PC[2]         ; 2.5 V        ; 0 s                 ; 0 s                 ; 2.32 V                       ; 2.56e-05 V                   ; 2.38 V              ; -0.026 V            ; 0.249 V                              ; 0.089 V                              ; 4.95e-10 s                  ; 6.01e-10 s                  ; No                         ; Yes                        ; 2.32 V                      ; 2.56e-05 V                  ; 2.38 V             ; -0.026 V           ; 0.249 V                             ; 0.089 V                             ; 4.95e-10 s                 ; 6.01e-10 s                 ; No                        ; Yes                       ;
; PC[3]         ; 2.5 V        ; 0 s                 ; 0 s                 ; 2.32 V                       ; 2.27e-05 V                   ; 2.34 V              ; -0.0089 V           ; 0.206 V                              ; 0.058 V                              ; 4.97e-10 s                  ; 5.13e-10 s                  ; Yes                        ; Yes                        ; 2.32 V                      ; 2.27e-05 V                  ; 2.34 V             ; -0.0089 V          ; 0.206 V                             ; 0.058 V                             ; 4.97e-10 s                 ; 5.13e-10 s                 ; Yes                       ; Yes                       ;
; PC[4]         ; 2.5 V        ; 0 s                 ; 0 s                 ; 2.32 V                       ; 2.27e-05 V                   ; 2.34 V              ; -0.0089 V           ; 0.206 V                              ; 0.058 V                              ; 4.97e-10 s                  ; 5.13e-10 s                  ; Yes                        ; Yes                        ; 2.32 V                      ; 2.27e-05 V                  ; 2.34 V             ; -0.0089 V          ; 0.206 V                             ; 0.058 V                             ; 4.97e-10 s                 ; 5.13e-10 s                 ; Yes                       ; Yes                       ;
; PC[5]         ; 2.5 V        ; 0 s                 ; 0 s                 ; 2.32 V                       ; 2.52e-05 V                   ; 2.38 V              ; -0.032 V            ; 0.204 V                              ; 0.181 V                              ; 4.74e-10 s                  ; 4.85e-10 s                  ; No                         ; Yes                        ; 2.32 V                      ; 2.52e-05 V                  ; 2.38 V             ; -0.032 V           ; 0.204 V                             ; 0.181 V                             ; 4.74e-10 s                 ; 4.85e-10 s                 ; No                        ; Yes                       ;
; PC[6]         ; 2.5 V        ; 0 s                 ; 0 s                 ; 2.32 V                       ; 2.52e-05 V                   ; 2.38 V              ; -0.0315 V           ; 0.205 V                              ; 0.182 V                              ; 4.74e-10 s                  ; 4.85e-10 s                  ; No                         ; Yes                        ; 2.32 V                      ; 2.52e-05 V                  ; 2.38 V             ; -0.0315 V          ; 0.205 V                             ; 0.182 V                             ; 4.74e-10 s                 ; 4.85e-10 s                 ; No                        ; Yes                       ;
; PC[7]         ; 2.5 V        ; 0 s                 ; 0 s                 ; 2.32 V                       ; 2.52e-05 V                   ; 2.38 V              ; -0.0315 V           ; 0.205 V                              ; 0.182 V                              ; 4.74e-10 s                  ; 4.85e-10 s                  ; No                         ; Yes                        ; 2.32 V                      ; 2.52e-05 V                  ; 2.38 V             ; -0.0315 V          ; 0.205 V                             ; 0.182 V                             ; 4.74e-10 s                 ; 4.85e-10 s                 ; No                        ; Yes                       ;
; PC[8]         ; 2.5 V        ; 0 s                 ; 0 s                 ; 2.32 V                       ; 2.27e-05 V                   ; 2.34 V              ; -0.0089 V           ; 0.206 V                              ; 0.058 V                              ; 4.97e-10 s                  ; 5.13e-10 s                  ; Yes                        ; Yes                        ; 2.32 V                      ; 2.27e-05 V                  ; 2.34 V             ; -0.0089 V          ; 0.206 V                             ; 0.058 V                             ; 4.97e-10 s                 ; 5.13e-10 s                 ; Yes                       ; Yes                       ;
; PC[9]         ; 2.5 V        ; 0 s                 ; 0 s                 ; 2.32 V                       ; 2.27e-05 V                   ; 2.34 V              ; -0.0089 V           ; 0.206 V                              ; 0.058 V                              ; 4.97e-10 s                  ; 5.13e-10 s                  ; Yes                        ; Yes                        ; 2.32 V                      ; 2.27e-05 V                  ; 2.34 V             ; -0.0089 V          ; 0.206 V                             ; 0.058 V                             ; 4.97e-10 s                 ; 5.13e-10 s                 ; Yes                       ; Yes                       ;
; PC[10]        ; 2.5 V        ; 0 s                 ; 0 s                 ; 2.32 V                       ; 2.56e-05 V                   ; 2.38 V              ; -0.026 V            ; 0.249 V                              ; 0.089 V                              ; 4.95e-10 s                  ; 6.01e-10 s                  ; No                         ; Yes                        ; 2.32 V                      ; 2.56e-05 V                  ; 2.38 V             ; -0.026 V           ; 0.249 V                             ; 0.089 V                             ; 4.95e-10 s                 ; 6.01e-10 s                 ; No                        ; Yes                       ;
; PC[11]        ; 2.5 V        ; 0 s                 ; 0 s                 ; 2.32 V                       ; 2.52e-05 V                   ; 2.38 V              ; -0.0315 V           ; 0.205 V                              ; 0.182 V                              ; 4.74e-10 s                  ; 4.85e-10 s                  ; No                         ; Yes                        ; 2.32 V                      ; 2.52e-05 V                  ; 2.38 V             ; -0.0315 V          ; 0.205 V                             ; 0.182 V                             ; 4.74e-10 s                 ; 4.85e-10 s                 ; No                        ; Yes                       ;
; PC[12]        ; 2.5 V        ; 0 s                 ; 0 s                 ; 2.32 V                       ; 2.56e-05 V                   ; 2.38 V              ; -0.026 V            ; 0.249 V                              ; 0.089 V                              ; 4.95e-10 s                  ; 6.01e-10 s                  ; No                         ; Yes                        ; 2.32 V                      ; 2.56e-05 V                  ; 2.38 V             ; -0.026 V           ; 0.249 V                             ; 0.089 V                             ; 4.95e-10 s                 ; 6.01e-10 s                 ; No                        ; Yes                       ;
; PC[13]        ; 2.5 V        ; 0 s                 ; 0 s                 ; 2.32 V                       ; 2.56e-05 V                   ; 2.38 V              ; -0.026 V            ; 0.249 V                              ; 0.089 V                              ; 4.95e-10 s                  ; 6.01e-10 s                  ; No                         ; Yes                        ; 2.32 V                      ; 2.56e-05 V                  ; 2.38 V             ; -0.026 V           ; 0.249 V                             ; 0.089 V                             ; 4.95e-10 s                 ; 6.01e-10 s                 ; No                        ; Yes                       ;
; PC[14]        ; 2.5 V        ; 0 s                 ; 0 s                 ; 2.32 V                       ; 2.52e-05 V                   ; 2.38 V              ; -0.032 V            ; 0.204 V                              ; 0.181 V                              ; 4.74e-10 s                  ; 4.85e-10 s                  ; No                         ; Yes                        ; 2.32 V                      ; 2.52e-05 V                  ; 2.38 V             ; -0.032 V           ; 0.204 V                             ; 0.181 V                             ; 4.74e-10 s                 ; 4.85e-10 s                 ; No                        ; Yes                       ;
; PC[15]        ; 2.5 V        ; 0 s                 ; 0 s                 ; 2.32 V                       ; 2.52e-05 V                   ; 2.38 V              ; -0.032 V            ; 0.204 V                              ; 0.181 V                              ; 4.74e-10 s                  ; 4.85e-10 s                  ; No                         ; Yes                        ; 2.32 V                      ; 2.52e-05 V                  ; 2.38 V             ; -0.032 V           ; 0.204 V                             ; 0.181 V                             ; 4.74e-10 s                 ; 4.85e-10 s                 ; No                        ; Yes                       ;
; PC[16]        ; 2.5 V        ; 0 s                 ; 0 s                 ; 2.32 V                       ; 2.52e-05 V                   ; 2.38 V              ; -0.032 V            ; 0.204 V                              ; 0.181 V                              ; 4.74e-10 s                  ; 4.85e-10 s                  ; No                         ; Yes                        ; 2.32 V                      ; 2.52e-05 V                  ; 2.38 V             ; -0.032 V           ; 0.204 V                             ; 0.181 V                             ; 4.74e-10 s                 ; 4.85e-10 s                 ; No                        ; Yes                       ;
; PC[17]        ; 2.5 V        ; 0 s                 ; 0 s                 ; 2.32 V                       ; 2.56e-05 V                   ; 2.38 V              ; -0.026 V            ; 0.249 V                              ; 0.089 V                              ; 4.95e-10 s                  ; 6.01e-10 s                  ; No                         ; Yes                        ; 2.32 V                      ; 2.56e-05 V                  ; 2.38 V             ; -0.026 V           ; 0.249 V                             ; 0.089 V                             ; 4.95e-10 s                 ; 6.01e-10 s                 ; No                        ; Yes                       ;
; PC[18]        ; 2.5 V        ; 0 s                 ; 0 s                 ; 2.32 V                       ; 2.52e-05 V                   ; 2.38 V              ; -0.0315 V           ; 0.205 V                              ; 0.182 V                              ; 4.74e-10 s                  ; 4.85e-10 s                  ; No                         ; Yes                        ; 2.32 V                      ; 2.52e-05 V                  ; 2.38 V             ; -0.0315 V          ; 0.205 V                             ; 0.182 V                             ; 4.74e-10 s                 ; 4.85e-10 s                 ; No                        ; Yes                       ;
; PC[19]        ; 2.5 V        ; 0 s                 ; 0 s                 ; 2.32 V                       ; 2.56e-05 V                   ; 2.38 V              ; -0.026 V            ; 0.249 V                              ; 0.089 V                              ; 4.95e-10 s                  ; 6.01e-10 s                  ; No                         ; Yes                        ; 2.32 V                      ; 2.56e-05 V                  ; 2.38 V             ; -0.026 V           ; 0.249 V                             ; 0.089 V                             ; 4.95e-10 s                 ; 6.01e-10 s                 ; No                        ; Yes                       ;
; PC[20]        ; 2.5 V        ; 0 s                 ; 0 s                 ; 2.32 V                       ; 2.27e-05 V                   ; 2.34 V              ; -0.0089 V           ; 0.206 V                              ; 0.058 V                              ; 4.97e-10 s                  ; 5.13e-10 s                  ; Yes                        ; Yes                        ; 2.32 V                      ; 2.27e-05 V                  ; 2.34 V             ; -0.0089 V          ; 0.206 V                             ; 0.058 V                             ; 4.97e-10 s                 ; 5.13e-10 s                 ; Yes                       ; Yes                       ;
; PC[21]        ; 2.5 V        ; 0 s                 ; 0 s                 ; 2.32 V                       ; 2.52e-05 V                   ; 2.38 V              ; -0.032 V            ; 0.204 V                              ; 0.181 V                              ; 4.74e-10 s                  ; 4.85e-10 s                  ; No                         ; Yes                        ; 2.32 V                      ; 2.52e-05 V                  ; 2.38 V             ; -0.032 V           ; 0.204 V                             ; 0.181 V                             ; 4.74e-10 s                 ; 4.85e-10 s                 ; No                        ; Yes                       ;
; PC[22]        ; 2.5 V        ; 0 s                 ; 0 s                 ; 2.32 V                       ; 2.27e-05 V                   ; 2.34 V              ; -0.0089 V           ; 0.206 V                              ; 0.058 V                              ; 4.97e-10 s                  ; 5.13e-10 s                  ; Yes                        ; Yes                        ; 2.32 V                      ; 2.27e-05 V                  ; 2.34 V             ; -0.0089 V          ; 0.206 V                             ; 0.058 V                             ; 4.97e-10 s                 ; 5.13e-10 s                 ; Yes                       ; Yes                       ;
; PC[23]        ; 2.5 V        ; 0 s                 ; 0 s                 ; 2.32 V                       ; 2.52e-05 V                   ; 2.38 V              ; -0.0315 V           ; 0.205 V                              ; 0.182 V                              ; 4.74e-10 s                  ; 4.85e-10 s                  ; No                         ; Yes                        ; 2.32 V                      ; 2.52e-05 V                  ; 2.38 V             ; -0.0315 V          ; 0.205 V                             ; 0.182 V                             ; 4.74e-10 s                 ; 4.85e-10 s                 ; No                        ; Yes                       ;
; PC[24]        ; 2.5 V        ; 0 s                 ; 0 s                 ; 2.32 V                       ; 2.56e-05 V                   ; 2.38 V              ; -0.026 V            ; 0.249 V                              ; 0.089 V                              ; 4.95e-10 s                  ; 6.01e-10 s                  ; No                         ; Yes                        ; 2.32 V                      ; 2.56e-05 V                  ; 2.38 V             ; -0.026 V           ; 0.249 V                             ; 0.089 V                             ; 4.95e-10 s                 ; 6.01e-10 s                 ; No                        ; Yes                       ;
; PC[25]        ; 2.5 V        ; 0 s                 ; 0 s                 ; 2.32 V                       ; 2.52e-05 V                   ; 2.38 V              ; -0.0315 V           ; 0.205 V                              ; 0.182 V                              ; 4.74e-10 s                  ; 4.85e-10 s                  ; No                         ; Yes                        ; 2.32 V                      ; 2.52e-05 V                  ; 2.38 V             ; -0.0315 V          ; 0.205 V                             ; 0.182 V                             ; 4.74e-10 s                 ; 4.85e-10 s                 ; No                        ; Yes                       ;
; PC[26]        ; 2.5 V        ; 0 s                 ; 0 s                 ; 2.32 V                       ; 2.52e-05 V                   ; 2.38 V              ; -0.032 V            ; 0.204 V                              ; 0.181 V                              ; 4.74e-10 s                  ; 4.85e-10 s                  ; No                         ; Yes                        ; 2.32 V                      ; 2.52e-05 V                  ; 2.38 V             ; -0.032 V           ; 0.204 V                             ; 0.181 V                             ; 4.74e-10 s                 ; 4.85e-10 s                 ; No                        ; Yes                       ;
; PC[27]        ; 2.5 V        ; 0 s                 ; 0 s                 ; 2.32 V                       ; 2.52e-05 V                   ; 2.38 V              ; -0.032 V            ; 0.204 V                              ; 0.181 V                              ; 4.74e-10 s                  ; 4.85e-10 s                  ; No                         ; Yes                        ; 2.32 V                      ; 2.52e-05 V                  ; 2.38 V             ; -0.032 V           ; 0.204 V                             ; 0.181 V                             ; 4.74e-10 s                 ; 4.85e-10 s                 ; No                        ; Yes                       ;
; PC[28]        ; 2.5 V        ; 0 s                 ; 0 s                 ; 2.32 V                       ; 2.52e-05 V                   ; 2.38 V              ; -0.0315 V           ; 0.205 V                              ; 0.182 V                              ; 4.74e-10 s                  ; 4.85e-10 s                  ; No                         ; Yes                        ; 2.32 V                      ; 2.52e-05 V                  ; 2.38 V             ; -0.0315 V          ; 0.205 V                             ; 0.182 V                             ; 4.74e-10 s                 ; 4.85e-10 s                 ; No                        ; Yes                       ;
; PC[29]        ; 2.5 V        ; 0 s                 ; 0 s                 ; 2.32 V                       ; 2.56e-05 V                   ; 2.38 V              ; -0.026 V            ; 0.249 V                              ; 0.089 V                              ; 4.95e-10 s                  ; 6.01e-10 s                  ; No                         ; Yes                        ; 2.32 V                      ; 2.56e-05 V                  ; 2.38 V             ; -0.026 V           ; 0.249 V                             ; 0.089 V                             ; 4.95e-10 s                 ; 6.01e-10 s                 ; No                        ; Yes                       ;
; PC[30]        ; 2.5 V        ; 0 s                 ; 0 s                 ; 2.32 V                       ; 2.52e-05 V                   ; 2.38 V              ; -0.032 V            ; 0.204 V                              ; 0.181 V                              ; 4.74e-10 s                  ; 4.85e-10 s                  ; No                         ; Yes                        ; 2.32 V                      ; 2.52e-05 V                  ; 2.38 V             ; -0.032 V           ; 0.204 V                             ; 0.181 V                             ; 4.74e-10 s                 ; 4.85e-10 s                 ; No                        ; Yes                       ;
; PC[31]        ; 2.5 V        ; 0 s                 ; 0 s                 ; 2.32 V                       ; 2.56e-05 V                   ; 2.38 V              ; -0.026 V            ; 0.249 V                              ; 0.089 V                              ; 4.95e-10 s                  ; 6.01e-10 s                  ; No                         ; Yes                        ; 2.32 V                      ; 2.56e-05 V                  ; 2.38 V             ; -0.026 V           ; 0.249 V                             ; 0.089 V                             ; 4.95e-10 s                 ; 6.01e-10 s                 ; No                        ; Yes                       ;
; Result[0]     ; 2.5 V        ; 0 s                 ; 0 s                 ; 2.32 V                       ; 2.56e-05 V                   ; 2.38 V              ; -0.026 V            ; 0.249 V                              ; 0.089 V                              ; 4.95e-10 s                  ; 6.01e-10 s                  ; No                         ; Yes                        ; 2.32 V                      ; 2.56e-05 V                  ; 2.38 V             ; -0.026 V           ; 0.249 V                             ; 0.089 V                             ; 4.95e-10 s                 ; 6.01e-10 s                 ; No                        ; Yes                       ;
; Result[1]     ; 2.5 V        ; 0 s                 ; 0 s                 ; 2.32 V                       ; 2.52e-05 V                   ; 2.38 V              ; -0.032 V            ; 0.204 V                              ; 0.181 V                              ; 4.74e-10 s                  ; 4.85e-10 s                  ; No                         ; Yes                        ; 2.32 V                      ; 2.52e-05 V                  ; 2.38 V             ; -0.032 V           ; 0.204 V                             ; 0.181 V                             ; 4.74e-10 s                 ; 4.85e-10 s                 ; No                        ; Yes                       ;
; Result[2]     ; 2.5 V        ; 0 s                 ; 0 s                 ; 2.32 V                       ; 2.52e-05 V                   ; 2.38 V              ; -0.032 V            ; 0.204 V                              ; 0.181 V                              ; 4.74e-10 s                  ; 4.85e-10 s                  ; No                         ; Yes                        ; 2.32 V                      ; 2.52e-05 V                  ; 2.38 V             ; -0.032 V           ; 0.204 V                             ; 0.181 V                             ; 4.74e-10 s                 ; 4.85e-10 s                 ; No                        ; Yes                       ;
; Result[3]     ; 2.5 V        ; 0 s                 ; 0 s                 ; 2.32 V                       ; 2.52e-05 V                   ; 2.38 V              ; -0.032 V            ; 0.204 V                              ; 0.181 V                              ; 4.74e-10 s                  ; 4.85e-10 s                  ; No                         ; Yes                        ; 2.32 V                      ; 2.52e-05 V                  ; 2.38 V             ; -0.032 V           ; 0.204 V                             ; 0.181 V                             ; 4.74e-10 s                 ; 4.85e-10 s                 ; No                        ; Yes                       ;
; Result[4]     ; 2.5 V        ; 0 s                 ; 0 s                 ; 2.32 V                       ; 2.27e-05 V                   ; 2.34 V              ; -0.0089 V           ; 0.206 V                              ; 0.058 V                              ; 4.97e-10 s                  ; 5.13e-10 s                  ; Yes                        ; Yes                        ; 2.32 V                      ; 2.27e-05 V                  ; 2.34 V             ; -0.0089 V          ; 0.206 V                             ; 0.058 V                             ; 4.97e-10 s                 ; 5.13e-10 s                 ; Yes                       ; Yes                       ;
; Result[5]     ; 2.5 V        ; 0 s                 ; 0 s                 ; 2.32 V                       ; 2.27e-05 V                   ; 2.34 V              ; -0.0089 V           ; 0.206 V                              ; 0.058 V                              ; 4.97e-10 s                  ; 5.13e-10 s                  ; Yes                        ; Yes                        ; 2.32 V                      ; 2.27e-05 V                  ; 2.34 V             ; -0.0089 V          ; 0.206 V                             ; 0.058 V                             ; 4.97e-10 s                 ; 5.13e-10 s                 ; Yes                       ; Yes                       ;
; Result[6]     ; 2.5 V        ; 0 s                 ; 0 s                 ; 2.32 V                       ; 2.56e-05 V                   ; 2.38 V              ; -0.026 V            ; 0.249 V                              ; 0.089 V                              ; 4.95e-10 s                  ; 6.01e-10 s                  ; No                         ; Yes                        ; 2.32 V                      ; 2.56e-05 V                  ; 2.38 V             ; -0.026 V           ; 0.249 V                             ; 0.089 V                             ; 4.95e-10 s                 ; 6.01e-10 s                 ; No                        ; Yes                       ;
; Result[7]     ; 2.5 V        ; 0 s                 ; 0 s                 ; 2.32 V                       ; 2.52e-05 V                   ; 2.38 V              ; -0.032 V            ; 0.204 V                              ; 0.181 V                              ; 4.74e-10 s                  ; 4.85e-10 s                  ; No                         ; Yes                        ; 2.32 V                      ; 2.52e-05 V                  ; 2.38 V             ; -0.032 V           ; 0.204 V                             ; 0.181 V                             ; 4.74e-10 s                 ; 4.85e-10 s                 ; No                        ; Yes                       ;
; Result[8]     ; 2.5 V        ; 0 s                 ; 0 s                 ; 2.32 V                       ; 2.52e-05 V                   ; 2.38 V              ; -0.0315 V           ; 0.205 V                              ; 0.182 V                              ; 4.74e-10 s                  ; 4.85e-10 s                  ; No                         ; Yes                        ; 2.32 V                      ; 2.52e-05 V                  ; 2.38 V             ; -0.0315 V          ; 0.205 V                             ; 0.182 V                             ; 4.74e-10 s                 ; 4.85e-10 s                 ; No                        ; Yes                       ;
; Result[9]     ; 2.5 V        ; 0 s                 ; 0 s                 ; 2.32 V                       ; 2.27e-05 V                   ; 2.34 V              ; -0.0089 V           ; 0.206 V                              ; 0.058 V                              ; 4.97e-10 s                  ; 5.13e-10 s                  ; Yes                        ; Yes                        ; 2.32 V                      ; 2.27e-05 V                  ; 2.34 V             ; -0.0089 V          ; 0.206 V                             ; 0.058 V                             ; 4.97e-10 s                 ; 5.13e-10 s                 ; Yes                       ; Yes                       ;
; Result[10]    ; 2.5 V        ; 0 s                 ; 0 s                 ; 2.32 V                       ; 2.52e-05 V                   ; 2.38 V              ; -0.0315 V           ; 0.205 V                              ; 0.182 V                              ; 4.74e-10 s                  ; 4.85e-10 s                  ; No                         ; Yes                        ; 2.32 V                      ; 2.52e-05 V                  ; 2.38 V             ; -0.0315 V          ; 0.205 V                             ; 0.182 V                             ; 4.74e-10 s                 ; 4.85e-10 s                 ; No                        ; Yes                       ;
; Result[11]    ; 2.5 V        ; 0 s                 ; 0 s                 ; 2.32 V                       ; 2.52e-05 V                   ; 2.38 V              ; -0.032 V            ; 0.204 V                              ; 0.181 V                              ; 4.74e-10 s                  ; 4.85e-10 s                  ; No                         ; Yes                        ; 2.32 V                      ; 2.52e-05 V                  ; 2.38 V             ; -0.032 V           ; 0.204 V                             ; 0.181 V                             ; 4.74e-10 s                 ; 4.85e-10 s                 ; No                        ; Yes                       ;
; Result[12]    ; 2.5 V        ; 0 s                 ; 0 s                 ; 2.32 V                       ; 2.56e-05 V                   ; 2.38 V              ; -0.026 V            ; 0.249 V                              ; 0.089 V                              ; 4.95e-10 s                  ; 6.01e-10 s                  ; No                         ; Yes                        ; 2.32 V                      ; 2.56e-05 V                  ; 2.38 V             ; -0.026 V           ; 0.249 V                             ; 0.089 V                             ; 4.95e-10 s                 ; 6.01e-10 s                 ; No                        ; Yes                       ;
; Result[13]    ; 2.5 V        ; 0 s                 ; 0 s                 ; 2.32 V                       ; 2.27e-05 V                   ; 2.34 V              ; -0.0089 V           ; 0.206 V                              ; 0.058 V                              ; 4.97e-10 s                  ; 5.13e-10 s                  ; Yes                        ; Yes                        ; 2.32 V                      ; 2.27e-05 V                  ; 2.34 V             ; -0.0089 V          ; 0.206 V                             ; 0.058 V                             ; 4.97e-10 s                 ; 5.13e-10 s                 ; Yes                       ; Yes                       ;
; Result[14]    ; 2.5 V        ; 0 s                 ; 0 s                 ; 2.32 V                       ; 2.56e-05 V                   ; 2.38 V              ; -0.026 V            ; 0.249 V                              ; 0.089 V                              ; 4.95e-10 s                  ; 6.01e-10 s                  ; No                         ; Yes                        ; 2.32 V                      ; 2.56e-05 V                  ; 2.38 V             ; -0.026 V           ; 0.249 V                             ; 0.089 V                             ; 4.95e-10 s                 ; 6.01e-10 s                 ; No                        ; Yes                       ;
; Result[15]    ; 2.5 V        ; 0 s                 ; 0 s                 ; 2.32 V                       ; 2.56e-05 V                   ; 2.38 V              ; -0.026 V            ; 0.249 V                              ; 0.089 V                              ; 4.95e-10 s                  ; 6.01e-10 s                  ; No                         ; Yes                        ; 2.32 V                      ; 2.56e-05 V                  ; 2.38 V             ; -0.026 V           ; 0.249 V                             ; 0.089 V                             ; 4.95e-10 s                 ; 6.01e-10 s                 ; No                        ; Yes                       ;
; Result[16]    ; 2.5 V        ; 0 s                 ; 0 s                 ; 2.32 V                       ; 2.56e-05 V                   ; 2.38 V              ; -0.026 V            ; 0.249 V                              ; 0.089 V                              ; 4.95e-10 s                  ; 6.01e-10 s                  ; No                         ; Yes                        ; 2.32 V                      ; 2.56e-05 V                  ; 2.38 V             ; -0.026 V           ; 0.249 V                             ; 0.089 V                             ; 4.95e-10 s                 ; 6.01e-10 s                 ; No                        ; Yes                       ;
; Result[17]    ; 2.5 V        ; 0 s                 ; 0 s                 ; 2.32 V                       ; 2.52e-05 V                   ; 2.38 V              ; -0.032 V            ; 0.204 V                              ; 0.181 V                              ; 4.74e-10 s                  ; 4.85e-10 s                  ; No                         ; Yes                        ; 2.32 V                      ; 2.52e-05 V                  ; 2.38 V             ; -0.032 V           ; 0.204 V                             ; 0.181 V                             ; 4.74e-10 s                 ; 4.85e-10 s                 ; No                        ; Yes                       ;
; Result[18]    ; 2.5 V        ; 0 s                 ; 0 s                 ; 2.32 V                       ; 2.52e-05 V                   ; 2.38 V              ; -0.0315 V           ; 0.205 V                              ; 0.182 V                              ; 4.74e-10 s                  ; 4.85e-10 s                  ; No                         ; Yes                        ; 2.32 V                      ; 2.52e-05 V                  ; 2.38 V             ; -0.0315 V          ; 0.205 V                             ; 0.182 V                             ; 4.74e-10 s                 ; 4.85e-10 s                 ; No                        ; Yes                       ;
; Result[19]    ; 2.5 V        ; 0 s                 ; 0 s                 ; 2.32 V                       ; 2.27e-05 V                   ; 2.34 V              ; -0.0089 V           ; 0.206 V                              ; 0.058 V                              ; 4.97e-10 s                  ; 5.13e-10 s                  ; Yes                        ; Yes                        ; 2.32 V                      ; 2.27e-05 V                  ; 2.34 V             ; -0.0089 V          ; 0.206 V                             ; 0.058 V                             ; 4.97e-10 s                 ; 5.13e-10 s                 ; Yes                       ; Yes                       ;
; Result[20]    ; 2.5 V        ; 0 s                 ; 0 s                 ; 2.32 V                       ; 2.52e-05 V                   ; 2.38 V              ; -0.0315 V           ; 0.205 V                              ; 0.182 V                              ; 4.74e-10 s                  ; 4.85e-10 s                  ; No                         ; Yes                        ; 2.32 V                      ; 2.52e-05 V                  ; 2.38 V             ; -0.0315 V          ; 0.205 V                             ; 0.182 V                             ; 4.74e-10 s                 ; 4.85e-10 s                 ; No                        ; Yes                       ;
; Result[21]    ; 2.5 V        ; 0 s                 ; 0 s                 ; 2.32 V                       ; 2.52e-05 V                   ; 2.38 V              ; -0.032 V            ; 0.204 V                              ; 0.181 V                              ; 4.74e-10 s                  ; 4.85e-10 s                  ; No                         ; Yes                        ; 2.32 V                      ; 2.52e-05 V                  ; 2.38 V             ; -0.032 V           ; 0.204 V                             ; 0.181 V                             ; 4.74e-10 s                 ; 4.85e-10 s                 ; No                        ; Yes                       ;
; Result[22]    ; 2.5 V        ; 0 s                 ; 0 s                 ; 2.32 V                       ; 2.52e-05 V                   ; 2.38 V              ; -0.0315 V           ; 0.205 V                              ; 0.182 V                              ; 4.74e-10 s                  ; 4.85e-10 s                  ; No                         ; Yes                        ; 2.32 V                      ; 2.52e-05 V                  ; 2.38 V             ; -0.0315 V          ; 0.205 V                             ; 0.182 V                             ; 4.74e-10 s                 ; 4.85e-10 s                 ; No                        ; Yes                       ;
; Result[23]    ; 2.5 V        ; 0 s                 ; 0 s                 ; 2.32 V                       ; 2.52e-05 V                   ; 2.38 V              ; -0.0315 V           ; 0.205 V                              ; 0.182 V                              ; 4.74e-10 s                  ; 4.85e-10 s                  ; No                         ; Yes                        ; 2.32 V                      ; 2.52e-05 V                  ; 2.38 V             ; -0.0315 V          ; 0.205 V                             ; 0.182 V                             ; 4.74e-10 s                 ; 4.85e-10 s                 ; No                        ; Yes                       ;
; Result[24]    ; 2.5 V        ; 0 s                 ; 0 s                 ; 2.32 V                       ; 2.27e-05 V                   ; 2.34 V              ; -0.0089 V           ; 0.206 V                              ; 0.058 V                              ; 4.97e-10 s                  ; 5.13e-10 s                  ; Yes                        ; Yes                        ; 2.32 V                      ; 2.27e-05 V                  ; 2.34 V             ; -0.0089 V          ; 0.206 V                             ; 0.058 V                             ; 4.97e-10 s                 ; 5.13e-10 s                 ; Yes                       ; Yes                       ;
; Result[25]    ; 2.5 V        ; 0 s                 ; 0 s                 ; 2.32 V                       ; 2.52e-05 V                   ; 2.38 V              ; -0.032 V            ; 0.204 V                              ; 0.181 V                              ; 4.74e-10 s                  ; 4.85e-10 s                  ; No                         ; Yes                        ; 2.32 V                      ; 2.52e-05 V                  ; 2.38 V             ; -0.032 V           ; 0.204 V                             ; 0.181 V                             ; 4.74e-10 s                 ; 4.85e-10 s                 ; No                        ; Yes                       ;
; Result[26]    ; 2.5 V        ; 0 s                 ; 0 s                 ; 2.32 V                       ; 2.56e-05 V                   ; 2.38 V              ; -0.026 V            ; 0.249 V                              ; 0.089 V                              ; 4.95e-10 s                  ; 6.01e-10 s                  ; No                         ; Yes                        ; 2.32 V                      ; 2.56e-05 V                  ; 2.38 V             ; -0.026 V           ; 0.249 V                             ; 0.089 V                             ; 4.95e-10 s                 ; 6.01e-10 s                 ; No                        ; Yes                       ;
; Result[27]    ; 2.5 V        ; 0 s                 ; 0 s                 ; 2.32 V                       ; 2.52e-05 V                   ; 2.38 V              ; -0.032 V            ; 0.204 V                              ; 0.181 V                              ; 4.74e-10 s                  ; 4.85e-10 s                  ; No                         ; Yes                        ; 2.32 V                      ; 2.52e-05 V                  ; 2.38 V             ; -0.032 V           ; 0.204 V                             ; 0.181 V                             ; 4.74e-10 s                 ; 4.85e-10 s                 ; No                        ; Yes                       ;
; Result[28]    ; 2.5 V        ; 0 s                 ; 0 s                 ; 2.32 V                       ; 2.27e-05 V                   ; 2.34 V              ; -0.0089 V           ; 0.206 V                              ; 0.058 V                              ; 4.97e-10 s                  ; 5.13e-10 s                  ; Yes                        ; Yes                        ; 2.32 V                      ; 2.27e-05 V                  ; 2.34 V             ; -0.0089 V          ; 0.206 V                             ; 0.058 V                             ; 4.97e-10 s                 ; 5.13e-10 s                 ; Yes                       ; Yes                       ;
; Result[29]    ; 2.5 V        ; 0 s                 ; 0 s                 ; 2.32 V                       ; 2.52e-05 V                   ; 2.38 V              ; -0.0315 V           ; 0.205 V                              ; 0.182 V                              ; 4.74e-10 s                  ; 4.85e-10 s                  ; No                         ; Yes                        ; 2.32 V                      ; 2.52e-05 V                  ; 2.38 V             ; -0.0315 V          ; 0.205 V                             ; 0.182 V                             ; 4.74e-10 s                 ; 4.85e-10 s                 ; No                        ; Yes                       ;
; Result[30]    ; 2.5 V        ; 0 s                 ; 0 s                 ; 2.32 V                       ; 2.52e-05 V                   ; 2.38 V              ; -0.0315 V           ; 0.205 V                              ; 0.182 V                              ; 4.74e-10 s                  ; 4.85e-10 s                  ; No                         ; Yes                        ; 2.32 V                      ; 2.52e-05 V                  ; 2.38 V             ; -0.0315 V          ; 0.205 V                             ; 0.182 V                             ; 4.74e-10 s                 ; 4.85e-10 s                 ; No                        ; Yes                       ;
; Result[31]    ; 2.5 V        ; 0 s                 ; 0 s                 ; 2.32 V                       ; 2.52e-05 V                   ; 2.38 V              ; -0.0315 V           ; 0.205 V                              ; 0.182 V                              ; 4.74e-10 s                  ; 4.85e-10 s                  ; No                         ; Yes                        ; 2.32 V                      ; 2.52e-05 V                  ; 2.38 V             ; -0.0315 V          ; 0.205 V                             ; 0.182 V                             ; 4.74e-10 s                 ; 4.85e-10 s                 ; No                        ; Yes                       ;
+---------------+--------------+---------------------+---------------------+------------------------------+------------------------------+---------------------+---------------------+--------------------------------------+--------------------------------------+-----------------------------+-----------------------------+----------------------------+----------------------------+-----------------------------+-----------------------------+--------------------+--------------------+-------------------------------------+-------------------------------------+----------------------------+----------------------------+---------------------------+---------------------------+


+--------------------------------------------------------------------------------------------------------------------------------------------------------------------------------------------------------------------------------------------------------------------------------------------------------------------------------------------------------------------------------------------------------------------------------------------------------------------------------------------------------------------------------------------------------------------------------------------------------------------------------------------------------------------------------------------+
; Signal Integrity Metrics (Fast 1100mv 0c Model)                                                                                                                                                                                                                                                                                                                                                                                                                                                                                                                                                                                                                                            ;
+---------------+--------------+---------------------+---------------------+------------------------------+------------------------------+---------------------+---------------------+--------------------------------------+--------------------------------------+-----------------------------+-----------------------------+----------------------------+----------------------------+-----------------------------+-----------------------------+--------------------+--------------------+-------------------------------------+-------------------------------------+----------------------------+----------------------------+---------------------------+---------------------------+
; Pin           ; I/O Standard ; Board Delay on Rise ; Board Delay on Fall ; Steady State Voh at FPGA Pin ; Steady State Vol at FPGA Pin ; Voh Max at FPGA Pin ; Vol Min at FPGA Pin ; Ringback Voltage on Rise at FPGA Pin ; Ringback Voltage on Fall at FPGA Pin ; 10-90 Rise Time at FPGA Pin ; 90-10 Fall Time at FPGA Pin ; Monotonic Rise at FPGA Pin ; Monotonic Fall at FPGA Pin ; Steady State Voh at Far-end ; Steady State Vol at Far-end ; Voh Max at Far-end ; Vol Min at Far-end ; Ringback Voltage on Rise at Far-end ; Ringback Voltage on Fall at Far-end ; 10-90 Rise Time at Far-end ; 90-10 Fall Time at Far-end ; Monotonic Rise at Far-end ; Monotonic Fall at Far-end ;
+---------------+--------------+---------------------+---------------------+------------------------------+------------------------------+---------------------+---------------------+--------------------------------------+--------------------------------------+-----------------------------+-----------------------------+----------------------------+----------------------------+-----------------------------+-----------------------------+--------------------+--------------------+-------------------------------------+-------------------------------------+----------------------------+----------------------------+---------------------------+---------------------------+
; MemWrite      ; 2.5 V        ; 0 s                 ; 0 s                 ; 2.75 V                       ; 4.14e-06 V                   ; 2.91 V              ; -0.121 V            ; 0.326 V                              ; 0.297 V                              ; 2.74e-10 s                  ; 2.8e-10 s                   ; No                         ; No                         ; 2.75 V                      ; 4.14e-06 V                  ; 2.91 V             ; -0.121 V           ; 0.326 V                             ; 0.297 V                             ; 2.74e-10 s                 ; 2.8e-10 s                  ; No                        ; No                        ;
; WriteData[0]  ; 2.5 V        ; 0 s                 ; 0 s                 ; 2.75 V                       ; 4.25e-06 V                   ; 2.9 V               ; -0.107 V            ; 0.378 V                              ; 0.16 V                               ; 2.87e-10 s                  ; 4.28e-10 s                  ; No                         ; No                         ; 2.75 V                      ; 4.25e-06 V                  ; 2.9 V              ; -0.107 V           ; 0.378 V                             ; 0.16 V                              ; 2.87e-10 s                 ; 4.28e-10 s                 ; No                        ; No                        ;
; WriteData[1]  ; 2.5 V        ; 0 s                 ; 0 s                 ; 2.75 V                       ; 4.25e-06 V                   ; 2.9 V               ; -0.107 V            ; 0.378 V                              ; 0.16 V                               ; 2.87e-10 s                  ; 4.28e-10 s                  ; No                         ; No                         ; 2.75 V                      ; 4.25e-06 V                  ; 2.9 V              ; -0.107 V           ; 0.378 V                             ; 0.16 V                              ; 2.87e-10 s                 ; 4.28e-10 s                 ; No                        ; No                        ;
; WriteData[2]  ; 2.5 V        ; 0 s                 ; 0 s                 ; 2.75 V                       ; 4.25e-06 V                   ; 2.9 V               ; -0.107 V            ; 0.378 V                              ; 0.16 V                               ; 2.87e-10 s                  ; 4.28e-10 s                  ; No                         ; No                         ; 2.75 V                      ; 4.25e-06 V                  ; 2.9 V              ; -0.107 V           ; 0.378 V                             ; 0.16 V                              ; 2.87e-10 s                 ; 4.28e-10 s                 ; No                        ; No                        ;
; WriteData[3]  ; 2.5 V        ; 0 s                 ; 0 s                 ; 2.75 V                       ; 4.14e-06 V                   ; 2.91 V              ; -0.119 V            ; 0.326 V                              ; 0.298 V                              ; 2.74e-10 s                  ; 2.8e-10 s                   ; No                         ; No                         ; 2.75 V                      ; 4.14e-06 V                  ; 2.91 V             ; -0.119 V           ; 0.326 V                             ; 0.298 V                             ; 2.74e-10 s                 ; 2.8e-10 s                  ; No                        ; No                        ;
; WriteData[4]  ; 2.5 V        ; 0 s                 ; 0 s                 ; 2.75 V                       ; 4.25e-06 V                   ; 2.9 V               ; -0.107 V            ; 0.378 V                              ; 0.16 V                               ; 2.87e-10 s                  ; 4.28e-10 s                  ; No                         ; No                         ; 2.75 V                      ; 4.25e-06 V                  ; 2.9 V              ; -0.107 V           ; 0.378 V                             ; 0.16 V                              ; 2.87e-10 s                 ; 4.28e-10 s                 ; No                        ; No                        ;
; WriteData[5]  ; 2.5 V        ; 0 s                 ; 0 s                 ; 2.75 V                       ; 4.14e-06 V                   ; 2.91 V              ; -0.119 V            ; 0.326 V                              ; 0.298 V                              ; 2.74e-10 s                  ; 2.8e-10 s                   ; No                         ; No                         ; 2.75 V                      ; 4.14e-06 V                  ; 2.91 V             ; -0.119 V           ; 0.326 V                             ; 0.298 V                             ; 2.74e-10 s                 ; 2.8e-10 s                  ; No                        ; No                        ;
; WriteData[6]  ; 2.5 V        ; 0 s                 ; 0 s                 ; 2.75 V                       ; 4.25e-06 V                   ; 2.9 V               ; -0.107 V            ; 0.378 V                              ; 0.16 V                               ; 2.87e-10 s                  ; 4.28e-10 s                  ; No                         ; No                         ; 2.75 V                      ; 4.25e-06 V                  ; 2.9 V              ; -0.107 V           ; 0.378 V                             ; 0.16 V                              ; 2.87e-10 s                 ; 4.28e-10 s                 ; No                        ; No                        ;
; WriteData[7]  ; 2.5 V        ; 0 s                 ; 0 s                 ; 2.75 V                       ; 3.54e-06 V                   ; 2.81 V              ; -0.0578 V           ; 0.303 V                              ; 0.28 V                               ; 2.93e-10 s                  ; 3.01e-10 s                  ; No                         ; No                         ; 2.75 V                      ; 3.54e-06 V                  ; 2.81 V             ; -0.0578 V          ; 0.303 V                             ; 0.28 V                              ; 2.93e-10 s                 ; 3.01e-10 s                 ; No                        ; No                        ;
; WriteData[8]  ; 2.5 V        ; 0 s                 ; 0 s                 ; 2.75 V                       ; 3.54e-06 V                   ; 2.81 V              ; -0.0578 V           ; 0.303 V                              ; 0.28 V                               ; 2.93e-10 s                  ; 3.01e-10 s                  ; No                         ; No                         ; 2.75 V                      ; 3.54e-06 V                  ; 2.81 V             ; -0.0578 V          ; 0.303 V                             ; 0.28 V                              ; 2.93e-10 s                 ; 3.01e-10 s                 ; No                        ; No                        ;
; WriteData[9]  ; 2.5 V        ; 0 s                 ; 0 s                 ; 2.75 V                       ; 4.14e-06 V                   ; 2.91 V              ; -0.119 V            ; 0.326 V                              ; 0.298 V                              ; 2.74e-10 s                  ; 2.8e-10 s                   ; No                         ; No                         ; 2.75 V                      ; 4.14e-06 V                  ; 2.91 V             ; -0.119 V           ; 0.326 V                             ; 0.298 V                             ; 2.74e-10 s                 ; 2.8e-10 s                  ; No                        ; No                        ;
; WriteData[10] ; 2.5 V        ; 0 s                 ; 0 s                 ; 2.75 V                       ; 4.25e-06 V                   ; 2.9 V               ; -0.107 V            ; 0.378 V                              ; 0.16 V                               ; 2.87e-10 s                  ; 4.28e-10 s                  ; No                         ; No                         ; 2.75 V                      ; 4.25e-06 V                  ; 2.9 V              ; -0.107 V           ; 0.378 V                             ; 0.16 V                              ; 2.87e-10 s                 ; 4.28e-10 s                 ; No                        ; No                        ;
; WriteData[11] ; 2.5 V        ; 0 s                 ; 0 s                 ; 2.75 V                       ; 3.54e-06 V                   ; 2.81 V              ; -0.0578 V           ; 0.303 V                              ; 0.28 V                               ; 2.93e-10 s                  ; 3.01e-10 s                  ; No                         ; No                         ; 2.75 V                      ; 3.54e-06 V                  ; 2.81 V             ; -0.0578 V          ; 0.303 V                             ; 0.28 V                              ; 2.93e-10 s                 ; 3.01e-10 s                 ; No                        ; No                        ;
; WriteData[12] ; 2.5 V        ; 0 s                 ; 0 s                 ; 2.75 V                       ; 4.14e-06 V                   ; 2.91 V              ; -0.121 V            ; 0.326 V                              ; 0.297 V                              ; 2.74e-10 s                  ; 2.8e-10 s                   ; No                         ; No                         ; 2.75 V                      ; 4.14e-06 V                  ; 2.91 V             ; -0.121 V           ; 0.326 V                             ; 0.297 V                             ; 2.74e-10 s                 ; 2.8e-10 s                  ; No                        ; No                        ;
; WriteData[13] ; 2.5 V        ; 0 s                 ; 0 s                 ; 2.75 V                       ; 4.14e-06 V                   ; 2.91 V              ; -0.121 V            ; 0.326 V                              ; 0.297 V                              ; 2.74e-10 s                  ; 2.8e-10 s                   ; No                         ; No                         ; 2.75 V                      ; 4.14e-06 V                  ; 2.91 V             ; -0.121 V           ; 0.326 V                             ; 0.297 V                             ; 2.74e-10 s                 ; 2.8e-10 s                  ; No                        ; No                        ;
; WriteData[14] ; 2.5 V        ; 0 s                 ; 0 s                 ; 2.75 V                       ; 3.54e-06 V                   ; 2.81 V              ; -0.0578 V           ; 0.303 V                              ; 0.28 V                               ; 2.93e-10 s                  ; 3.01e-10 s                  ; No                         ; No                         ; 2.75 V                      ; 3.54e-06 V                  ; 2.81 V             ; -0.0578 V          ; 0.303 V                             ; 0.28 V                              ; 2.93e-10 s                 ; 3.01e-10 s                 ; No                        ; No                        ;
; WriteData[15] ; 2.5 V        ; 0 s                 ; 0 s                 ; 2.75 V                       ; 4.14e-06 V                   ; 2.91 V              ; -0.121 V            ; 0.326 V                              ; 0.297 V                              ; 2.74e-10 s                  ; 2.8e-10 s                   ; No                         ; No                         ; 2.75 V                      ; 4.14e-06 V                  ; 2.91 V             ; -0.121 V           ; 0.326 V                             ; 0.297 V                             ; 2.74e-10 s                 ; 2.8e-10 s                  ; No                        ; No                        ;
; WriteData[16] ; 2.5 V        ; 0 s                 ; 0 s                 ; 2.75 V                       ; 4.14e-06 V                   ; 2.91 V              ; -0.121 V            ; 0.326 V                              ; 0.297 V                              ; 2.74e-10 s                  ; 2.8e-10 s                   ; No                         ; No                         ; 2.75 V                      ; 4.14e-06 V                  ; 2.91 V             ; -0.121 V           ; 0.326 V                             ; 0.297 V                             ; 2.74e-10 s                 ; 2.8e-10 s                  ; No                        ; No                        ;
; WriteData[17] ; 2.5 V        ; 0 s                 ; 0 s                 ; 2.75 V                       ; 3.54e-06 V                   ; 2.81 V              ; -0.0578 V           ; 0.303 V                              ; 0.28 V                               ; 2.93e-10 s                  ; 3.01e-10 s                  ; No                         ; No                         ; 2.75 V                      ; 3.54e-06 V                  ; 2.81 V             ; -0.0578 V          ; 0.303 V                             ; 0.28 V                              ; 2.93e-10 s                 ; 3.01e-10 s                 ; No                        ; No                        ;
; WriteData[18] ; 2.5 V        ; 0 s                 ; 0 s                 ; 2.75 V                       ; 4.14e-06 V                   ; 2.91 V              ; -0.121 V            ; 0.326 V                              ; 0.297 V                              ; 2.74e-10 s                  ; 2.8e-10 s                   ; No                         ; No                         ; 2.75 V                      ; 4.14e-06 V                  ; 2.91 V             ; -0.121 V           ; 0.326 V                             ; 0.297 V                             ; 2.74e-10 s                 ; 2.8e-10 s                  ; No                        ; No                        ;
; WriteData[19] ; 2.5 V        ; 0 s                 ; 0 s                 ; 2.75 V                       ; 4.14e-06 V                   ; 2.91 V              ; -0.121 V            ; 0.326 V                              ; 0.297 V                              ; 2.74e-10 s                  ; 2.8e-10 s                   ; No                         ; No                         ; 2.75 V                      ; 4.14e-06 V                  ; 2.91 V             ; -0.121 V           ; 0.326 V                             ; 0.297 V                             ; 2.74e-10 s                 ; 2.8e-10 s                  ; No                        ; No                        ;
; WriteData[20] ; 2.5 V        ; 0 s                 ; 0 s                 ; 2.75 V                       ; 3.54e-06 V                   ; 2.81 V              ; -0.0578 V           ; 0.303 V                              ; 0.28 V                               ; 2.93e-10 s                  ; 3.01e-10 s                  ; No                         ; No                         ; 2.75 V                      ; 3.54e-06 V                  ; 2.81 V             ; -0.0578 V          ; 0.303 V                             ; 0.28 V                              ; 2.93e-10 s                 ; 3.01e-10 s                 ; No                        ; No                        ;
; WriteData[21] ; 2.5 V        ; 0 s                 ; 0 s                 ; 2.75 V                       ; 4.25e-06 V                   ; 2.9 V               ; -0.107 V            ; 0.378 V                              ; 0.16 V                               ; 2.87e-10 s                  ; 4.28e-10 s                  ; No                         ; No                         ; 2.75 V                      ; 4.25e-06 V                  ; 2.9 V              ; -0.107 V           ; 0.378 V                             ; 0.16 V                              ; 2.87e-10 s                 ; 4.28e-10 s                 ; No                        ; No                        ;
; WriteData[22] ; 2.5 V        ; 0 s                 ; 0 s                 ; 2.75 V                       ; 3.54e-06 V                   ; 2.81 V              ; -0.0578 V           ; 0.303 V                              ; 0.28 V                               ; 2.93e-10 s                  ; 3.01e-10 s                  ; No                         ; No                         ; 2.75 V                      ; 3.54e-06 V                  ; 2.81 V             ; -0.0578 V          ; 0.303 V                             ; 0.28 V                              ; 2.93e-10 s                 ; 3.01e-10 s                 ; No                        ; No                        ;
; WriteData[23] ; 2.5 V        ; 0 s                 ; 0 s                 ; 2.75 V                       ; 4.25e-06 V                   ; 2.9 V               ; -0.107 V            ; 0.378 V                              ; 0.16 V                               ; 2.87e-10 s                  ; 4.28e-10 s                  ; No                         ; No                         ; 2.75 V                      ; 4.25e-06 V                  ; 2.9 V              ; -0.107 V           ; 0.378 V                             ; 0.16 V                              ; 2.87e-10 s                 ; 4.28e-10 s                 ; No                        ; No                        ;
; WriteData[24] ; 2.5 V        ; 0 s                 ; 0 s                 ; 2.75 V                       ; 4.14e-06 V                   ; 2.91 V              ; -0.119 V            ; 0.326 V                              ; 0.298 V                              ; 2.74e-10 s                  ; 2.8e-10 s                   ; No                         ; No                         ; 2.75 V                      ; 4.14e-06 V                  ; 2.91 V             ; -0.119 V           ; 0.326 V                             ; 0.298 V                             ; 2.74e-10 s                 ; 2.8e-10 s                  ; No                        ; No                        ;
; WriteData[25] ; 2.5 V        ; 0 s                 ; 0 s                 ; 2.75 V                       ; 3.54e-06 V                   ; 2.81 V              ; -0.0578 V           ; 0.303 V                              ; 0.28 V                               ; 2.93e-10 s                  ; 3.01e-10 s                  ; No                         ; No                         ; 2.75 V                      ; 3.54e-06 V                  ; 2.81 V             ; -0.0578 V          ; 0.303 V                             ; 0.28 V                              ; 2.93e-10 s                 ; 3.01e-10 s                 ; No                        ; No                        ;
; WriteData[26] ; 2.5 V        ; 0 s                 ; 0 s                 ; 2.75 V                       ; 4.14e-06 V                   ; 2.91 V              ; -0.119 V            ; 0.326 V                              ; 0.298 V                              ; 2.74e-10 s                  ; 2.8e-10 s                   ; No                         ; No                         ; 2.75 V                      ; 4.14e-06 V                  ; 2.91 V             ; -0.119 V           ; 0.326 V                             ; 0.298 V                             ; 2.74e-10 s                 ; 2.8e-10 s                  ; No                        ; No                        ;
; WriteData[27] ; 2.5 V        ; 0 s                 ; 0 s                 ; 2.75 V                       ; 4.14e-06 V                   ; 2.91 V              ; -0.121 V            ; 0.326 V                              ; 0.297 V                              ; 2.74e-10 s                  ; 2.8e-10 s                   ; No                         ; No                         ; 2.75 V                      ; 4.14e-06 V                  ; 2.91 V             ; -0.121 V           ; 0.326 V                             ; 0.297 V                             ; 2.74e-10 s                 ; 2.8e-10 s                  ; No                        ; No                        ;
; WriteData[28] ; 2.5 V        ; 0 s                 ; 0 s                 ; 2.75 V                       ; 3.54e-06 V                   ; 2.81 V              ; -0.0578 V           ; 0.303 V                              ; 0.28 V                               ; 2.93e-10 s                  ; 3.01e-10 s                  ; No                         ; No                         ; 2.75 V                      ; 3.54e-06 V                  ; 2.81 V             ; -0.0578 V          ; 0.303 V                             ; 0.28 V                              ; 2.93e-10 s                 ; 3.01e-10 s                 ; No                        ; No                        ;
; WriteData[29] ; 2.5 V        ; 0 s                 ; 0 s                 ; 2.75 V                       ; 4.14e-06 V                   ; 2.91 V              ; -0.119 V            ; 0.326 V                              ; 0.298 V                              ; 2.74e-10 s                  ; 2.8e-10 s                   ; No                         ; No                         ; 2.75 V                      ; 4.14e-06 V                  ; 2.91 V             ; -0.119 V           ; 0.326 V                             ; 0.298 V                             ; 2.74e-10 s                 ; 2.8e-10 s                  ; No                        ; No                        ;
; WriteData[30] ; 2.5 V        ; 0 s                 ; 0 s                 ; 2.75 V                       ; 4.14e-06 V                   ; 2.91 V              ; -0.121 V            ; 0.326 V                              ; 0.297 V                              ; 2.74e-10 s                  ; 2.8e-10 s                   ; No                         ; No                         ; 2.75 V                      ; 4.14e-06 V                  ; 2.91 V             ; -0.121 V           ; 0.326 V                             ; 0.297 V                             ; 2.74e-10 s                 ; 2.8e-10 s                  ; No                        ; No                        ;
; WriteData[31] ; 2.5 V        ; 0 s                 ; 0 s                 ; 2.75 V                       ; 4.14e-06 V                   ; 2.91 V              ; -0.119 V            ; 0.326 V                              ; 0.298 V                              ; 2.74e-10 s                  ; 2.8e-10 s                   ; No                         ; No                         ; 2.75 V                      ; 4.14e-06 V                  ; 2.91 V             ; -0.119 V           ; 0.326 V                             ; 0.298 V                             ; 2.74e-10 s                 ; 2.8e-10 s                  ; No                        ; No                        ;
; DataAdr[0]    ; 2.5 V        ; 0 s                 ; 0 s                 ; 2.75 V                       ; 4.14e-06 V                   ; 2.91 V              ; -0.121 V            ; 0.326 V                              ; 0.297 V                              ; 2.74e-10 s                  ; 2.8e-10 s                   ; No                         ; No                         ; 2.75 V                      ; 4.14e-06 V                  ; 2.91 V             ; -0.121 V           ; 0.326 V                             ; 0.297 V                             ; 2.74e-10 s                 ; 2.8e-10 s                  ; No                        ; No                        ;
; DataAdr[1]    ; 2.5 V        ; 0 s                 ; 0 s                 ; 2.75 V                       ; 4.14e-06 V                   ; 2.91 V              ; -0.119 V            ; 0.326 V                              ; 0.298 V                              ; 2.74e-10 s                  ; 2.8e-10 s                   ; No                         ; No                         ; 2.75 V                      ; 4.14e-06 V                  ; 2.91 V             ; -0.119 V           ; 0.326 V                             ; 0.298 V                             ; 2.74e-10 s                 ; 2.8e-10 s                  ; No                        ; No                        ;
; DataAdr[2]    ; 2.5 V        ; 0 s                 ; 0 s                 ; 2.75 V                       ; 4.14e-06 V                   ; 2.91 V              ; -0.119 V            ; 0.326 V                              ; 0.298 V                              ; 2.74e-10 s                  ; 2.8e-10 s                   ; No                         ; No                         ; 2.75 V                      ; 4.14e-06 V                  ; 2.91 V             ; -0.119 V           ; 0.326 V                             ; 0.298 V                             ; 2.74e-10 s                 ; 2.8e-10 s                  ; No                        ; No                        ;
; DataAdr[3]    ; 2.5 V        ; 0 s                 ; 0 s                 ; 2.75 V                       ; 4.14e-06 V                   ; 2.91 V              ; -0.119 V            ; 0.326 V                              ; 0.298 V                              ; 2.74e-10 s                  ; 2.8e-10 s                   ; No                         ; No                         ; 2.75 V                      ; 4.14e-06 V                  ; 2.91 V             ; -0.119 V           ; 0.326 V                             ; 0.298 V                             ; 2.74e-10 s                 ; 2.8e-10 s                  ; No                        ; No                        ;
; DataAdr[4]    ; 2.5 V        ; 0 s                 ; 0 s                 ; 2.75 V                       ; 4.14e-06 V                   ; 2.91 V              ; -0.121 V            ; 0.326 V                              ; 0.297 V                              ; 2.74e-10 s                  ; 2.8e-10 s                   ; No                         ; No                         ; 2.75 V                      ; 4.14e-06 V                  ; 2.91 V             ; -0.121 V           ; 0.326 V                             ; 0.297 V                             ; 2.74e-10 s                 ; 2.8e-10 s                  ; No                        ; No                        ;
; DataAdr[5]    ; 2.5 V        ; 0 s                 ; 0 s                 ; 2.75 V                       ; 4.25e-06 V                   ; 2.9 V               ; -0.107 V            ; 0.378 V                              ; 0.16 V                               ; 2.87e-10 s                  ; 4.28e-10 s                  ; No                         ; No                         ; 2.75 V                      ; 4.25e-06 V                  ; 2.9 V              ; -0.107 V           ; 0.378 V                             ; 0.16 V                              ; 2.87e-10 s                 ; 4.28e-10 s                 ; No                        ; No                        ;
; DataAdr[6]    ; 2.5 V        ; 0 s                 ; 0 s                 ; 2.75 V                       ; 4.14e-06 V                   ; 2.91 V              ; -0.121 V            ; 0.326 V                              ; 0.297 V                              ; 2.74e-10 s                  ; 2.8e-10 s                   ; No                         ; No                         ; 2.75 V                      ; 4.14e-06 V                  ; 2.91 V             ; -0.121 V           ; 0.326 V                             ; 0.297 V                             ; 2.74e-10 s                 ; 2.8e-10 s                  ; No                        ; No                        ;
; DataAdr[7]    ; 2.5 V        ; 0 s                 ; 0 s                 ; 2.75 V                       ; 4.25e-06 V                   ; 2.9 V               ; -0.107 V            ; 0.378 V                              ; 0.16 V                               ; 2.87e-10 s                  ; 4.28e-10 s                  ; No                         ; No                         ; 2.75 V                      ; 4.25e-06 V                  ; 2.9 V              ; -0.107 V           ; 0.378 V                             ; 0.16 V                              ; 2.87e-10 s                 ; 4.28e-10 s                 ; No                        ; No                        ;
; DataAdr[8]    ; 2.5 V        ; 0 s                 ; 0 s                 ; 2.75 V                       ; 4.14e-06 V                   ; 2.91 V              ; -0.121 V            ; 0.326 V                              ; 0.297 V                              ; 2.74e-10 s                  ; 2.8e-10 s                   ; No                         ; No                         ; 2.75 V                      ; 4.14e-06 V                  ; 2.91 V             ; -0.121 V           ; 0.326 V                             ; 0.297 V                             ; 2.74e-10 s                 ; 2.8e-10 s                  ; No                        ; No                        ;
; DataAdr[9]    ; 2.5 V        ; 0 s                 ; 0 s                 ; 2.75 V                       ; 3.54e-06 V                   ; 2.81 V              ; -0.0578 V           ; 0.303 V                              ; 0.28 V                               ; 2.93e-10 s                  ; 3.01e-10 s                  ; No                         ; No                         ; 2.75 V                      ; 3.54e-06 V                  ; 2.81 V             ; -0.0578 V          ; 0.303 V                             ; 0.28 V                              ; 2.93e-10 s                 ; 3.01e-10 s                 ; No                        ; No                        ;
; DataAdr[10]   ; 2.5 V        ; 0 s                 ; 0 s                 ; 2.75 V                       ; 4.14e-06 V                   ; 2.91 V              ; -0.121 V            ; 0.326 V                              ; 0.297 V                              ; 2.74e-10 s                  ; 2.8e-10 s                   ; No                         ; No                         ; 2.75 V                      ; 4.14e-06 V                  ; 2.91 V             ; -0.121 V           ; 0.326 V                             ; 0.297 V                             ; 2.74e-10 s                 ; 2.8e-10 s                  ; No                        ; No                        ;
; DataAdr[11]   ; 2.5 V        ; 0 s                 ; 0 s                 ; 2.75 V                       ; 3.54e-06 V                   ; 2.81 V              ; -0.0578 V           ; 0.303 V                              ; 0.28 V                               ; 2.93e-10 s                  ; 3.01e-10 s                  ; No                         ; No                         ; 2.75 V                      ; 3.54e-06 V                  ; 2.81 V             ; -0.0578 V          ; 0.303 V                             ; 0.28 V                              ; 2.93e-10 s                 ; 3.01e-10 s                 ; No                        ; No                        ;
; DataAdr[12]   ; 2.5 V        ; 0 s                 ; 0 s                 ; 2.75 V                       ; 3.54e-06 V                   ; 2.81 V              ; -0.0578 V           ; 0.303 V                              ; 0.28 V                               ; 2.93e-10 s                  ; 3.01e-10 s                  ; No                         ; No                         ; 2.75 V                      ; 3.54e-06 V                  ; 2.81 V             ; -0.0578 V          ; 0.303 V                             ; 0.28 V                              ; 2.93e-10 s                 ; 3.01e-10 s                 ; No                        ; No                        ;
; DataAdr[13]   ; 2.5 V        ; 0 s                 ; 0 s                 ; 2.75 V                       ; 3.54e-06 V                   ; 2.81 V              ; -0.0578 V           ; 0.303 V                              ; 0.28 V                               ; 2.93e-10 s                  ; 3.01e-10 s                  ; No                         ; No                         ; 2.75 V                      ; 3.54e-06 V                  ; 2.81 V             ; -0.0578 V          ; 0.303 V                             ; 0.28 V                              ; 2.93e-10 s                 ; 3.01e-10 s                 ; No                        ; No                        ;
; DataAdr[14]   ; 2.5 V        ; 0 s                 ; 0 s                 ; 2.75 V                       ; 4.25e-06 V                   ; 2.9 V               ; -0.107 V            ; 0.378 V                              ; 0.16 V                               ; 2.87e-10 s                  ; 4.28e-10 s                  ; No                         ; No                         ; 2.75 V                      ; 4.25e-06 V                  ; 2.9 V              ; -0.107 V           ; 0.378 V                             ; 0.16 V                              ; 2.87e-10 s                 ; 4.28e-10 s                 ; No                        ; No                        ;
; DataAdr[15]   ; 2.5 V        ; 0 s                 ; 0 s                 ; 2.75 V                       ; 4.14e-06 V                   ; 2.91 V              ; -0.119 V            ; 0.326 V                              ; 0.298 V                              ; 2.74e-10 s                  ; 2.8e-10 s                   ; No                         ; No                         ; 2.75 V                      ; 4.14e-06 V                  ; 2.91 V             ; -0.119 V           ; 0.326 V                             ; 0.298 V                             ; 2.74e-10 s                 ; 2.8e-10 s                  ; No                        ; No                        ;
; DataAdr[16]   ; 2.5 V        ; 0 s                 ; 0 s                 ; 2.75 V                       ; 3.54e-06 V                   ; 2.81 V              ; -0.0578 V           ; 0.303 V                              ; 0.28 V                               ; 2.93e-10 s                  ; 3.01e-10 s                  ; No                         ; No                         ; 2.75 V                      ; 3.54e-06 V                  ; 2.81 V             ; -0.0578 V          ; 0.303 V                             ; 0.28 V                              ; 2.93e-10 s                 ; 3.01e-10 s                 ; No                        ; No                        ;
; DataAdr[17]   ; 2.5 V        ; 0 s                 ; 0 s                 ; 2.75 V                       ; 4.14e-06 V                   ; 2.91 V              ; -0.119 V            ; 0.326 V                              ; 0.298 V                              ; 2.74e-10 s                  ; 2.8e-10 s                   ; No                         ; No                         ; 2.75 V                      ; 4.14e-06 V                  ; 2.91 V             ; -0.119 V           ; 0.326 V                             ; 0.298 V                             ; 2.74e-10 s                 ; 2.8e-10 s                  ; No                        ; No                        ;
; DataAdr[18]   ; 2.5 V        ; 0 s                 ; 0 s                 ; 2.75 V                       ; 4.14e-06 V                   ; 2.91 V              ; -0.121 V            ; 0.326 V                              ; 0.297 V                              ; 2.74e-10 s                  ; 2.8e-10 s                   ; No                         ; No                         ; 2.75 V                      ; 4.14e-06 V                  ; 2.91 V             ; -0.121 V           ; 0.326 V                             ; 0.297 V                             ; 2.74e-10 s                 ; 2.8e-10 s                  ; No                        ; No                        ;
; DataAdr[19]   ; 2.5 V        ; 0 s                 ; 0 s                 ; 2.75 V                       ; 4.25e-06 V                   ; 2.9 V               ; -0.107 V            ; 0.378 V                              ; 0.16 V                               ; 2.87e-10 s                  ; 4.28e-10 s                  ; No                         ; No                         ; 2.75 V                      ; 4.25e-06 V                  ; 2.9 V              ; -0.107 V           ; 0.378 V                             ; 0.16 V                              ; 2.87e-10 s                 ; 4.28e-10 s                 ; No                        ; No                        ;
; DataAdr[20]   ; 2.5 V        ; 0 s                 ; 0 s                 ; 2.75 V                       ; 4.25e-06 V                   ; 2.9 V               ; -0.107 V            ; 0.378 V                              ; 0.16 V                               ; 2.87e-10 s                  ; 4.28e-10 s                  ; No                         ; No                         ; 2.75 V                      ; 4.25e-06 V                  ; 2.9 V              ; -0.107 V           ; 0.378 V                             ; 0.16 V                              ; 2.87e-10 s                 ; 4.28e-10 s                 ; No                        ; No                        ;
; DataAdr[21]   ; 2.5 V        ; 0 s                 ; 0 s                 ; 2.75 V                       ; 3.54e-06 V                   ; 2.81 V              ; -0.0578 V           ; 0.303 V                              ; 0.28 V                               ; 2.93e-10 s                  ; 3.01e-10 s                  ; No                         ; No                         ; 2.75 V                      ; 3.54e-06 V                  ; 2.81 V             ; -0.0578 V          ; 0.303 V                             ; 0.28 V                              ; 2.93e-10 s                 ; 3.01e-10 s                 ; No                        ; No                        ;
; DataAdr[22]   ; 2.5 V        ; 0 s                 ; 0 s                 ; 2.75 V                       ; 4.14e-06 V                   ; 2.91 V              ; -0.119 V            ; 0.326 V                              ; 0.298 V                              ; 2.74e-10 s                  ; 2.8e-10 s                   ; No                         ; No                         ; 2.75 V                      ; 4.14e-06 V                  ; 2.91 V             ; -0.119 V           ; 0.326 V                             ; 0.298 V                             ; 2.74e-10 s                 ; 2.8e-10 s                  ; No                        ; No                        ;
; DataAdr[23]   ; 2.5 V        ; 0 s                 ; 0 s                 ; 2.75 V                       ; 3.54e-06 V                   ; 2.81 V              ; -0.0578 V           ; 0.303 V                              ; 0.28 V                               ; 2.93e-10 s                  ; 3.01e-10 s                  ; No                         ; No                         ; 2.75 V                      ; 3.54e-06 V                  ; 2.81 V             ; -0.0578 V          ; 0.303 V                             ; 0.28 V                              ; 2.93e-10 s                 ; 3.01e-10 s                 ; No                        ; No                        ;
; DataAdr[24]   ; 2.5 V        ; 0 s                 ; 0 s                 ; 2.75 V                       ; 4.25e-06 V                   ; 2.9 V               ; -0.107 V            ; 0.378 V                              ; 0.16 V                               ; 2.87e-10 s                  ; 4.28e-10 s                  ; No                         ; No                         ; 2.75 V                      ; 4.25e-06 V                  ; 2.9 V              ; -0.107 V           ; 0.378 V                             ; 0.16 V                              ; 2.87e-10 s                 ; 4.28e-10 s                 ; No                        ; No                        ;
; DataAdr[25]   ; 2.5 V        ; 0 s                 ; 0 s                 ; 2.75 V                       ; 4.14e-06 V                   ; 2.91 V              ; -0.119 V            ; 0.326 V                              ; 0.298 V                              ; 2.74e-10 s                  ; 2.8e-10 s                   ; No                         ; No                         ; 2.75 V                      ; 4.14e-06 V                  ; 2.91 V             ; -0.119 V           ; 0.326 V                             ; 0.298 V                             ; 2.74e-10 s                 ; 2.8e-10 s                  ; No                        ; No                        ;
; DataAdr[26]   ; 2.5 V        ; 0 s                 ; 0 s                 ; 2.75 V                       ; 3.54e-06 V                   ; 2.81 V              ; -0.0578 V           ; 0.303 V                              ; 0.28 V                               ; 2.93e-10 s                  ; 3.01e-10 s                  ; No                         ; No                         ; 2.75 V                      ; 3.54e-06 V                  ; 2.81 V             ; -0.0578 V          ; 0.303 V                             ; 0.28 V                              ; 2.93e-10 s                 ; 3.01e-10 s                 ; No                        ; No                        ;
; DataAdr[27]   ; 2.5 V        ; 0 s                 ; 0 s                 ; 2.75 V                       ; 4.14e-06 V                   ; 2.91 V              ; -0.119 V            ; 0.326 V                              ; 0.298 V                              ; 2.74e-10 s                  ; 2.8e-10 s                   ; No                         ; No                         ; 2.75 V                      ; 4.14e-06 V                  ; 2.91 V             ; -0.119 V           ; 0.326 V                             ; 0.298 V                             ; 2.74e-10 s                 ; 2.8e-10 s                  ; No                        ; No                        ;
; DataAdr[28]   ; 2.5 V        ; 0 s                 ; 0 s                 ; 2.75 V                       ; 4.25e-06 V                   ; 2.9 V               ; -0.107 V            ; 0.378 V                              ; 0.16 V                               ; 2.87e-10 s                  ; 4.28e-10 s                  ; No                         ; No                         ; 2.75 V                      ; 4.25e-06 V                  ; 2.9 V              ; -0.107 V           ; 0.378 V                             ; 0.16 V                              ; 2.87e-10 s                 ; 4.28e-10 s                 ; No                        ; No                        ;
; DataAdr[29]   ; 2.5 V        ; 0 s                 ; 0 s                 ; 2.75 V                       ; 3.54e-06 V                   ; 2.81 V              ; -0.0578 V           ; 0.303 V                              ; 0.28 V                               ; 2.93e-10 s                  ; 3.01e-10 s                  ; No                         ; No                         ; 2.75 V                      ; 3.54e-06 V                  ; 2.81 V             ; -0.0578 V          ; 0.303 V                             ; 0.28 V                              ; 2.93e-10 s                 ; 3.01e-10 s                 ; No                        ; No                        ;
; DataAdr[30]   ; 2.5 V        ; 0 s                 ; 0 s                 ; 2.75 V                       ; 3.54e-06 V                   ; 2.81 V              ; -0.0578 V           ; 0.303 V                              ; 0.28 V                               ; 2.93e-10 s                  ; 3.01e-10 s                  ; No                         ; No                         ; 2.75 V                      ; 3.54e-06 V                  ; 2.81 V             ; -0.0578 V          ; 0.303 V                             ; 0.28 V                              ; 2.93e-10 s                 ; 3.01e-10 s                 ; No                        ; No                        ;
; DataAdr[31]   ; 2.5 V        ; 0 s                 ; 0 s                 ; 2.75 V                       ; 3.54e-06 V                   ; 2.81 V              ; -0.0578 V           ; 0.303 V                              ; 0.28 V                               ; 2.93e-10 s                  ; 3.01e-10 s                  ; No                         ; No                         ; 2.75 V                      ; 3.54e-06 V                  ; 2.81 V             ; -0.0578 V          ; 0.303 V                             ; 0.28 V                              ; 2.93e-10 s                 ; 3.01e-10 s                 ; No                        ; No                        ;
; ReadData[0]   ; 2.5 V        ; 0 s                 ; 0 s                 ; 2.75 V                       ; 3.54e-06 V                   ; 2.81 V              ; -0.0578 V           ; 0.303 V                              ; 0.28 V                               ; 2.93e-10 s                  ; 3.01e-10 s                  ; No                         ; No                         ; 2.75 V                      ; 3.54e-06 V                  ; 2.81 V             ; -0.0578 V          ; 0.303 V                             ; 0.28 V                              ; 2.93e-10 s                 ; 3.01e-10 s                 ; No                        ; No                        ;
; ReadData[1]   ; 2.5 V        ; 0 s                 ; 0 s                 ; 2.75 V                       ; 4.25e-06 V                   ; 2.9 V               ; -0.107 V            ; 0.378 V                              ; 0.16 V                               ; 2.87e-10 s                  ; 4.28e-10 s                  ; No                         ; No                         ; 2.75 V                      ; 4.25e-06 V                  ; 2.9 V              ; -0.107 V           ; 0.378 V                             ; 0.16 V                              ; 2.87e-10 s                 ; 4.28e-10 s                 ; No                        ; No                        ;
; ReadData[2]   ; 2.5 V        ; 0 s                 ; 0 s                 ; 2.75 V                       ; 3.54e-06 V                   ; 2.81 V              ; -0.0578 V           ; 0.303 V                              ; 0.28 V                               ; 2.93e-10 s                  ; 3.01e-10 s                  ; No                         ; No                         ; 2.75 V                      ; 3.54e-06 V                  ; 2.81 V             ; -0.0578 V          ; 0.303 V                             ; 0.28 V                              ; 2.93e-10 s                 ; 3.01e-10 s                 ; No                        ; No                        ;
; ReadData[3]   ; 2.5 V        ; 0 s                 ; 0 s                 ; 2.75 V                       ; 3.54e-06 V                   ; 2.81 V              ; -0.0578 V           ; 0.303 V                              ; 0.28 V                               ; 2.93e-10 s                  ; 3.01e-10 s                  ; No                         ; No                         ; 2.75 V                      ; 3.54e-06 V                  ; 2.81 V             ; -0.0578 V          ; 0.303 V                             ; 0.28 V                              ; 2.93e-10 s                 ; 3.01e-10 s                 ; No                        ; No                        ;
; ReadData[4]   ; 2.5 V        ; 0 s                 ; 0 s                 ; 2.75 V                       ; 4.14e-06 V                   ; 2.91 V              ; -0.119 V            ; 0.326 V                              ; 0.298 V                              ; 2.74e-10 s                  ; 2.8e-10 s                   ; No                         ; No                         ; 2.75 V                      ; 4.14e-06 V                  ; 2.91 V             ; -0.119 V           ; 0.326 V                             ; 0.298 V                             ; 2.74e-10 s                 ; 2.8e-10 s                  ; No                        ; No                        ;
; ReadData[5]   ; 2.5 V        ; 0 s                 ; 0 s                 ; 2.75 V                       ; 4.14e-06 V                   ; 2.91 V              ; -0.121 V            ; 0.326 V                              ; 0.297 V                              ; 2.74e-10 s                  ; 2.8e-10 s                   ; No                         ; No                         ; 2.75 V                      ; 4.14e-06 V                  ; 2.91 V             ; -0.121 V           ; 0.326 V                             ; 0.297 V                             ; 2.74e-10 s                 ; 2.8e-10 s                  ; No                        ; No                        ;
; ReadData[6]   ; 2.5 V        ; 0 s                 ; 0 s                 ; 2.75 V                       ; 4.14e-06 V                   ; 2.91 V              ; -0.119 V            ; 0.326 V                              ; 0.298 V                              ; 2.74e-10 s                  ; 2.8e-10 s                   ; No                         ; No                         ; 2.75 V                      ; 4.14e-06 V                  ; 2.91 V             ; -0.119 V           ; 0.326 V                             ; 0.298 V                             ; 2.74e-10 s                 ; 2.8e-10 s                  ; No                        ; No                        ;
; ReadData[7]   ; 2.5 V        ; 0 s                 ; 0 s                 ; 2.75 V                       ; 4.14e-06 V                   ; 2.91 V              ; -0.121 V            ; 0.326 V                              ; 0.297 V                              ; 2.74e-10 s                  ; 2.8e-10 s                   ; No                         ; No                         ; 2.75 V                      ; 4.14e-06 V                  ; 2.91 V             ; -0.121 V           ; 0.326 V                             ; 0.297 V                             ; 2.74e-10 s                 ; 2.8e-10 s                  ; No                        ; No                        ;
; ReadData[8]   ; 2.5 V        ; 0 s                 ; 0 s                 ; 2.75 V                       ; 4.14e-06 V                   ; 2.91 V              ; -0.119 V            ; 0.326 V                              ; 0.298 V                              ; 2.74e-10 s                  ; 2.8e-10 s                   ; No                         ; No                         ; 2.75 V                      ; 4.14e-06 V                  ; 2.91 V             ; -0.119 V           ; 0.326 V                             ; 0.298 V                             ; 2.74e-10 s                 ; 2.8e-10 s                  ; No                        ; No                        ;
; ReadData[9]   ; 2.5 V        ; 0 s                 ; 0 s                 ; 2.75 V                       ; 4.14e-06 V                   ; 2.91 V              ; -0.119 V            ; 0.326 V                              ; 0.298 V                              ; 2.74e-10 s                  ; 2.8e-10 s                   ; No                         ; No                         ; 2.75 V                      ; 4.14e-06 V                  ; 2.91 V             ; -0.119 V           ; 0.326 V                             ; 0.298 V                             ; 2.74e-10 s                 ; 2.8e-10 s                  ; No                        ; No                        ;
; ReadData[10]  ; 2.5 V        ; 0 s                 ; 0 s                 ; 2.75 V                       ; 4.14e-06 V                   ; 2.91 V              ; -0.121 V            ; 0.326 V                              ; 0.297 V                              ; 2.74e-10 s                  ; 2.8e-10 s                   ; No                         ; No                         ; 2.75 V                      ; 4.14e-06 V                  ; 2.91 V             ; -0.121 V           ; 0.326 V                             ; 0.297 V                             ; 2.74e-10 s                 ; 2.8e-10 s                  ; No                        ; No                        ;
; ReadData[11]  ; 2.5 V        ; 0 s                 ; 0 s                 ; 2.75 V                       ; 4.25e-06 V                   ; 2.9 V               ; -0.107 V            ; 0.378 V                              ; 0.16 V                               ; 2.87e-10 s                  ; 4.28e-10 s                  ; No                         ; No                         ; 2.75 V                      ; 4.25e-06 V                  ; 2.9 V              ; -0.107 V           ; 0.378 V                             ; 0.16 V                              ; 2.87e-10 s                 ; 4.28e-10 s                 ; No                        ; No                        ;
; ReadData[12]  ; 2.5 V        ; 0 s                 ; 0 s                 ; 2.75 V                       ; 4.25e-06 V                   ; 2.9 V               ; -0.107 V            ; 0.378 V                              ; 0.16 V                               ; 2.87e-10 s                  ; 4.28e-10 s                  ; No                         ; No                         ; 2.75 V                      ; 4.25e-06 V                  ; 2.9 V              ; -0.107 V           ; 0.378 V                             ; 0.16 V                              ; 2.87e-10 s                 ; 4.28e-10 s                 ; No                        ; No                        ;
; ReadData[13]  ; 2.5 V        ; 0 s                 ; 0 s                 ; 2.75 V                       ; 4.14e-06 V                   ; 2.91 V              ; -0.119 V            ; 0.326 V                              ; 0.298 V                              ; 2.74e-10 s                  ; 2.8e-10 s                   ; No                         ; No                         ; 2.75 V                      ; 4.14e-06 V                  ; 2.91 V             ; -0.119 V           ; 0.326 V                             ; 0.298 V                             ; 2.74e-10 s                 ; 2.8e-10 s                  ; No                        ; No                        ;
; ReadData[14]  ; 2.5 V        ; 0 s                 ; 0 s                 ; 2.75 V                       ; 4.25e-06 V                   ; 2.9 V               ; -0.107 V            ; 0.378 V                              ; 0.16 V                               ; 2.87e-10 s                  ; 4.28e-10 s                  ; No                         ; No                         ; 2.75 V                      ; 4.25e-06 V                  ; 2.9 V              ; -0.107 V           ; 0.378 V                             ; 0.16 V                              ; 2.87e-10 s                 ; 4.28e-10 s                 ; No                        ; No                        ;
; ReadData[15]  ; 2.5 V        ; 0 s                 ; 0 s                 ; 2.75 V                       ; 3.54e-06 V                   ; 2.81 V              ; -0.0578 V           ; 0.303 V                              ; 0.28 V                               ; 2.93e-10 s                  ; 3.01e-10 s                  ; No                         ; No                         ; 2.75 V                      ; 3.54e-06 V                  ; 2.81 V             ; -0.0578 V          ; 0.303 V                             ; 0.28 V                              ; 2.93e-10 s                 ; 3.01e-10 s                 ; No                        ; No                        ;
; ReadData[16]  ; 2.5 V        ; 0 s                 ; 0 s                 ; 2.75 V                       ; 4.14e-06 V                   ; 2.91 V              ; -0.121 V            ; 0.326 V                              ; 0.297 V                              ; 2.74e-10 s                  ; 2.8e-10 s                   ; No                         ; No                         ; 2.75 V                      ; 4.14e-06 V                  ; 2.91 V             ; -0.121 V           ; 0.326 V                             ; 0.297 V                             ; 2.74e-10 s                 ; 2.8e-10 s                  ; No                        ; No                        ;
; ReadData[17]  ; 2.5 V        ; 0 s                 ; 0 s                 ; 2.75 V                       ; 4.14e-06 V                   ; 2.91 V              ; -0.121 V            ; 0.326 V                              ; 0.297 V                              ; 2.74e-10 s                  ; 2.8e-10 s                   ; No                         ; No                         ; 2.75 V                      ; 4.14e-06 V                  ; 2.91 V             ; -0.121 V           ; 0.326 V                             ; 0.297 V                             ; 2.74e-10 s                 ; 2.8e-10 s                  ; No                        ; No                        ;
; ReadData[18]  ; 2.5 V        ; 0 s                 ; 0 s                 ; 2.75 V                       ; 4.14e-06 V                   ; 2.91 V              ; -0.119 V            ; 0.326 V                              ; 0.298 V                              ; 2.74e-10 s                  ; 2.8e-10 s                   ; No                         ; No                         ; 2.75 V                      ; 4.14e-06 V                  ; 2.91 V             ; -0.119 V           ; 0.326 V                             ; 0.298 V                             ; 2.74e-10 s                 ; 2.8e-10 s                  ; No                        ; No                        ;
; ReadData[19]  ; 2.5 V        ; 0 s                 ; 0 s                 ; 2.75 V                       ; 3.54e-06 V                   ; 2.81 V              ; -0.0578 V           ; 0.303 V                              ; 0.28 V                               ; 2.93e-10 s                  ; 3.01e-10 s                  ; No                         ; No                         ; 2.75 V                      ; 3.54e-06 V                  ; 2.81 V             ; -0.0578 V          ; 0.303 V                             ; 0.28 V                              ; 2.93e-10 s                 ; 3.01e-10 s                 ; No                        ; No                        ;
; ReadData[20]  ; 2.5 V        ; 0 s                 ; 0 s                 ; 2.75 V                       ; 3.54e-06 V                   ; 2.81 V              ; -0.0578 V           ; 0.303 V                              ; 0.28 V                               ; 2.93e-10 s                  ; 3.01e-10 s                  ; No                         ; No                         ; 2.75 V                      ; 3.54e-06 V                  ; 2.81 V             ; -0.0578 V          ; 0.303 V                             ; 0.28 V                              ; 2.93e-10 s                 ; 3.01e-10 s                 ; No                        ; No                        ;
; ReadData[21]  ; 2.5 V        ; 0 s                 ; 0 s                 ; 2.75 V                       ; 4.14e-06 V                   ; 2.91 V              ; -0.121 V            ; 0.326 V                              ; 0.297 V                              ; 2.74e-10 s                  ; 2.8e-10 s                   ; No                         ; No                         ; 2.75 V                      ; 4.14e-06 V                  ; 2.91 V             ; -0.121 V           ; 0.326 V                             ; 0.297 V                             ; 2.74e-10 s                 ; 2.8e-10 s                  ; No                        ; No                        ;
; ReadData[22]  ; 2.5 V        ; 0 s                 ; 0 s                 ; 2.75 V                       ; 4.25e-06 V                   ; 2.9 V               ; -0.107 V            ; 0.378 V                              ; 0.16 V                               ; 2.87e-10 s                  ; 4.28e-10 s                  ; No                         ; No                         ; 2.75 V                      ; 4.25e-06 V                  ; 2.9 V              ; -0.107 V           ; 0.378 V                             ; 0.16 V                              ; 2.87e-10 s                 ; 4.28e-10 s                 ; No                        ; No                        ;
; ReadData[23]  ; 2.5 V        ; 0 s                 ; 0 s                 ; 2.75 V                       ; 4.14e-06 V                   ; 2.91 V              ; -0.121 V            ; 0.326 V                              ; 0.297 V                              ; 2.74e-10 s                  ; 2.8e-10 s                   ; No                         ; No                         ; 2.75 V                      ; 4.14e-06 V                  ; 2.91 V             ; -0.121 V           ; 0.326 V                             ; 0.297 V                             ; 2.74e-10 s                 ; 2.8e-10 s                  ; No                        ; No                        ;
; ReadData[24]  ; 2.5 V        ; 0 s                 ; 0 s                 ; 2.75 V                       ; 4.14e-06 V                   ; 2.91 V              ; -0.121 V            ; 0.326 V                              ; 0.297 V                              ; 2.74e-10 s                  ; 2.8e-10 s                   ; No                         ; No                         ; 2.75 V                      ; 4.14e-06 V                  ; 2.91 V             ; -0.121 V           ; 0.326 V                             ; 0.297 V                             ; 2.74e-10 s                 ; 2.8e-10 s                  ; No                        ; No                        ;
; ReadData[25]  ; 2.5 V        ; 0 s                 ; 0 s                 ; 2.75 V                       ; 4.14e-06 V                   ; 2.91 V              ; -0.119 V            ; 0.326 V                              ; 0.298 V                              ; 2.74e-10 s                  ; 2.8e-10 s                   ; No                         ; No                         ; 2.75 V                      ; 4.14e-06 V                  ; 2.91 V             ; -0.119 V           ; 0.326 V                             ; 0.298 V                             ; 2.74e-10 s                 ; 2.8e-10 s                  ; No                        ; No                        ;
; ReadData[26]  ; 2.5 V        ; 0 s                 ; 0 s                 ; 2.75 V                       ; 4.14e-06 V                   ; 2.91 V              ; -0.121 V            ; 0.326 V                              ; 0.297 V                              ; 2.74e-10 s                  ; 2.8e-10 s                   ; No                         ; No                         ; 2.75 V                      ; 4.14e-06 V                  ; 2.91 V             ; -0.121 V           ; 0.326 V                             ; 0.297 V                             ; 2.74e-10 s                 ; 2.8e-10 s                  ; No                        ; No                        ;
; ReadData[27]  ; 2.5 V        ; 0 s                 ; 0 s                 ; 2.75 V                       ; 4.14e-06 V                   ; 2.91 V              ; -0.119 V            ; 0.326 V                              ; 0.298 V                              ; 2.74e-10 s                  ; 2.8e-10 s                   ; No                         ; No                         ; 2.75 V                      ; 4.14e-06 V                  ; 2.91 V             ; -0.119 V           ; 0.326 V                             ; 0.298 V                             ; 2.74e-10 s                 ; 2.8e-10 s                  ; No                        ; No                        ;
; ReadData[28]  ; 2.5 V        ; 0 s                 ; 0 s                 ; 2.75 V                       ; 4.25e-06 V                   ; 2.9 V               ; -0.107 V            ; 0.378 V                              ; 0.16 V                               ; 2.87e-10 s                  ; 4.28e-10 s                  ; No                         ; No                         ; 2.75 V                      ; 4.25e-06 V                  ; 2.9 V              ; -0.107 V           ; 0.378 V                             ; 0.16 V                              ; 2.87e-10 s                 ; 4.28e-10 s                 ; No                        ; No                        ;
; ReadData[29]  ; 2.5 V        ; 0 s                 ; 0 s                 ; 2.75 V                       ; 3.54e-06 V                   ; 2.81 V              ; -0.0578 V           ; 0.303 V                              ; 0.28 V                               ; 2.93e-10 s                  ; 3.01e-10 s                  ; No                         ; No                         ; 2.75 V                      ; 3.54e-06 V                  ; 2.81 V             ; -0.0578 V          ; 0.303 V                             ; 0.28 V                              ; 2.93e-10 s                 ; 3.01e-10 s                 ; No                        ; No                        ;
; ReadData[30]  ; 2.5 V        ; 0 s                 ; 0 s                 ; 2.75 V                       ; 4.14e-06 V                   ; 2.91 V              ; -0.119 V            ; 0.326 V                              ; 0.298 V                              ; 2.74e-10 s                  ; 2.8e-10 s                   ; No                         ; No                         ; 2.75 V                      ; 4.14e-06 V                  ; 2.91 V             ; -0.119 V           ; 0.326 V                             ; 0.298 V                             ; 2.74e-10 s                 ; 2.8e-10 s                  ; No                        ; No                        ;
; ReadData[31]  ; 2.5 V        ; 0 s                 ; 0 s                 ; 2.75 V                       ; 4.14e-06 V                   ; 2.91 V              ; -0.119 V            ; 0.326 V                              ; 0.298 V                              ; 2.74e-10 s                  ; 2.8e-10 s                   ; No                         ; No                         ; 2.75 V                      ; 4.14e-06 V                  ; 2.91 V             ; -0.119 V           ; 0.326 V                             ; 0.298 V                             ; 2.74e-10 s                 ; 2.8e-10 s                  ; No                        ; No                        ;
; PC[0]         ; 2.5 V        ; 0 s                 ; 0 s                 ; 2.75 V                       ; 3.54e-06 V                   ; 2.81 V              ; -0.0578 V           ; 0.303 V                              ; 0.28 V                               ; 2.93e-10 s                  ; 3.01e-10 s                  ; No                         ; No                         ; 2.75 V                      ; 3.54e-06 V                  ; 2.81 V             ; -0.0578 V          ; 0.303 V                             ; 0.28 V                              ; 2.93e-10 s                 ; 3.01e-10 s                 ; No                        ; No                        ;
; PC[1]         ; 2.5 V        ; 0 s                 ; 0 s                 ; 2.75 V                       ; 4.14e-06 V                   ; 2.91 V              ; -0.119 V            ; 0.326 V                              ; 0.298 V                              ; 2.74e-10 s                  ; 2.8e-10 s                   ; No                         ; No                         ; 2.75 V                      ; 4.14e-06 V                  ; 2.91 V             ; -0.119 V           ; 0.326 V                             ; 0.298 V                             ; 2.74e-10 s                 ; 2.8e-10 s                  ; No                        ; No                        ;
; PC[2]         ; 2.5 V        ; 0 s                 ; 0 s                 ; 2.75 V                       ; 4.25e-06 V                   ; 2.9 V               ; -0.107 V            ; 0.378 V                              ; 0.16 V                               ; 2.87e-10 s                  ; 4.28e-10 s                  ; No                         ; No                         ; 2.75 V                      ; 4.25e-06 V                  ; 2.9 V              ; -0.107 V           ; 0.378 V                             ; 0.16 V                              ; 2.87e-10 s                 ; 4.28e-10 s                 ; No                        ; No                        ;
; PC[3]         ; 2.5 V        ; 0 s                 ; 0 s                 ; 2.75 V                       ; 3.54e-06 V                   ; 2.81 V              ; -0.0578 V           ; 0.303 V                              ; 0.28 V                               ; 2.93e-10 s                  ; 3.01e-10 s                  ; No                         ; No                         ; 2.75 V                      ; 3.54e-06 V                  ; 2.81 V             ; -0.0578 V          ; 0.303 V                             ; 0.28 V                              ; 2.93e-10 s                 ; 3.01e-10 s                 ; No                        ; No                        ;
; PC[4]         ; 2.5 V        ; 0 s                 ; 0 s                 ; 2.75 V                       ; 3.54e-06 V                   ; 2.81 V              ; -0.0578 V           ; 0.303 V                              ; 0.28 V                               ; 2.93e-10 s                  ; 3.01e-10 s                  ; No                         ; No                         ; 2.75 V                      ; 3.54e-06 V                  ; 2.81 V             ; -0.0578 V          ; 0.303 V                             ; 0.28 V                              ; 2.93e-10 s                 ; 3.01e-10 s                 ; No                        ; No                        ;
; PC[5]         ; 2.5 V        ; 0 s                 ; 0 s                 ; 2.75 V                       ; 4.14e-06 V                   ; 2.91 V              ; -0.119 V            ; 0.326 V                              ; 0.298 V                              ; 2.74e-10 s                  ; 2.8e-10 s                   ; No                         ; No                         ; 2.75 V                      ; 4.14e-06 V                  ; 2.91 V             ; -0.119 V           ; 0.326 V                             ; 0.298 V                             ; 2.74e-10 s                 ; 2.8e-10 s                  ; No                        ; No                        ;
; PC[6]         ; 2.5 V        ; 0 s                 ; 0 s                 ; 2.75 V                       ; 4.14e-06 V                   ; 2.91 V              ; -0.121 V            ; 0.326 V                              ; 0.297 V                              ; 2.74e-10 s                  ; 2.8e-10 s                   ; No                         ; No                         ; 2.75 V                      ; 4.14e-06 V                  ; 2.91 V             ; -0.121 V           ; 0.326 V                             ; 0.297 V                             ; 2.74e-10 s                 ; 2.8e-10 s                  ; No                        ; No                        ;
; PC[7]         ; 2.5 V        ; 0 s                 ; 0 s                 ; 2.75 V                       ; 4.14e-06 V                   ; 2.91 V              ; -0.121 V            ; 0.326 V                              ; 0.297 V                              ; 2.74e-10 s                  ; 2.8e-10 s                   ; No                         ; No                         ; 2.75 V                      ; 4.14e-06 V                  ; 2.91 V             ; -0.121 V           ; 0.326 V                             ; 0.297 V                             ; 2.74e-10 s                 ; 2.8e-10 s                  ; No                        ; No                        ;
; PC[8]         ; 2.5 V        ; 0 s                 ; 0 s                 ; 2.75 V                       ; 3.54e-06 V                   ; 2.81 V              ; -0.0578 V           ; 0.303 V                              ; 0.28 V                               ; 2.93e-10 s                  ; 3.01e-10 s                  ; No                         ; No                         ; 2.75 V                      ; 3.54e-06 V                  ; 2.81 V             ; -0.0578 V          ; 0.303 V                             ; 0.28 V                              ; 2.93e-10 s                 ; 3.01e-10 s                 ; No                        ; No                        ;
; PC[9]         ; 2.5 V        ; 0 s                 ; 0 s                 ; 2.75 V                       ; 3.54e-06 V                   ; 2.81 V              ; -0.0578 V           ; 0.303 V                              ; 0.28 V                               ; 2.93e-10 s                  ; 3.01e-10 s                  ; No                         ; No                         ; 2.75 V                      ; 3.54e-06 V                  ; 2.81 V             ; -0.0578 V          ; 0.303 V                             ; 0.28 V                              ; 2.93e-10 s                 ; 3.01e-10 s                 ; No                        ; No                        ;
; PC[10]        ; 2.5 V        ; 0 s                 ; 0 s                 ; 2.75 V                       ; 4.25e-06 V                   ; 2.9 V               ; -0.107 V            ; 0.378 V                              ; 0.16 V                               ; 2.87e-10 s                  ; 4.28e-10 s                  ; No                         ; No                         ; 2.75 V                      ; 4.25e-06 V                  ; 2.9 V              ; -0.107 V           ; 0.378 V                             ; 0.16 V                              ; 2.87e-10 s                 ; 4.28e-10 s                 ; No                        ; No                        ;
; PC[11]        ; 2.5 V        ; 0 s                 ; 0 s                 ; 2.75 V                       ; 4.14e-06 V                   ; 2.91 V              ; -0.121 V            ; 0.326 V                              ; 0.297 V                              ; 2.74e-10 s                  ; 2.8e-10 s                   ; No                         ; No                         ; 2.75 V                      ; 4.14e-06 V                  ; 2.91 V             ; -0.121 V           ; 0.326 V                             ; 0.297 V                             ; 2.74e-10 s                 ; 2.8e-10 s                  ; No                        ; No                        ;
; PC[12]        ; 2.5 V        ; 0 s                 ; 0 s                 ; 2.75 V                       ; 4.25e-06 V                   ; 2.9 V               ; -0.107 V            ; 0.378 V                              ; 0.16 V                               ; 2.87e-10 s                  ; 4.28e-10 s                  ; No                         ; No                         ; 2.75 V                      ; 4.25e-06 V                  ; 2.9 V              ; -0.107 V           ; 0.378 V                             ; 0.16 V                              ; 2.87e-10 s                 ; 4.28e-10 s                 ; No                        ; No                        ;
; PC[13]        ; 2.5 V        ; 0 s                 ; 0 s                 ; 2.75 V                       ; 4.25e-06 V                   ; 2.9 V               ; -0.107 V            ; 0.378 V                              ; 0.16 V                               ; 2.87e-10 s                  ; 4.28e-10 s                  ; No                         ; No                         ; 2.75 V                      ; 4.25e-06 V                  ; 2.9 V              ; -0.107 V           ; 0.378 V                             ; 0.16 V                              ; 2.87e-10 s                 ; 4.28e-10 s                 ; No                        ; No                        ;
; PC[14]        ; 2.5 V        ; 0 s                 ; 0 s                 ; 2.75 V                       ; 4.14e-06 V                   ; 2.91 V              ; -0.119 V            ; 0.326 V                              ; 0.298 V                              ; 2.74e-10 s                  ; 2.8e-10 s                   ; No                         ; No                         ; 2.75 V                      ; 4.14e-06 V                  ; 2.91 V             ; -0.119 V           ; 0.326 V                             ; 0.298 V                             ; 2.74e-10 s                 ; 2.8e-10 s                  ; No                        ; No                        ;
; PC[15]        ; 2.5 V        ; 0 s                 ; 0 s                 ; 2.75 V                       ; 4.14e-06 V                   ; 2.91 V              ; -0.119 V            ; 0.326 V                              ; 0.298 V                              ; 2.74e-10 s                  ; 2.8e-10 s                   ; No                         ; No                         ; 2.75 V                      ; 4.14e-06 V                  ; 2.91 V             ; -0.119 V           ; 0.326 V                             ; 0.298 V                             ; 2.74e-10 s                 ; 2.8e-10 s                  ; No                        ; No                        ;
; PC[16]        ; 2.5 V        ; 0 s                 ; 0 s                 ; 2.75 V                       ; 4.14e-06 V                   ; 2.91 V              ; -0.119 V            ; 0.326 V                              ; 0.298 V                              ; 2.74e-10 s                  ; 2.8e-10 s                   ; No                         ; No                         ; 2.75 V                      ; 4.14e-06 V                  ; 2.91 V             ; -0.119 V           ; 0.326 V                             ; 0.298 V                             ; 2.74e-10 s                 ; 2.8e-10 s                  ; No                        ; No                        ;
; PC[17]        ; 2.5 V        ; 0 s                 ; 0 s                 ; 2.75 V                       ; 4.25e-06 V                   ; 2.9 V               ; -0.107 V            ; 0.378 V                              ; 0.16 V                               ; 2.87e-10 s                  ; 4.28e-10 s                  ; No                         ; No                         ; 2.75 V                      ; 4.25e-06 V                  ; 2.9 V              ; -0.107 V           ; 0.378 V                             ; 0.16 V                              ; 2.87e-10 s                 ; 4.28e-10 s                 ; No                        ; No                        ;
; PC[18]        ; 2.5 V        ; 0 s                 ; 0 s                 ; 2.75 V                       ; 4.14e-06 V                   ; 2.91 V              ; -0.121 V            ; 0.326 V                              ; 0.297 V                              ; 2.74e-10 s                  ; 2.8e-10 s                   ; No                         ; No                         ; 2.75 V                      ; 4.14e-06 V                  ; 2.91 V             ; -0.121 V           ; 0.326 V                             ; 0.297 V                             ; 2.74e-10 s                 ; 2.8e-10 s                  ; No                        ; No                        ;
; PC[19]        ; 2.5 V        ; 0 s                 ; 0 s                 ; 2.75 V                       ; 4.25e-06 V                   ; 2.9 V               ; -0.107 V            ; 0.378 V                              ; 0.16 V                               ; 2.87e-10 s                  ; 4.28e-10 s                  ; No                         ; No                         ; 2.75 V                      ; 4.25e-06 V                  ; 2.9 V              ; -0.107 V           ; 0.378 V                             ; 0.16 V                              ; 2.87e-10 s                 ; 4.28e-10 s                 ; No                        ; No                        ;
; PC[20]        ; 2.5 V        ; 0 s                 ; 0 s                 ; 2.75 V                       ; 3.54e-06 V                   ; 2.81 V              ; -0.0578 V           ; 0.303 V                              ; 0.28 V                               ; 2.93e-10 s                  ; 3.01e-10 s                  ; No                         ; No                         ; 2.75 V                      ; 3.54e-06 V                  ; 2.81 V             ; -0.0578 V          ; 0.303 V                             ; 0.28 V                              ; 2.93e-10 s                 ; 3.01e-10 s                 ; No                        ; No                        ;
; PC[21]        ; 2.5 V        ; 0 s                 ; 0 s                 ; 2.75 V                       ; 4.14e-06 V                   ; 2.91 V              ; -0.119 V            ; 0.326 V                              ; 0.298 V                              ; 2.74e-10 s                  ; 2.8e-10 s                   ; No                         ; No                         ; 2.75 V                      ; 4.14e-06 V                  ; 2.91 V             ; -0.119 V           ; 0.326 V                             ; 0.298 V                             ; 2.74e-10 s                 ; 2.8e-10 s                  ; No                        ; No                        ;
; PC[22]        ; 2.5 V        ; 0 s                 ; 0 s                 ; 2.75 V                       ; 3.54e-06 V                   ; 2.81 V              ; -0.0578 V           ; 0.303 V                              ; 0.28 V                               ; 2.93e-10 s                  ; 3.01e-10 s                  ; No                         ; No                         ; 2.75 V                      ; 3.54e-06 V                  ; 2.81 V             ; -0.0578 V          ; 0.303 V                             ; 0.28 V                              ; 2.93e-10 s                 ; 3.01e-10 s                 ; No                        ; No                        ;
; PC[23]        ; 2.5 V        ; 0 s                 ; 0 s                 ; 2.75 V                       ; 4.14e-06 V                   ; 2.91 V              ; -0.121 V            ; 0.326 V                              ; 0.297 V                              ; 2.74e-10 s                  ; 2.8e-10 s                   ; No                         ; No                         ; 2.75 V                      ; 4.14e-06 V                  ; 2.91 V             ; -0.121 V           ; 0.326 V                             ; 0.297 V                             ; 2.74e-10 s                 ; 2.8e-10 s                  ; No                        ; No                        ;
; PC[24]        ; 2.5 V        ; 0 s                 ; 0 s                 ; 2.75 V                       ; 4.25e-06 V                   ; 2.9 V               ; -0.107 V            ; 0.378 V                              ; 0.16 V                               ; 2.87e-10 s                  ; 4.28e-10 s                  ; No                         ; No                         ; 2.75 V                      ; 4.25e-06 V                  ; 2.9 V              ; -0.107 V           ; 0.378 V                             ; 0.16 V                              ; 2.87e-10 s                 ; 4.28e-10 s                 ; No                        ; No                        ;
; PC[25]        ; 2.5 V        ; 0 s                 ; 0 s                 ; 2.75 V                       ; 4.14e-06 V                   ; 2.91 V              ; -0.121 V            ; 0.326 V                              ; 0.297 V                              ; 2.74e-10 s                  ; 2.8e-10 s                   ; No                         ; No                         ; 2.75 V                      ; 4.14e-06 V                  ; 2.91 V             ; -0.121 V           ; 0.326 V                             ; 0.297 V                             ; 2.74e-10 s                 ; 2.8e-10 s                  ; No                        ; No                        ;
; PC[26]        ; 2.5 V        ; 0 s                 ; 0 s                 ; 2.75 V                       ; 4.14e-06 V                   ; 2.91 V              ; -0.119 V            ; 0.326 V                              ; 0.298 V                              ; 2.74e-10 s                  ; 2.8e-10 s                   ; No                         ; No                         ; 2.75 V                      ; 4.14e-06 V                  ; 2.91 V             ; -0.119 V           ; 0.326 V                             ; 0.298 V                             ; 2.74e-10 s                 ; 2.8e-10 s                  ; No                        ; No                        ;
; PC[27]        ; 2.5 V        ; 0 s                 ; 0 s                 ; 2.75 V                       ; 4.14e-06 V                   ; 2.91 V              ; -0.119 V            ; 0.326 V                              ; 0.298 V                              ; 2.74e-10 s                  ; 2.8e-10 s                   ; No                         ; No                         ; 2.75 V                      ; 4.14e-06 V                  ; 2.91 V             ; -0.119 V           ; 0.326 V                             ; 0.298 V                             ; 2.74e-10 s                 ; 2.8e-10 s                  ; No                        ; No                        ;
; PC[28]        ; 2.5 V        ; 0 s                 ; 0 s                 ; 2.75 V                       ; 4.14e-06 V                   ; 2.91 V              ; -0.121 V            ; 0.326 V                              ; 0.297 V                              ; 2.74e-10 s                  ; 2.8e-10 s                   ; No                         ; No                         ; 2.75 V                      ; 4.14e-06 V                  ; 2.91 V             ; -0.121 V           ; 0.326 V                             ; 0.297 V                             ; 2.74e-10 s                 ; 2.8e-10 s                  ; No                        ; No                        ;
; PC[29]        ; 2.5 V        ; 0 s                 ; 0 s                 ; 2.75 V                       ; 4.25e-06 V                   ; 2.9 V               ; -0.107 V            ; 0.378 V                              ; 0.16 V                               ; 2.87e-10 s                  ; 4.28e-10 s                  ; No                         ; No                         ; 2.75 V                      ; 4.25e-06 V                  ; 2.9 V              ; -0.107 V           ; 0.378 V                             ; 0.16 V                              ; 2.87e-10 s                 ; 4.28e-10 s                 ; No                        ; No                        ;
; PC[30]        ; 2.5 V        ; 0 s                 ; 0 s                 ; 2.75 V                       ; 4.14e-06 V                   ; 2.91 V              ; -0.119 V            ; 0.326 V                              ; 0.298 V                              ; 2.74e-10 s                  ; 2.8e-10 s                   ; No                         ; No                         ; 2.75 V                      ; 4.14e-06 V                  ; 2.91 V             ; -0.119 V           ; 0.326 V                             ; 0.298 V                             ; 2.74e-10 s                 ; 2.8e-10 s                  ; No                        ; No                        ;
; PC[31]        ; 2.5 V        ; 0 s                 ; 0 s                 ; 2.75 V                       ; 4.25e-06 V                   ; 2.9 V               ; -0.107 V            ; 0.378 V                              ; 0.16 V                               ; 2.87e-10 s                  ; 4.28e-10 s                  ; No                         ; No                         ; 2.75 V                      ; 4.25e-06 V                  ; 2.9 V              ; -0.107 V           ; 0.378 V                             ; 0.16 V                              ; 2.87e-10 s                 ; 4.28e-10 s                 ; No                        ; No                        ;
; Result[0]     ; 2.5 V        ; 0 s                 ; 0 s                 ; 2.75 V                       ; 4.25e-06 V                   ; 2.9 V               ; -0.107 V            ; 0.378 V                              ; 0.16 V                               ; 2.87e-10 s                  ; 4.28e-10 s                  ; No                         ; No                         ; 2.75 V                      ; 4.25e-06 V                  ; 2.9 V              ; -0.107 V           ; 0.378 V                             ; 0.16 V                              ; 2.87e-10 s                 ; 4.28e-10 s                 ; No                        ; No                        ;
; Result[1]     ; 2.5 V        ; 0 s                 ; 0 s                 ; 2.75 V                       ; 4.14e-06 V                   ; 2.91 V              ; -0.119 V            ; 0.326 V                              ; 0.298 V                              ; 2.74e-10 s                  ; 2.8e-10 s                   ; No                         ; No                         ; 2.75 V                      ; 4.14e-06 V                  ; 2.91 V             ; -0.119 V           ; 0.326 V                             ; 0.298 V                             ; 2.74e-10 s                 ; 2.8e-10 s                  ; No                        ; No                        ;
; Result[2]     ; 2.5 V        ; 0 s                 ; 0 s                 ; 2.75 V                       ; 4.14e-06 V                   ; 2.91 V              ; -0.119 V            ; 0.326 V                              ; 0.298 V                              ; 2.74e-10 s                  ; 2.8e-10 s                   ; No                         ; No                         ; 2.75 V                      ; 4.14e-06 V                  ; 2.91 V             ; -0.119 V           ; 0.326 V                             ; 0.298 V                             ; 2.74e-10 s                 ; 2.8e-10 s                  ; No                        ; No                        ;
; Result[3]     ; 2.5 V        ; 0 s                 ; 0 s                 ; 2.75 V                       ; 4.14e-06 V                   ; 2.91 V              ; -0.119 V            ; 0.326 V                              ; 0.298 V                              ; 2.74e-10 s                  ; 2.8e-10 s                   ; No                         ; No                         ; 2.75 V                      ; 4.14e-06 V                  ; 2.91 V             ; -0.119 V           ; 0.326 V                             ; 0.298 V                             ; 2.74e-10 s                 ; 2.8e-10 s                  ; No                        ; No                        ;
; Result[4]     ; 2.5 V        ; 0 s                 ; 0 s                 ; 2.75 V                       ; 3.54e-06 V                   ; 2.81 V              ; -0.0578 V           ; 0.303 V                              ; 0.28 V                               ; 2.93e-10 s                  ; 3.01e-10 s                  ; No                         ; No                         ; 2.75 V                      ; 3.54e-06 V                  ; 2.81 V             ; -0.0578 V          ; 0.303 V                             ; 0.28 V                              ; 2.93e-10 s                 ; 3.01e-10 s                 ; No                        ; No                        ;
; Result[5]     ; 2.5 V        ; 0 s                 ; 0 s                 ; 2.75 V                       ; 3.54e-06 V                   ; 2.81 V              ; -0.0578 V           ; 0.303 V                              ; 0.28 V                               ; 2.93e-10 s                  ; 3.01e-10 s                  ; No                         ; No                         ; 2.75 V                      ; 3.54e-06 V                  ; 2.81 V             ; -0.0578 V          ; 0.303 V                             ; 0.28 V                              ; 2.93e-10 s                 ; 3.01e-10 s                 ; No                        ; No                        ;
; Result[6]     ; 2.5 V        ; 0 s                 ; 0 s                 ; 2.75 V                       ; 4.25e-06 V                   ; 2.9 V               ; -0.107 V            ; 0.378 V                              ; 0.16 V                               ; 2.87e-10 s                  ; 4.28e-10 s                  ; No                         ; No                         ; 2.75 V                      ; 4.25e-06 V                  ; 2.9 V              ; -0.107 V           ; 0.378 V                             ; 0.16 V                              ; 2.87e-10 s                 ; 4.28e-10 s                 ; No                        ; No                        ;
; Result[7]     ; 2.5 V        ; 0 s                 ; 0 s                 ; 2.75 V                       ; 4.14e-06 V                   ; 2.91 V              ; -0.119 V            ; 0.326 V                              ; 0.298 V                              ; 2.74e-10 s                  ; 2.8e-10 s                   ; No                         ; No                         ; 2.75 V                      ; 4.14e-06 V                  ; 2.91 V             ; -0.119 V           ; 0.326 V                             ; 0.298 V                             ; 2.74e-10 s                 ; 2.8e-10 s                  ; No                        ; No                        ;
; Result[8]     ; 2.5 V        ; 0 s                 ; 0 s                 ; 2.75 V                       ; 4.14e-06 V                   ; 2.91 V              ; -0.121 V            ; 0.326 V                              ; 0.297 V                              ; 2.74e-10 s                  ; 2.8e-10 s                   ; No                         ; No                         ; 2.75 V                      ; 4.14e-06 V                  ; 2.91 V             ; -0.121 V           ; 0.326 V                             ; 0.297 V                             ; 2.74e-10 s                 ; 2.8e-10 s                  ; No                        ; No                        ;
; Result[9]     ; 2.5 V        ; 0 s                 ; 0 s                 ; 2.75 V                       ; 3.54e-06 V                   ; 2.81 V              ; -0.0578 V           ; 0.303 V                              ; 0.28 V                               ; 2.93e-10 s                  ; 3.01e-10 s                  ; No                         ; No                         ; 2.75 V                      ; 3.54e-06 V                  ; 2.81 V             ; -0.0578 V          ; 0.303 V                             ; 0.28 V                              ; 2.93e-10 s                 ; 3.01e-10 s                 ; No                        ; No                        ;
; Result[10]    ; 2.5 V        ; 0 s                 ; 0 s                 ; 2.75 V                       ; 4.14e-06 V                   ; 2.91 V              ; -0.121 V            ; 0.326 V                              ; 0.297 V                              ; 2.74e-10 s                  ; 2.8e-10 s                   ; No                         ; No                         ; 2.75 V                      ; 4.14e-06 V                  ; 2.91 V             ; -0.121 V           ; 0.326 V                             ; 0.297 V                             ; 2.74e-10 s                 ; 2.8e-10 s                  ; No                        ; No                        ;
; Result[11]    ; 2.5 V        ; 0 s                 ; 0 s                 ; 2.75 V                       ; 4.14e-06 V                   ; 2.91 V              ; -0.119 V            ; 0.326 V                              ; 0.298 V                              ; 2.74e-10 s                  ; 2.8e-10 s                   ; No                         ; No                         ; 2.75 V                      ; 4.14e-06 V                  ; 2.91 V             ; -0.119 V           ; 0.326 V                             ; 0.298 V                             ; 2.74e-10 s                 ; 2.8e-10 s                  ; No                        ; No                        ;
; Result[12]    ; 2.5 V        ; 0 s                 ; 0 s                 ; 2.75 V                       ; 4.25e-06 V                   ; 2.9 V               ; -0.107 V            ; 0.378 V                              ; 0.16 V                               ; 2.87e-10 s                  ; 4.28e-10 s                  ; No                         ; No                         ; 2.75 V                      ; 4.25e-06 V                  ; 2.9 V              ; -0.107 V           ; 0.378 V                             ; 0.16 V                              ; 2.87e-10 s                 ; 4.28e-10 s                 ; No                        ; No                        ;
; Result[13]    ; 2.5 V        ; 0 s                 ; 0 s                 ; 2.75 V                       ; 3.54e-06 V                   ; 2.81 V              ; -0.0578 V           ; 0.303 V                              ; 0.28 V                               ; 2.93e-10 s                  ; 3.01e-10 s                  ; No                         ; No                         ; 2.75 V                      ; 3.54e-06 V                  ; 2.81 V             ; -0.0578 V          ; 0.303 V                             ; 0.28 V                              ; 2.93e-10 s                 ; 3.01e-10 s                 ; No                        ; No                        ;
; Result[14]    ; 2.5 V        ; 0 s                 ; 0 s                 ; 2.75 V                       ; 4.25e-06 V                   ; 2.9 V               ; -0.107 V            ; 0.378 V                              ; 0.16 V                               ; 2.87e-10 s                  ; 4.28e-10 s                  ; No                         ; No                         ; 2.75 V                      ; 4.25e-06 V                  ; 2.9 V              ; -0.107 V           ; 0.378 V                             ; 0.16 V                              ; 2.87e-10 s                 ; 4.28e-10 s                 ; No                        ; No                        ;
; Result[15]    ; 2.5 V        ; 0 s                 ; 0 s                 ; 2.75 V                       ; 4.25e-06 V                   ; 2.9 V               ; -0.107 V            ; 0.378 V                              ; 0.16 V                               ; 2.87e-10 s                  ; 4.28e-10 s                  ; No                         ; No                         ; 2.75 V                      ; 4.25e-06 V                  ; 2.9 V              ; -0.107 V           ; 0.378 V                             ; 0.16 V                              ; 2.87e-10 s                 ; 4.28e-10 s                 ; No                        ; No                        ;
; Result[16]    ; 2.5 V        ; 0 s                 ; 0 s                 ; 2.75 V                       ; 4.25e-06 V                   ; 2.9 V               ; -0.107 V            ; 0.378 V                              ; 0.16 V                               ; 2.87e-10 s                  ; 4.28e-10 s                  ; No                         ; No                         ; 2.75 V                      ; 4.25e-06 V                  ; 2.9 V              ; -0.107 V           ; 0.378 V                             ; 0.16 V                              ; 2.87e-10 s                 ; 4.28e-10 s                 ; No                        ; No                        ;
; Result[17]    ; 2.5 V        ; 0 s                 ; 0 s                 ; 2.75 V                       ; 4.14e-06 V                   ; 2.91 V              ; -0.119 V            ; 0.326 V                              ; 0.298 V                              ; 2.74e-10 s                  ; 2.8e-10 s                   ; No                         ; No                         ; 2.75 V                      ; 4.14e-06 V                  ; 2.91 V             ; -0.119 V           ; 0.326 V                             ; 0.298 V                             ; 2.74e-10 s                 ; 2.8e-10 s                  ; No                        ; No                        ;
; Result[18]    ; 2.5 V        ; 0 s                 ; 0 s                 ; 2.75 V                       ; 4.14e-06 V                   ; 2.91 V              ; -0.121 V            ; 0.326 V                              ; 0.297 V                              ; 2.74e-10 s                  ; 2.8e-10 s                   ; No                         ; No                         ; 2.75 V                      ; 4.14e-06 V                  ; 2.91 V             ; -0.121 V           ; 0.326 V                             ; 0.297 V                             ; 2.74e-10 s                 ; 2.8e-10 s                  ; No                        ; No                        ;
; Result[19]    ; 2.5 V        ; 0 s                 ; 0 s                 ; 2.75 V                       ; 3.54e-06 V                   ; 2.81 V              ; -0.0578 V           ; 0.303 V                              ; 0.28 V                               ; 2.93e-10 s                  ; 3.01e-10 s                  ; No                         ; No                         ; 2.75 V                      ; 3.54e-06 V                  ; 2.81 V             ; -0.0578 V          ; 0.303 V                             ; 0.28 V                              ; 2.93e-10 s                 ; 3.01e-10 s                 ; No                        ; No                        ;
; Result[20]    ; 2.5 V        ; 0 s                 ; 0 s                 ; 2.75 V                       ; 4.14e-06 V                   ; 2.91 V              ; -0.121 V            ; 0.326 V                              ; 0.297 V                              ; 2.74e-10 s                  ; 2.8e-10 s                   ; No                         ; No                         ; 2.75 V                      ; 4.14e-06 V                  ; 2.91 V             ; -0.121 V           ; 0.326 V                             ; 0.297 V                             ; 2.74e-10 s                 ; 2.8e-10 s                  ; No                        ; No                        ;
; Result[21]    ; 2.5 V        ; 0 s                 ; 0 s                 ; 2.75 V                       ; 4.14e-06 V                   ; 2.91 V              ; -0.119 V            ; 0.326 V                              ; 0.298 V                              ; 2.74e-10 s                  ; 2.8e-10 s                   ; No                         ; No                         ; 2.75 V                      ; 4.14e-06 V                  ; 2.91 V             ; -0.119 V           ; 0.326 V                             ; 0.298 V                             ; 2.74e-10 s                 ; 2.8e-10 s                  ; No                        ; No                        ;
; Result[22]    ; 2.5 V        ; 0 s                 ; 0 s                 ; 2.75 V                       ; 4.14e-06 V                   ; 2.91 V              ; -0.121 V            ; 0.326 V                              ; 0.297 V                              ; 2.74e-10 s                  ; 2.8e-10 s                   ; No                         ; No                         ; 2.75 V                      ; 4.14e-06 V                  ; 2.91 V             ; -0.121 V           ; 0.326 V                             ; 0.297 V                             ; 2.74e-10 s                 ; 2.8e-10 s                  ; No                        ; No                        ;
; Result[23]    ; 2.5 V        ; 0 s                 ; 0 s                 ; 2.75 V                       ; 4.14e-06 V                   ; 2.91 V              ; -0.121 V            ; 0.326 V                              ; 0.297 V                              ; 2.74e-10 s                  ; 2.8e-10 s                   ; No                         ; No                         ; 2.75 V                      ; 4.14e-06 V                  ; 2.91 V             ; -0.121 V           ; 0.326 V                             ; 0.297 V                             ; 2.74e-10 s                 ; 2.8e-10 s                  ; No                        ; No                        ;
; Result[24]    ; 2.5 V        ; 0 s                 ; 0 s                 ; 2.75 V                       ; 3.54e-06 V                   ; 2.81 V              ; -0.0578 V           ; 0.303 V                              ; 0.28 V                               ; 2.93e-10 s                  ; 3.01e-10 s                  ; No                         ; No                         ; 2.75 V                      ; 3.54e-06 V                  ; 2.81 V             ; -0.0578 V          ; 0.303 V                             ; 0.28 V                              ; 2.93e-10 s                 ; 3.01e-10 s                 ; No                        ; No                        ;
; Result[25]    ; 2.5 V        ; 0 s                 ; 0 s                 ; 2.75 V                       ; 4.14e-06 V                   ; 2.91 V              ; -0.119 V            ; 0.326 V                              ; 0.298 V                              ; 2.74e-10 s                  ; 2.8e-10 s                   ; No                         ; No                         ; 2.75 V                      ; 4.14e-06 V                  ; 2.91 V             ; -0.119 V           ; 0.326 V                             ; 0.298 V                             ; 2.74e-10 s                 ; 2.8e-10 s                  ; No                        ; No                        ;
; Result[26]    ; 2.5 V        ; 0 s                 ; 0 s                 ; 2.75 V                       ; 4.25e-06 V                   ; 2.9 V               ; -0.107 V            ; 0.378 V                              ; 0.16 V                               ; 2.87e-10 s                  ; 4.28e-10 s                  ; No                         ; No                         ; 2.75 V                      ; 4.25e-06 V                  ; 2.9 V              ; -0.107 V           ; 0.378 V                             ; 0.16 V                              ; 2.87e-10 s                 ; 4.28e-10 s                 ; No                        ; No                        ;
; Result[27]    ; 2.5 V        ; 0 s                 ; 0 s                 ; 2.75 V                       ; 4.14e-06 V                   ; 2.91 V              ; -0.119 V            ; 0.326 V                              ; 0.298 V                              ; 2.74e-10 s                  ; 2.8e-10 s                   ; No                         ; No                         ; 2.75 V                      ; 4.14e-06 V                  ; 2.91 V             ; -0.119 V           ; 0.326 V                             ; 0.298 V                             ; 2.74e-10 s                 ; 2.8e-10 s                  ; No                        ; No                        ;
; Result[28]    ; 2.5 V        ; 0 s                 ; 0 s                 ; 2.75 V                       ; 3.54e-06 V                   ; 2.81 V              ; -0.0578 V           ; 0.303 V                              ; 0.28 V                               ; 2.93e-10 s                  ; 3.01e-10 s                  ; No                         ; No                         ; 2.75 V                      ; 3.54e-06 V                  ; 2.81 V             ; -0.0578 V          ; 0.303 V                             ; 0.28 V                              ; 2.93e-10 s                 ; 3.01e-10 s                 ; No                        ; No                        ;
; Result[29]    ; 2.5 V        ; 0 s                 ; 0 s                 ; 2.75 V                       ; 4.14e-06 V                   ; 2.91 V              ; -0.121 V            ; 0.326 V                              ; 0.297 V                              ; 2.74e-10 s                  ; 2.8e-10 s                   ; No                         ; No                         ; 2.75 V                      ; 4.14e-06 V                  ; 2.91 V             ; -0.121 V           ; 0.326 V                             ; 0.297 V                             ; 2.74e-10 s                 ; 2.8e-10 s                  ; No                        ; No                        ;
; Result[30]    ; 2.5 V        ; 0 s                 ; 0 s                 ; 2.75 V                       ; 4.14e-06 V                   ; 2.91 V              ; -0.121 V            ; 0.326 V                              ; 0.297 V                              ; 2.74e-10 s                  ; 2.8e-10 s                   ; No                         ; No                         ; 2.75 V                      ; 4.14e-06 V                  ; 2.91 V             ; -0.121 V           ; 0.326 V                             ; 0.297 V                             ; 2.74e-10 s                 ; 2.8e-10 s                  ; No                        ; No                        ;
; Result[31]    ; 2.5 V        ; 0 s                 ; 0 s                 ; 2.75 V                       ; 4.14e-06 V                   ; 2.91 V              ; -0.121 V            ; 0.326 V                              ; 0.297 V                              ; 2.74e-10 s                  ; 2.8e-10 s                   ; No                         ; No                         ; 2.75 V                      ; 4.14e-06 V                  ; 2.91 V             ; -0.121 V           ; 0.326 V                             ; 0.297 V                             ; 2.74e-10 s                 ; 2.8e-10 s                  ; No                        ; No                        ;
+---------------+--------------+---------------------+---------------------+------------------------------+------------------------------+---------------------+---------------------+--------------------------------------+--------------------------------------+-----------------------------+-----------------------------+----------------------------+----------------------------+-----------------------------+-----------------------------+--------------------+--------------------+-------------------------------------+-------------------------------------+----------------------------+----------------------------+---------------------------+---------------------------+


+--------------------------------------------------------------------------------------------------------------------------------------------------------------------------------------------------------------------------------------------------------------------------------------------------------------------------------------------------------------------------------------------------------------------------------------------------------------------------------------------------------------------------------------------------------------------------------------------------------------------------------------------------------------------------------------------+
; Signal Integrity Metrics (Fast 1100mv 85c Model)                                                                                                                                                                                                                                                                                                                                                                                                                                                                                                                                                                                                                                           ;
+---------------+--------------+---------------------+---------------------+------------------------------+------------------------------+---------------------+---------------------+--------------------------------------+--------------------------------------+-----------------------------+-----------------------------+----------------------------+----------------------------+-----------------------------+-----------------------------+--------------------+--------------------+-------------------------------------+-------------------------------------+----------------------------+----------------------------+---------------------------+---------------------------+
; Pin           ; I/O Standard ; Board Delay on Rise ; Board Delay on Fall ; Steady State Voh at FPGA Pin ; Steady State Vol at FPGA Pin ; Voh Max at FPGA Pin ; Vol Min at FPGA Pin ; Ringback Voltage on Rise at FPGA Pin ; Ringback Voltage on Fall at FPGA Pin ; 10-90 Rise Time at FPGA Pin ; 90-10 Fall Time at FPGA Pin ; Monotonic Rise at FPGA Pin ; Monotonic Fall at FPGA Pin ; Steady State Voh at Far-end ; Steady State Vol at Far-end ; Voh Max at Far-end ; Vol Min at Far-end ; Ringback Voltage on Rise at Far-end ; Ringback Voltage on Fall at Far-end ; 10-90 Rise Time at Far-end ; 90-10 Fall Time at Far-end ; Monotonic Rise at Far-end ; Monotonic Fall at Far-end ;
+---------------+--------------+---------------------+---------------------+------------------------------+------------------------------+---------------------+---------------------+--------------------------------------+--------------------------------------+-----------------------------+-----------------------------+----------------------------+----------------------------+-----------------------------+-----------------------------+--------------------+--------------------+-------------------------------------+-------------------------------------+----------------------------+----------------------------+---------------------------+---------------------------+
; MemWrite      ; 2.5 V        ; 0 s                 ; 0 s                 ; 2.75 V                       ; 0.000242 V                   ; 2.86 V              ; -0.0814 V           ; 0.36 V                               ; 0.156 V                              ; 3e-10 s                     ; 4.34e-10 s                  ; No                         ; No                         ; 2.75 V                      ; 0.000242 V                  ; 2.86 V             ; -0.0814 V          ; 0.36 V                              ; 0.156 V                             ; 3e-10 s                    ; 4.34e-10 s                 ; No                        ; No                        ;
; WriteData[0]  ; 2.5 V        ; 0 s                 ; 0 s                 ; 2.75 V                       ; 0.000247 V                   ; 2.85 V              ; -0.0711 V           ; 0.204 V                              ; 0.181 V                              ; 4.55e-10 s                  ; 4.49e-10 s                  ; No                         ; No                         ; 2.75 V                      ; 0.000247 V                  ; 2.85 V             ; -0.0711 V          ; 0.204 V                             ; 0.181 V                             ; 4.55e-10 s                 ; 4.49e-10 s                 ; No                        ; No                        ;
; WriteData[1]  ; 2.5 V        ; 0 s                 ; 0 s                 ; 2.75 V                       ; 0.000247 V                   ; 2.85 V              ; -0.0711 V           ; 0.204 V                              ; 0.181 V                              ; 4.55e-10 s                  ; 4.49e-10 s                  ; No                         ; No                         ; 2.75 V                      ; 0.000247 V                  ; 2.85 V             ; -0.0711 V          ; 0.204 V                             ; 0.181 V                             ; 4.55e-10 s                 ; 4.49e-10 s                 ; No                        ; No                        ;
; WriteData[2]  ; 2.5 V        ; 0 s                 ; 0 s                 ; 2.75 V                       ; 0.000247 V                   ; 2.85 V              ; -0.0711 V           ; 0.204 V                              ; 0.181 V                              ; 4.55e-10 s                  ; 4.49e-10 s                  ; No                         ; No                         ; 2.75 V                      ; 0.000247 V                  ; 2.85 V             ; -0.0711 V          ; 0.204 V                             ; 0.181 V                             ; 4.55e-10 s                 ; 4.49e-10 s                 ; No                        ; No                        ;
; WriteData[3]  ; 2.5 V        ; 0 s                 ; 0 s                 ; 2.75 V                       ; 0.000242 V                   ; 2.86 V              ; -0.0805 V           ; 0.358 V                              ; 0.156 V                              ; 3.01e-10 s                  ; 4.34e-10 s                  ; No                         ; No                         ; 2.75 V                      ; 0.000242 V                  ; 2.86 V             ; -0.0805 V          ; 0.358 V                             ; 0.156 V                             ; 3.01e-10 s                 ; 4.34e-10 s                 ; No                        ; No                        ;
; WriteData[4]  ; 2.5 V        ; 0 s                 ; 0 s                 ; 2.75 V                       ; 0.000247 V                   ; 2.85 V              ; -0.0711 V           ; 0.204 V                              ; 0.181 V                              ; 4.55e-10 s                  ; 4.49e-10 s                  ; No                         ; No                         ; 2.75 V                      ; 0.000247 V                  ; 2.85 V             ; -0.0711 V          ; 0.204 V                             ; 0.181 V                             ; 4.55e-10 s                 ; 4.49e-10 s                 ; No                        ; No                        ;
; WriteData[5]  ; 2.5 V        ; 0 s                 ; 0 s                 ; 2.75 V                       ; 0.000242 V                   ; 2.86 V              ; -0.0805 V           ; 0.358 V                              ; 0.156 V                              ; 3.01e-10 s                  ; 4.34e-10 s                  ; No                         ; No                         ; 2.75 V                      ; 0.000242 V                  ; 2.86 V             ; -0.0805 V          ; 0.358 V                             ; 0.156 V                             ; 3.01e-10 s                 ; 4.34e-10 s                 ; No                        ; No                        ;
; WriteData[6]  ; 2.5 V        ; 0 s                 ; 0 s                 ; 2.75 V                       ; 0.000247 V                   ; 2.85 V              ; -0.0711 V           ; 0.204 V                              ; 0.181 V                              ; 4.55e-10 s                  ; 4.49e-10 s                  ; No                         ; No                         ; 2.75 V                      ; 0.000247 V                  ; 2.85 V             ; -0.0711 V          ; 0.204 V                             ; 0.181 V                             ; 4.55e-10 s                 ; 4.49e-10 s                 ; No                        ; No                        ;
; WriteData[7]  ; 2.5 V        ; 0 s                 ; 0 s                 ; 2.75 V                       ; 0.000213 V                   ; 2.79 V              ; -0.0324 V           ; 0.139 V                              ; 0.119 V                              ; 4.42e-10 s                  ; 4.33e-10 s                  ; No                         ; Yes                        ; 2.75 V                      ; 0.000213 V                  ; 2.79 V             ; -0.0324 V          ; 0.139 V                             ; 0.119 V                             ; 4.42e-10 s                 ; 4.33e-10 s                 ; No                        ; Yes                       ;
; WriteData[8]  ; 2.5 V        ; 0 s                 ; 0 s                 ; 2.75 V                       ; 0.000213 V                   ; 2.79 V              ; -0.0324 V           ; 0.139 V                              ; 0.119 V                              ; 4.42e-10 s                  ; 4.33e-10 s                  ; No                         ; Yes                        ; 2.75 V                      ; 0.000213 V                  ; 2.79 V             ; -0.0324 V          ; 0.139 V                             ; 0.119 V                             ; 4.42e-10 s                 ; 4.33e-10 s                 ; No                        ; Yes                       ;
; WriteData[9]  ; 2.5 V        ; 0 s                 ; 0 s                 ; 2.75 V                       ; 0.000242 V                   ; 2.86 V              ; -0.0805 V           ; 0.358 V                              ; 0.156 V                              ; 3.01e-10 s                  ; 4.34e-10 s                  ; No                         ; No                         ; 2.75 V                      ; 0.000242 V                  ; 2.86 V             ; -0.0805 V          ; 0.358 V                             ; 0.156 V                             ; 3.01e-10 s                 ; 4.34e-10 s                 ; No                        ; No                        ;
; WriteData[10] ; 2.5 V        ; 0 s                 ; 0 s                 ; 2.75 V                       ; 0.000247 V                   ; 2.85 V              ; -0.0711 V           ; 0.204 V                              ; 0.181 V                              ; 4.55e-10 s                  ; 4.49e-10 s                  ; No                         ; No                         ; 2.75 V                      ; 0.000247 V                  ; 2.85 V             ; -0.0711 V          ; 0.204 V                             ; 0.181 V                             ; 4.55e-10 s                 ; 4.49e-10 s                 ; No                        ; No                        ;
; WriteData[11] ; 2.5 V        ; 0 s                 ; 0 s                 ; 2.75 V                       ; 0.000213 V                   ; 2.79 V              ; -0.0324 V           ; 0.139 V                              ; 0.119 V                              ; 4.42e-10 s                  ; 4.33e-10 s                  ; No                         ; Yes                        ; 2.75 V                      ; 0.000213 V                  ; 2.79 V             ; -0.0324 V          ; 0.139 V                             ; 0.119 V                             ; 4.42e-10 s                 ; 4.33e-10 s                 ; No                        ; Yes                       ;
; WriteData[12] ; 2.5 V        ; 0 s                 ; 0 s                 ; 2.75 V                       ; 0.000242 V                   ; 2.86 V              ; -0.0814 V           ; 0.36 V                               ; 0.156 V                              ; 3e-10 s                     ; 4.34e-10 s                  ; No                         ; No                         ; 2.75 V                      ; 0.000242 V                  ; 2.86 V             ; -0.0814 V          ; 0.36 V                              ; 0.156 V                             ; 3e-10 s                    ; 4.34e-10 s                 ; No                        ; No                        ;
; WriteData[13] ; 2.5 V        ; 0 s                 ; 0 s                 ; 2.75 V                       ; 0.000242 V                   ; 2.86 V              ; -0.0814 V           ; 0.36 V                               ; 0.156 V                              ; 3e-10 s                     ; 4.34e-10 s                  ; No                         ; No                         ; 2.75 V                      ; 0.000242 V                  ; 2.86 V             ; -0.0814 V          ; 0.36 V                              ; 0.156 V                             ; 3e-10 s                    ; 4.34e-10 s                 ; No                        ; No                        ;
; WriteData[14] ; 2.5 V        ; 0 s                 ; 0 s                 ; 2.75 V                       ; 0.000213 V                   ; 2.79 V              ; -0.0324 V           ; 0.139 V                              ; 0.119 V                              ; 4.42e-10 s                  ; 4.33e-10 s                  ; No                         ; Yes                        ; 2.75 V                      ; 0.000213 V                  ; 2.79 V             ; -0.0324 V          ; 0.139 V                             ; 0.119 V                             ; 4.42e-10 s                 ; 4.33e-10 s                 ; No                        ; Yes                       ;
; WriteData[15] ; 2.5 V        ; 0 s                 ; 0 s                 ; 2.75 V                       ; 0.000242 V                   ; 2.86 V              ; -0.0814 V           ; 0.36 V                               ; 0.156 V                              ; 3e-10 s                     ; 4.34e-10 s                  ; No                         ; No                         ; 2.75 V                      ; 0.000242 V                  ; 2.86 V             ; -0.0814 V          ; 0.36 V                              ; 0.156 V                             ; 3e-10 s                    ; 4.34e-10 s                 ; No                        ; No                        ;
; WriteData[16] ; 2.5 V        ; 0 s                 ; 0 s                 ; 2.75 V                       ; 0.000242 V                   ; 2.86 V              ; -0.0814 V           ; 0.36 V                               ; 0.156 V                              ; 3e-10 s                     ; 4.34e-10 s                  ; No                         ; No                         ; 2.75 V                      ; 0.000242 V                  ; 2.86 V             ; -0.0814 V          ; 0.36 V                              ; 0.156 V                             ; 3e-10 s                    ; 4.34e-10 s                 ; No                        ; No                        ;
; WriteData[17] ; 2.5 V        ; 0 s                 ; 0 s                 ; 2.75 V                       ; 0.000213 V                   ; 2.79 V              ; -0.0324 V           ; 0.139 V                              ; 0.119 V                              ; 4.42e-10 s                  ; 4.33e-10 s                  ; No                         ; Yes                        ; 2.75 V                      ; 0.000213 V                  ; 2.79 V             ; -0.0324 V          ; 0.139 V                             ; 0.119 V                             ; 4.42e-10 s                 ; 4.33e-10 s                 ; No                        ; Yes                       ;
; WriteData[18] ; 2.5 V        ; 0 s                 ; 0 s                 ; 2.75 V                       ; 0.000242 V                   ; 2.86 V              ; -0.0814 V           ; 0.36 V                               ; 0.156 V                              ; 3e-10 s                     ; 4.34e-10 s                  ; No                         ; No                         ; 2.75 V                      ; 0.000242 V                  ; 2.86 V             ; -0.0814 V          ; 0.36 V                              ; 0.156 V                             ; 3e-10 s                    ; 4.34e-10 s                 ; No                        ; No                        ;
; WriteData[19] ; 2.5 V        ; 0 s                 ; 0 s                 ; 2.75 V                       ; 0.000242 V                   ; 2.86 V              ; -0.0814 V           ; 0.36 V                               ; 0.156 V                              ; 3e-10 s                     ; 4.34e-10 s                  ; No                         ; No                         ; 2.75 V                      ; 0.000242 V                  ; 2.86 V             ; -0.0814 V          ; 0.36 V                              ; 0.156 V                             ; 3e-10 s                    ; 4.34e-10 s                 ; No                        ; No                        ;
; WriteData[20] ; 2.5 V        ; 0 s                 ; 0 s                 ; 2.75 V                       ; 0.000213 V                   ; 2.79 V              ; -0.0324 V           ; 0.139 V                              ; 0.119 V                              ; 4.42e-10 s                  ; 4.33e-10 s                  ; No                         ; Yes                        ; 2.75 V                      ; 0.000213 V                  ; 2.79 V             ; -0.0324 V          ; 0.139 V                             ; 0.119 V                             ; 4.42e-10 s                 ; 4.33e-10 s                 ; No                        ; Yes                       ;
; WriteData[21] ; 2.5 V        ; 0 s                 ; 0 s                 ; 2.75 V                       ; 0.000247 V                   ; 2.85 V              ; -0.0711 V           ; 0.204 V                              ; 0.181 V                              ; 4.55e-10 s                  ; 4.49e-10 s                  ; No                         ; No                         ; 2.75 V                      ; 0.000247 V                  ; 2.85 V             ; -0.0711 V          ; 0.204 V                             ; 0.181 V                             ; 4.55e-10 s                 ; 4.49e-10 s                 ; No                        ; No                        ;
; WriteData[22] ; 2.5 V        ; 0 s                 ; 0 s                 ; 2.75 V                       ; 0.000213 V                   ; 2.79 V              ; -0.0324 V           ; 0.139 V                              ; 0.119 V                              ; 4.42e-10 s                  ; 4.33e-10 s                  ; No                         ; Yes                        ; 2.75 V                      ; 0.000213 V                  ; 2.79 V             ; -0.0324 V          ; 0.139 V                             ; 0.119 V                             ; 4.42e-10 s                 ; 4.33e-10 s                 ; No                        ; Yes                       ;
; WriteData[23] ; 2.5 V        ; 0 s                 ; 0 s                 ; 2.75 V                       ; 0.000247 V                   ; 2.85 V              ; -0.0711 V           ; 0.204 V                              ; 0.181 V                              ; 4.55e-10 s                  ; 4.49e-10 s                  ; No                         ; No                         ; 2.75 V                      ; 0.000247 V                  ; 2.85 V             ; -0.0711 V          ; 0.204 V                             ; 0.181 V                             ; 4.55e-10 s                 ; 4.49e-10 s                 ; No                        ; No                        ;
; WriteData[24] ; 2.5 V        ; 0 s                 ; 0 s                 ; 2.75 V                       ; 0.000242 V                   ; 2.86 V              ; -0.0805 V           ; 0.358 V                              ; 0.156 V                              ; 3.01e-10 s                  ; 4.34e-10 s                  ; No                         ; No                         ; 2.75 V                      ; 0.000242 V                  ; 2.86 V             ; -0.0805 V          ; 0.358 V                             ; 0.156 V                             ; 3.01e-10 s                 ; 4.34e-10 s                 ; No                        ; No                        ;
; WriteData[25] ; 2.5 V        ; 0 s                 ; 0 s                 ; 2.75 V                       ; 0.000213 V                   ; 2.79 V              ; -0.0324 V           ; 0.139 V                              ; 0.119 V                              ; 4.42e-10 s                  ; 4.33e-10 s                  ; No                         ; Yes                        ; 2.75 V                      ; 0.000213 V                  ; 2.79 V             ; -0.0324 V          ; 0.139 V                             ; 0.119 V                             ; 4.42e-10 s                 ; 4.33e-10 s                 ; No                        ; Yes                       ;
; WriteData[26] ; 2.5 V        ; 0 s                 ; 0 s                 ; 2.75 V                       ; 0.000242 V                   ; 2.86 V              ; -0.0805 V           ; 0.358 V                              ; 0.156 V                              ; 3.01e-10 s                  ; 4.34e-10 s                  ; No                         ; No                         ; 2.75 V                      ; 0.000242 V                  ; 2.86 V             ; -0.0805 V          ; 0.358 V                             ; 0.156 V                             ; 3.01e-10 s                 ; 4.34e-10 s                 ; No                        ; No                        ;
; WriteData[27] ; 2.5 V        ; 0 s                 ; 0 s                 ; 2.75 V                       ; 0.000242 V                   ; 2.86 V              ; -0.0814 V           ; 0.36 V                               ; 0.156 V                              ; 3e-10 s                     ; 4.34e-10 s                  ; No                         ; No                         ; 2.75 V                      ; 0.000242 V                  ; 2.86 V             ; -0.0814 V          ; 0.36 V                              ; 0.156 V                             ; 3e-10 s                    ; 4.34e-10 s                 ; No                        ; No                        ;
; WriteData[28] ; 2.5 V        ; 0 s                 ; 0 s                 ; 2.75 V                       ; 0.000213 V                   ; 2.79 V              ; -0.0324 V           ; 0.139 V                              ; 0.119 V                              ; 4.42e-10 s                  ; 4.33e-10 s                  ; No                         ; Yes                        ; 2.75 V                      ; 0.000213 V                  ; 2.79 V             ; -0.0324 V          ; 0.139 V                             ; 0.119 V                             ; 4.42e-10 s                 ; 4.33e-10 s                 ; No                        ; Yes                       ;
; WriteData[29] ; 2.5 V        ; 0 s                 ; 0 s                 ; 2.75 V                       ; 0.000242 V                   ; 2.86 V              ; -0.0805 V           ; 0.358 V                              ; 0.156 V                              ; 3.01e-10 s                  ; 4.34e-10 s                  ; No                         ; No                         ; 2.75 V                      ; 0.000242 V                  ; 2.86 V             ; -0.0805 V          ; 0.358 V                             ; 0.156 V                             ; 3.01e-10 s                 ; 4.34e-10 s                 ; No                        ; No                        ;
; WriteData[30] ; 2.5 V        ; 0 s                 ; 0 s                 ; 2.75 V                       ; 0.000242 V                   ; 2.86 V              ; -0.0814 V           ; 0.36 V                               ; 0.156 V                              ; 3e-10 s                     ; 4.34e-10 s                  ; No                         ; No                         ; 2.75 V                      ; 0.000242 V                  ; 2.86 V             ; -0.0814 V          ; 0.36 V                              ; 0.156 V                             ; 3e-10 s                    ; 4.34e-10 s                 ; No                        ; No                        ;
; WriteData[31] ; 2.5 V        ; 0 s                 ; 0 s                 ; 2.75 V                       ; 0.000242 V                   ; 2.86 V              ; -0.0805 V           ; 0.358 V                              ; 0.156 V                              ; 3.01e-10 s                  ; 4.34e-10 s                  ; No                         ; No                         ; 2.75 V                      ; 0.000242 V                  ; 2.86 V             ; -0.0805 V          ; 0.358 V                             ; 0.156 V                             ; 3.01e-10 s                 ; 4.34e-10 s                 ; No                        ; No                        ;
; DataAdr[0]    ; 2.5 V        ; 0 s                 ; 0 s                 ; 2.75 V                       ; 0.000242 V                   ; 2.86 V              ; -0.0814 V           ; 0.36 V                               ; 0.156 V                              ; 3e-10 s                     ; 4.34e-10 s                  ; No                         ; No                         ; 2.75 V                      ; 0.000242 V                  ; 2.86 V             ; -0.0814 V          ; 0.36 V                              ; 0.156 V                             ; 3e-10 s                    ; 4.34e-10 s                 ; No                        ; No                        ;
; DataAdr[1]    ; 2.5 V        ; 0 s                 ; 0 s                 ; 2.75 V                       ; 0.000242 V                   ; 2.86 V              ; -0.0805 V           ; 0.358 V                              ; 0.156 V                              ; 3.01e-10 s                  ; 4.34e-10 s                  ; No                         ; No                         ; 2.75 V                      ; 0.000242 V                  ; 2.86 V             ; -0.0805 V          ; 0.358 V                             ; 0.156 V                             ; 3.01e-10 s                 ; 4.34e-10 s                 ; No                        ; No                        ;
; DataAdr[2]    ; 2.5 V        ; 0 s                 ; 0 s                 ; 2.75 V                       ; 0.000242 V                   ; 2.86 V              ; -0.0805 V           ; 0.358 V                              ; 0.156 V                              ; 3.01e-10 s                  ; 4.34e-10 s                  ; No                         ; No                         ; 2.75 V                      ; 0.000242 V                  ; 2.86 V             ; -0.0805 V          ; 0.358 V                             ; 0.156 V                             ; 3.01e-10 s                 ; 4.34e-10 s                 ; No                        ; No                        ;
; DataAdr[3]    ; 2.5 V        ; 0 s                 ; 0 s                 ; 2.75 V                       ; 0.000242 V                   ; 2.86 V              ; -0.0805 V           ; 0.358 V                              ; 0.156 V                              ; 3.01e-10 s                  ; 4.34e-10 s                  ; No                         ; No                         ; 2.75 V                      ; 0.000242 V                  ; 2.86 V             ; -0.0805 V          ; 0.358 V                             ; 0.156 V                             ; 3.01e-10 s                 ; 4.34e-10 s                 ; No                        ; No                        ;
; DataAdr[4]    ; 2.5 V        ; 0 s                 ; 0 s                 ; 2.75 V                       ; 0.000242 V                   ; 2.86 V              ; -0.0814 V           ; 0.36 V                               ; 0.156 V                              ; 3e-10 s                     ; 4.34e-10 s                  ; No                         ; No                         ; 2.75 V                      ; 0.000242 V                  ; 2.86 V             ; -0.0814 V          ; 0.36 V                              ; 0.156 V                             ; 3e-10 s                    ; 4.34e-10 s                 ; No                        ; No                        ;
; DataAdr[5]    ; 2.5 V        ; 0 s                 ; 0 s                 ; 2.75 V                       ; 0.000247 V                   ; 2.85 V              ; -0.0711 V           ; 0.204 V                              ; 0.181 V                              ; 4.55e-10 s                  ; 4.49e-10 s                  ; No                         ; No                         ; 2.75 V                      ; 0.000247 V                  ; 2.85 V             ; -0.0711 V          ; 0.204 V                             ; 0.181 V                             ; 4.55e-10 s                 ; 4.49e-10 s                 ; No                        ; No                        ;
; DataAdr[6]    ; 2.5 V        ; 0 s                 ; 0 s                 ; 2.75 V                       ; 0.000242 V                   ; 2.86 V              ; -0.0814 V           ; 0.36 V                               ; 0.156 V                              ; 3e-10 s                     ; 4.34e-10 s                  ; No                         ; No                         ; 2.75 V                      ; 0.000242 V                  ; 2.86 V             ; -0.0814 V          ; 0.36 V                              ; 0.156 V                             ; 3e-10 s                    ; 4.34e-10 s                 ; No                        ; No                        ;
; DataAdr[7]    ; 2.5 V        ; 0 s                 ; 0 s                 ; 2.75 V                       ; 0.000247 V                   ; 2.85 V              ; -0.0711 V           ; 0.204 V                              ; 0.181 V                              ; 4.55e-10 s                  ; 4.49e-10 s                  ; No                         ; No                         ; 2.75 V                      ; 0.000247 V                  ; 2.85 V             ; -0.0711 V          ; 0.204 V                             ; 0.181 V                             ; 4.55e-10 s                 ; 4.49e-10 s                 ; No                        ; No                        ;
; DataAdr[8]    ; 2.5 V        ; 0 s                 ; 0 s                 ; 2.75 V                       ; 0.000242 V                   ; 2.86 V              ; -0.0814 V           ; 0.36 V                               ; 0.156 V                              ; 3e-10 s                     ; 4.34e-10 s                  ; No                         ; No                         ; 2.75 V                      ; 0.000242 V                  ; 2.86 V             ; -0.0814 V          ; 0.36 V                              ; 0.156 V                             ; 3e-10 s                    ; 4.34e-10 s                 ; No                        ; No                        ;
; DataAdr[9]    ; 2.5 V        ; 0 s                 ; 0 s                 ; 2.75 V                       ; 0.000213 V                   ; 2.79 V              ; -0.0324 V           ; 0.139 V                              ; 0.119 V                              ; 4.42e-10 s                  ; 4.33e-10 s                  ; No                         ; Yes                        ; 2.75 V                      ; 0.000213 V                  ; 2.79 V             ; -0.0324 V          ; 0.139 V                             ; 0.119 V                             ; 4.42e-10 s                 ; 4.33e-10 s                 ; No                        ; Yes                       ;
; DataAdr[10]   ; 2.5 V        ; 0 s                 ; 0 s                 ; 2.75 V                       ; 0.000242 V                   ; 2.86 V              ; -0.0814 V           ; 0.36 V                               ; 0.156 V                              ; 3e-10 s                     ; 4.34e-10 s                  ; No                         ; No                         ; 2.75 V                      ; 0.000242 V                  ; 2.86 V             ; -0.0814 V          ; 0.36 V                              ; 0.156 V                             ; 3e-10 s                    ; 4.34e-10 s                 ; No                        ; No                        ;
; DataAdr[11]   ; 2.5 V        ; 0 s                 ; 0 s                 ; 2.75 V                       ; 0.000213 V                   ; 2.79 V              ; -0.0324 V           ; 0.139 V                              ; 0.119 V                              ; 4.42e-10 s                  ; 4.33e-10 s                  ; No                         ; Yes                        ; 2.75 V                      ; 0.000213 V                  ; 2.79 V             ; -0.0324 V          ; 0.139 V                             ; 0.119 V                             ; 4.42e-10 s                 ; 4.33e-10 s                 ; No                        ; Yes                       ;
; DataAdr[12]   ; 2.5 V        ; 0 s                 ; 0 s                 ; 2.75 V                       ; 0.000213 V                   ; 2.79 V              ; -0.0324 V           ; 0.139 V                              ; 0.119 V                              ; 4.42e-10 s                  ; 4.33e-10 s                  ; No                         ; Yes                        ; 2.75 V                      ; 0.000213 V                  ; 2.79 V             ; -0.0324 V          ; 0.139 V                             ; 0.119 V                             ; 4.42e-10 s                 ; 4.33e-10 s                 ; No                        ; Yes                       ;
; DataAdr[13]   ; 2.5 V        ; 0 s                 ; 0 s                 ; 2.75 V                       ; 0.000213 V                   ; 2.79 V              ; -0.0324 V           ; 0.139 V                              ; 0.119 V                              ; 4.42e-10 s                  ; 4.33e-10 s                  ; No                         ; Yes                        ; 2.75 V                      ; 0.000213 V                  ; 2.79 V             ; -0.0324 V          ; 0.139 V                             ; 0.119 V                             ; 4.42e-10 s                 ; 4.33e-10 s                 ; No                        ; Yes                       ;
; DataAdr[14]   ; 2.5 V        ; 0 s                 ; 0 s                 ; 2.75 V                       ; 0.000247 V                   ; 2.85 V              ; -0.0711 V           ; 0.204 V                              ; 0.181 V                              ; 4.55e-10 s                  ; 4.49e-10 s                  ; No                         ; No                         ; 2.75 V                      ; 0.000247 V                  ; 2.85 V             ; -0.0711 V          ; 0.204 V                             ; 0.181 V                             ; 4.55e-10 s                 ; 4.49e-10 s                 ; No                        ; No                        ;
; DataAdr[15]   ; 2.5 V        ; 0 s                 ; 0 s                 ; 2.75 V                       ; 0.000242 V                   ; 2.86 V              ; -0.0805 V           ; 0.358 V                              ; 0.156 V                              ; 3.01e-10 s                  ; 4.34e-10 s                  ; No                         ; No                         ; 2.75 V                      ; 0.000242 V                  ; 2.86 V             ; -0.0805 V          ; 0.358 V                             ; 0.156 V                             ; 3.01e-10 s                 ; 4.34e-10 s                 ; No                        ; No                        ;
; DataAdr[16]   ; 2.5 V        ; 0 s                 ; 0 s                 ; 2.75 V                       ; 0.000213 V                   ; 2.79 V              ; -0.0324 V           ; 0.139 V                              ; 0.119 V                              ; 4.42e-10 s                  ; 4.33e-10 s                  ; No                         ; Yes                        ; 2.75 V                      ; 0.000213 V                  ; 2.79 V             ; -0.0324 V          ; 0.139 V                             ; 0.119 V                             ; 4.42e-10 s                 ; 4.33e-10 s                 ; No                        ; Yes                       ;
; DataAdr[17]   ; 2.5 V        ; 0 s                 ; 0 s                 ; 2.75 V                       ; 0.000242 V                   ; 2.86 V              ; -0.0805 V           ; 0.358 V                              ; 0.156 V                              ; 3.01e-10 s                  ; 4.34e-10 s                  ; No                         ; No                         ; 2.75 V                      ; 0.000242 V                  ; 2.86 V             ; -0.0805 V          ; 0.358 V                             ; 0.156 V                             ; 3.01e-10 s                 ; 4.34e-10 s                 ; No                        ; No                        ;
; DataAdr[18]   ; 2.5 V        ; 0 s                 ; 0 s                 ; 2.75 V                       ; 0.000242 V                   ; 2.86 V              ; -0.0814 V           ; 0.36 V                               ; 0.156 V                              ; 3e-10 s                     ; 4.34e-10 s                  ; No                         ; No                         ; 2.75 V                      ; 0.000242 V                  ; 2.86 V             ; -0.0814 V          ; 0.36 V                              ; 0.156 V                             ; 3e-10 s                    ; 4.34e-10 s                 ; No                        ; No                        ;
; DataAdr[19]   ; 2.5 V        ; 0 s                 ; 0 s                 ; 2.75 V                       ; 0.000247 V                   ; 2.85 V              ; -0.0711 V           ; 0.204 V                              ; 0.181 V                              ; 4.55e-10 s                  ; 4.49e-10 s                  ; No                         ; No                         ; 2.75 V                      ; 0.000247 V                  ; 2.85 V             ; -0.0711 V          ; 0.204 V                             ; 0.181 V                             ; 4.55e-10 s                 ; 4.49e-10 s                 ; No                        ; No                        ;
; DataAdr[20]   ; 2.5 V        ; 0 s                 ; 0 s                 ; 2.75 V                       ; 0.000247 V                   ; 2.85 V              ; -0.0711 V           ; 0.204 V                              ; 0.181 V                              ; 4.55e-10 s                  ; 4.49e-10 s                  ; No                         ; No                         ; 2.75 V                      ; 0.000247 V                  ; 2.85 V             ; -0.0711 V          ; 0.204 V                             ; 0.181 V                             ; 4.55e-10 s                 ; 4.49e-10 s                 ; No                        ; No                        ;
; DataAdr[21]   ; 2.5 V        ; 0 s                 ; 0 s                 ; 2.75 V                       ; 0.000213 V                   ; 2.79 V              ; -0.0324 V           ; 0.139 V                              ; 0.119 V                              ; 4.42e-10 s                  ; 4.33e-10 s                  ; No                         ; Yes                        ; 2.75 V                      ; 0.000213 V                  ; 2.79 V             ; -0.0324 V          ; 0.139 V                             ; 0.119 V                             ; 4.42e-10 s                 ; 4.33e-10 s                 ; No                        ; Yes                       ;
; DataAdr[22]   ; 2.5 V        ; 0 s                 ; 0 s                 ; 2.75 V                       ; 0.000242 V                   ; 2.86 V              ; -0.0805 V           ; 0.358 V                              ; 0.156 V                              ; 3.01e-10 s                  ; 4.34e-10 s                  ; No                         ; No                         ; 2.75 V                      ; 0.000242 V                  ; 2.86 V             ; -0.0805 V          ; 0.358 V                             ; 0.156 V                             ; 3.01e-10 s                 ; 4.34e-10 s                 ; No                        ; No                        ;
; DataAdr[23]   ; 2.5 V        ; 0 s                 ; 0 s                 ; 2.75 V                       ; 0.000213 V                   ; 2.79 V              ; -0.0324 V           ; 0.139 V                              ; 0.119 V                              ; 4.42e-10 s                  ; 4.33e-10 s                  ; No                         ; Yes                        ; 2.75 V                      ; 0.000213 V                  ; 2.79 V             ; -0.0324 V          ; 0.139 V                             ; 0.119 V                             ; 4.42e-10 s                 ; 4.33e-10 s                 ; No                        ; Yes                       ;
; DataAdr[24]   ; 2.5 V        ; 0 s                 ; 0 s                 ; 2.75 V                       ; 0.000247 V                   ; 2.85 V              ; -0.0711 V           ; 0.204 V                              ; 0.181 V                              ; 4.55e-10 s                  ; 4.49e-10 s                  ; No                         ; No                         ; 2.75 V                      ; 0.000247 V                  ; 2.85 V             ; -0.0711 V          ; 0.204 V                             ; 0.181 V                             ; 4.55e-10 s                 ; 4.49e-10 s                 ; No                        ; No                        ;
; DataAdr[25]   ; 2.5 V        ; 0 s                 ; 0 s                 ; 2.75 V                       ; 0.000242 V                   ; 2.86 V              ; -0.0805 V           ; 0.358 V                              ; 0.156 V                              ; 3.01e-10 s                  ; 4.34e-10 s                  ; No                         ; No                         ; 2.75 V                      ; 0.000242 V                  ; 2.86 V             ; -0.0805 V          ; 0.358 V                             ; 0.156 V                             ; 3.01e-10 s                 ; 4.34e-10 s                 ; No                        ; No                        ;
; DataAdr[26]   ; 2.5 V        ; 0 s                 ; 0 s                 ; 2.75 V                       ; 0.000213 V                   ; 2.79 V              ; -0.0324 V           ; 0.139 V                              ; 0.119 V                              ; 4.42e-10 s                  ; 4.33e-10 s                  ; No                         ; Yes                        ; 2.75 V                      ; 0.000213 V                  ; 2.79 V             ; -0.0324 V          ; 0.139 V                             ; 0.119 V                             ; 4.42e-10 s                 ; 4.33e-10 s                 ; No                        ; Yes                       ;
; DataAdr[27]   ; 2.5 V        ; 0 s                 ; 0 s                 ; 2.75 V                       ; 0.000242 V                   ; 2.86 V              ; -0.0805 V           ; 0.358 V                              ; 0.156 V                              ; 3.01e-10 s                  ; 4.34e-10 s                  ; No                         ; No                         ; 2.75 V                      ; 0.000242 V                  ; 2.86 V             ; -0.0805 V          ; 0.358 V                             ; 0.156 V                             ; 3.01e-10 s                 ; 4.34e-10 s                 ; No                        ; No                        ;
; DataAdr[28]   ; 2.5 V        ; 0 s                 ; 0 s                 ; 2.75 V                       ; 0.000247 V                   ; 2.85 V              ; -0.0711 V           ; 0.204 V                              ; 0.181 V                              ; 4.55e-10 s                  ; 4.49e-10 s                  ; No                         ; No                         ; 2.75 V                      ; 0.000247 V                  ; 2.85 V             ; -0.0711 V          ; 0.204 V                             ; 0.181 V                             ; 4.55e-10 s                 ; 4.49e-10 s                 ; No                        ; No                        ;
; DataAdr[29]   ; 2.5 V        ; 0 s                 ; 0 s                 ; 2.75 V                       ; 0.000213 V                   ; 2.79 V              ; -0.0324 V           ; 0.139 V                              ; 0.119 V                              ; 4.42e-10 s                  ; 4.33e-10 s                  ; No                         ; Yes                        ; 2.75 V                      ; 0.000213 V                  ; 2.79 V             ; -0.0324 V          ; 0.139 V                             ; 0.119 V                             ; 4.42e-10 s                 ; 4.33e-10 s                 ; No                        ; Yes                       ;
; DataAdr[30]   ; 2.5 V        ; 0 s                 ; 0 s                 ; 2.75 V                       ; 0.000213 V                   ; 2.79 V              ; -0.0324 V           ; 0.139 V                              ; 0.119 V                              ; 4.42e-10 s                  ; 4.33e-10 s                  ; No                         ; Yes                        ; 2.75 V                      ; 0.000213 V                  ; 2.79 V             ; -0.0324 V          ; 0.139 V                             ; 0.119 V                             ; 4.42e-10 s                 ; 4.33e-10 s                 ; No                        ; Yes                       ;
; DataAdr[31]   ; 2.5 V        ; 0 s                 ; 0 s                 ; 2.75 V                       ; 0.000213 V                   ; 2.79 V              ; -0.0324 V           ; 0.139 V                              ; 0.119 V                              ; 4.42e-10 s                  ; 4.33e-10 s                  ; No                         ; Yes                        ; 2.75 V                      ; 0.000213 V                  ; 2.79 V             ; -0.0324 V          ; 0.139 V                             ; 0.119 V                             ; 4.42e-10 s                 ; 4.33e-10 s                 ; No                        ; Yes                       ;
; ReadData[0]   ; 2.5 V        ; 0 s                 ; 0 s                 ; 2.75 V                       ; 0.000213 V                   ; 2.79 V              ; -0.0324 V           ; 0.139 V                              ; 0.119 V                              ; 4.42e-10 s                  ; 4.33e-10 s                  ; No                         ; Yes                        ; 2.75 V                      ; 0.000213 V                  ; 2.79 V             ; -0.0324 V          ; 0.139 V                             ; 0.119 V                             ; 4.42e-10 s                 ; 4.33e-10 s                 ; No                        ; Yes                       ;
; ReadData[1]   ; 2.5 V        ; 0 s                 ; 0 s                 ; 2.75 V                       ; 0.000247 V                   ; 2.85 V              ; -0.0711 V           ; 0.204 V                              ; 0.181 V                              ; 4.55e-10 s                  ; 4.49e-10 s                  ; No                         ; No                         ; 2.75 V                      ; 0.000247 V                  ; 2.85 V             ; -0.0711 V          ; 0.204 V                             ; 0.181 V                             ; 4.55e-10 s                 ; 4.49e-10 s                 ; No                        ; No                        ;
; ReadData[2]   ; 2.5 V        ; 0 s                 ; 0 s                 ; 2.75 V                       ; 0.000213 V                   ; 2.79 V              ; -0.0324 V           ; 0.139 V                              ; 0.119 V                              ; 4.42e-10 s                  ; 4.33e-10 s                  ; No                         ; Yes                        ; 2.75 V                      ; 0.000213 V                  ; 2.79 V             ; -0.0324 V          ; 0.139 V                             ; 0.119 V                             ; 4.42e-10 s                 ; 4.33e-10 s                 ; No                        ; Yes                       ;
; ReadData[3]   ; 2.5 V        ; 0 s                 ; 0 s                 ; 2.75 V                       ; 0.000213 V                   ; 2.79 V              ; -0.0324 V           ; 0.139 V                              ; 0.119 V                              ; 4.42e-10 s                  ; 4.33e-10 s                  ; No                         ; Yes                        ; 2.75 V                      ; 0.000213 V                  ; 2.79 V             ; -0.0324 V          ; 0.139 V                             ; 0.119 V                             ; 4.42e-10 s                 ; 4.33e-10 s                 ; No                        ; Yes                       ;
; ReadData[4]   ; 2.5 V        ; 0 s                 ; 0 s                 ; 2.75 V                       ; 0.000242 V                   ; 2.86 V              ; -0.0805 V           ; 0.358 V                              ; 0.156 V                              ; 3.01e-10 s                  ; 4.34e-10 s                  ; No                         ; No                         ; 2.75 V                      ; 0.000242 V                  ; 2.86 V             ; -0.0805 V          ; 0.358 V                             ; 0.156 V                             ; 3.01e-10 s                 ; 4.34e-10 s                 ; No                        ; No                        ;
; ReadData[5]   ; 2.5 V        ; 0 s                 ; 0 s                 ; 2.75 V                       ; 0.000242 V                   ; 2.86 V              ; -0.0814 V           ; 0.36 V                               ; 0.156 V                              ; 3e-10 s                     ; 4.34e-10 s                  ; No                         ; No                         ; 2.75 V                      ; 0.000242 V                  ; 2.86 V             ; -0.0814 V          ; 0.36 V                              ; 0.156 V                             ; 3e-10 s                    ; 4.34e-10 s                 ; No                        ; No                        ;
; ReadData[6]   ; 2.5 V        ; 0 s                 ; 0 s                 ; 2.75 V                       ; 0.000242 V                   ; 2.86 V              ; -0.0805 V           ; 0.358 V                              ; 0.156 V                              ; 3.01e-10 s                  ; 4.34e-10 s                  ; No                         ; No                         ; 2.75 V                      ; 0.000242 V                  ; 2.86 V             ; -0.0805 V          ; 0.358 V                             ; 0.156 V                             ; 3.01e-10 s                 ; 4.34e-10 s                 ; No                        ; No                        ;
; ReadData[7]   ; 2.5 V        ; 0 s                 ; 0 s                 ; 2.75 V                       ; 0.000242 V                   ; 2.86 V              ; -0.0814 V           ; 0.36 V                               ; 0.156 V                              ; 3e-10 s                     ; 4.34e-10 s                  ; No                         ; No                         ; 2.75 V                      ; 0.000242 V                  ; 2.86 V             ; -0.0814 V          ; 0.36 V                              ; 0.156 V                             ; 3e-10 s                    ; 4.34e-10 s                 ; No                        ; No                        ;
; ReadData[8]   ; 2.5 V        ; 0 s                 ; 0 s                 ; 2.75 V                       ; 0.000242 V                   ; 2.86 V              ; -0.0805 V           ; 0.358 V                              ; 0.156 V                              ; 3.01e-10 s                  ; 4.34e-10 s                  ; No                         ; No                         ; 2.75 V                      ; 0.000242 V                  ; 2.86 V             ; -0.0805 V          ; 0.358 V                             ; 0.156 V                             ; 3.01e-10 s                 ; 4.34e-10 s                 ; No                        ; No                        ;
; ReadData[9]   ; 2.5 V        ; 0 s                 ; 0 s                 ; 2.75 V                       ; 0.000242 V                   ; 2.86 V              ; -0.0805 V           ; 0.358 V                              ; 0.156 V                              ; 3.01e-10 s                  ; 4.34e-10 s                  ; No                         ; No                         ; 2.75 V                      ; 0.000242 V                  ; 2.86 V             ; -0.0805 V          ; 0.358 V                             ; 0.156 V                             ; 3.01e-10 s                 ; 4.34e-10 s                 ; No                        ; No                        ;
; ReadData[10]  ; 2.5 V        ; 0 s                 ; 0 s                 ; 2.75 V                       ; 0.000242 V                   ; 2.86 V              ; -0.0814 V           ; 0.36 V                               ; 0.156 V                              ; 3e-10 s                     ; 4.34e-10 s                  ; No                         ; No                         ; 2.75 V                      ; 0.000242 V                  ; 2.86 V             ; -0.0814 V          ; 0.36 V                              ; 0.156 V                             ; 3e-10 s                    ; 4.34e-10 s                 ; No                        ; No                        ;
; ReadData[11]  ; 2.5 V        ; 0 s                 ; 0 s                 ; 2.75 V                       ; 0.000247 V                   ; 2.85 V              ; -0.0711 V           ; 0.204 V                              ; 0.181 V                              ; 4.55e-10 s                  ; 4.49e-10 s                  ; No                         ; No                         ; 2.75 V                      ; 0.000247 V                  ; 2.85 V             ; -0.0711 V          ; 0.204 V                             ; 0.181 V                             ; 4.55e-10 s                 ; 4.49e-10 s                 ; No                        ; No                        ;
; ReadData[12]  ; 2.5 V        ; 0 s                 ; 0 s                 ; 2.75 V                       ; 0.000247 V                   ; 2.85 V              ; -0.0711 V           ; 0.204 V                              ; 0.181 V                              ; 4.55e-10 s                  ; 4.49e-10 s                  ; No                         ; No                         ; 2.75 V                      ; 0.000247 V                  ; 2.85 V             ; -0.0711 V          ; 0.204 V                             ; 0.181 V                             ; 4.55e-10 s                 ; 4.49e-10 s                 ; No                        ; No                        ;
; ReadData[13]  ; 2.5 V        ; 0 s                 ; 0 s                 ; 2.75 V                       ; 0.000242 V                   ; 2.86 V              ; -0.0805 V           ; 0.358 V                              ; 0.156 V                              ; 3.01e-10 s                  ; 4.34e-10 s                  ; No                         ; No                         ; 2.75 V                      ; 0.000242 V                  ; 2.86 V             ; -0.0805 V          ; 0.358 V                             ; 0.156 V                             ; 3.01e-10 s                 ; 4.34e-10 s                 ; No                        ; No                        ;
; ReadData[14]  ; 2.5 V        ; 0 s                 ; 0 s                 ; 2.75 V                       ; 0.000247 V                   ; 2.85 V              ; -0.0711 V           ; 0.204 V                              ; 0.181 V                              ; 4.55e-10 s                  ; 4.49e-10 s                  ; No                         ; No                         ; 2.75 V                      ; 0.000247 V                  ; 2.85 V             ; -0.0711 V          ; 0.204 V                             ; 0.181 V                             ; 4.55e-10 s                 ; 4.49e-10 s                 ; No                        ; No                        ;
; ReadData[15]  ; 2.5 V        ; 0 s                 ; 0 s                 ; 2.75 V                       ; 0.000213 V                   ; 2.79 V              ; -0.0324 V           ; 0.139 V                              ; 0.119 V                              ; 4.42e-10 s                  ; 4.33e-10 s                  ; No                         ; Yes                        ; 2.75 V                      ; 0.000213 V                  ; 2.79 V             ; -0.0324 V          ; 0.139 V                             ; 0.119 V                             ; 4.42e-10 s                 ; 4.33e-10 s                 ; No                        ; Yes                       ;
; ReadData[16]  ; 2.5 V        ; 0 s                 ; 0 s                 ; 2.75 V                       ; 0.000242 V                   ; 2.86 V              ; -0.0814 V           ; 0.36 V                               ; 0.156 V                              ; 3e-10 s                     ; 4.34e-10 s                  ; No                         ; No                         ; 2.75 V                      ; 0.000242 V                  ; 2.86 V             ; -0.0814 V          ; 0.36 V                              ; 0.156 V                             ; 3e-10 s                    ; 4.34e-10 s                 ; No                        ; No                        ;
; ReadData[17]  ; 2.5 V        ; 0 s                 ; 0 s                 ; 2.75 V                       ; 0.000242 V                   ; 2.86 V              ; -0.0814 V           ; 0.36 V                               ; 0.156 V                              ; 3e-10 s                     ; 4.34e-10 s                  ; No                         ; No                         ; 2.75 V                      ; 0.000242 V                  ; 2.86 V             ; -0.0814 V          ; 0.36 V                              ; 0.156 V                             ; 3e-10 s                    ; 4.34e-10 s                 ; No                        ; No                        ;
; ReadData[18]  ; 2.5 V        ; 0 s                 ; 0 s                 ; 2.75 V                       ; 0.000242 V                   ; 2.86 V              ; -0.0805 V           ; 0.358 V                              ; 0.156 V                              ; 3.01e-10 s                  ; 4.34e-10 s                  ; No                         ; No                         ; 2.75 V                      ; 0.000242 V                  ; 2.86 V             ; -0.0805 V          ; 0.358 V                             ; 0.156 V                             ; 3.01e-10 s                 ; 4.34e-10 s                 ; No                        ; No                        ;
; ReadData[19]  ; 2.5 V        ; 0 s                 ; 0 s                 ; 2.75 V                       ; 0.000213 V                   ; 2.79 V              ; -0.0324 V           ; 0.139 V                              ; 0.119 V                              ; 4.42e-10 s                  ; 4.33e-10 s                  ; No                         ; Yes                        ; 2.75 V                      ; 0.000213 V                  ; 2.79 V             ; -0.0324 V          ; 0.139 V                             ; 0.119 V                             ; 4.42e-10 s                 ; 4.33e-10 s                 ; No                        ; Yes                       ;
; ReadData[20]  ; 2.5 V        ; 0 s                 ; 0 s                 ; 2.75 V                       ; 0.000213 V                   ; 2.79 V              ; -0.0324 V           ; 0.139 V                              ; 0.119 V                              ; 4.42e-10 s                  ; 4.33e-10 s                  ; No                         ; Yes                        ; 2.75 V                      ; 0.000213 V                  ; 2.79 V             ; -0.0324 V          ; 0.139 V                             ; 0.119 V                             ; 4.42e-10 s                 ; 4.33e-10 s                 ; No                        ; Yes                       ;
; ReadData[21]  ; 2.5 V        ; 0 s                 ; 0 s                 ; 2.75 V                       ; 0.000242 V                   ; 2.86 V              ; -0.0814 V           ; 0.36 V                               ; 0.156 V                              ; 3e-10 s                     ; 4.34e-10 s                  ; No                         ; No                         ; 2.75 V                      ; 0.000242 V                  ; 2.86 V             ; -0.0814 V          ; 0.36 V                              ; 0.156 V                             ; 3e-10 s                    ; 4.34e-10 s                 ; No                        ; No                        ;
; ReadData[22]  ; 2.5 V        ; 0 s                 ; 0 s                 ; 2.75 V                       ; 0.000247 V                   ; 2.85 V              ; -0.0711 V           ; 0.204 V                              ; 0.181 V                              ; 4.55e-10 s                  ; 4.49e-10 s                  ; No                         ; No                         ; 2.75 V                      ; 0.000247 V                  ; 2.85 V             ; -0.0711 V          ; 0.204 V                             ; 0.181 V                             ; 4.55e-10 s                 ; 4.49e-10 s                 ; No                        ; No                        ;
; ReadData[23]  ; 2.5 V        ; 0 s                 ; 0 s                 ; 2.75 V                       ; 0.000242 V                   ; 2.86 V              ; -0.0814 V           ; 0.36 V                               ; 0.156 V                              ; 3e-10 s                     ; 4.34e-10 s                  ; No                         ; No                         ; 2.75 V                      ; 0.000242 V                  ; 2.86 V             ; -0.0814 V          ; 0.36 V                              ; 0.156 V                             ; 3e-10 s                    ; 4.34e-10 s                 ; No                        ; No                        ;
; ReadData[24]  ; 2.5 V        ; 0 s                 ; 0 s                 ; 2.75 V                       ; 0.000242 V                   ; 2.86 V              ; -0.0814 V           ; 0.36 V                               ; 0.156 V                              ; 3e-10 s                     ; 4.34e-10 s                  ; No                         ; No                         ; 2.75 V                      ; 0.000242 V                  ; 2.86 V             ; -0.0814 V          ; 0.36 V                              ; 0.156 V                             ; 3e-10 s                    ; 4.34e-10 s                 ; No                        ; No                        ;
; ReadData[25]  ; 2.5 V        ; 0 s                 ; 0 s                 ; 2.75 V                       ; 0.000242 V                   ; 2.86 V              ; -0.0805 V           ; 0.358 V                              ; 0.156 V                              ; 3.01e-10 s                  ; 4.34e-10 s                  ; No                         ; No                         ; 2.75 V                      ; 0.000242 V                  ; 2.86 V             ; -0.0805 V          ; 0.358 V                             ; 0.156 V                             ; 3.01e-10 s                 ; 4.34e-10 s                 ; No                        ; No                        ;
; ReadData[26]  ; 2.5 V        ; 0 s                 ; 0 s                 ; 2.75 V                       ; 0.000242 V                   ; 2.86 V              ; -0.0814 V           ; 0.36 V                               ; 0.156 V                              ; 3e-10 s                     ; 4.34e-10 s                  ; No                         ; No                         ; 2.75 V                      ; 0.000242 V                  ; 2.86 V             ; -0.0814 V          ; 0.36 V                              ; 0.156 V                             ; 3e-10 s                    ; 4.34e-10 s                 ; No                        ; No                        ;
; ReadData[27]  ; 2.5 V        ; 0 s                 ; 0 s                 ; 2.75 V                       ; 0.000242 V                   ; 2.86 V              ; -0.0805 V           ; 0.358 V                              ; 0.156 V                              ; 3.01e-10 s                  ; 4.34e-10 s                  ; No                         ; No                         ; 2.75 V                      ; 0.000242 V                  ; 2.86 V             ; -0.0805 V          ; 0.358 V                             ; 0.156 V                             ; 3.01e-10 s                 ; 4.34e-10 s                 ; No                        ; No                        ;
; ReadData[28]  ; 2.5 V        ; 0 s                 ; 0 s                 ; 2.75 V                       ; 0.000247 V                   ; 2.85 V              ; -0.0711 V           ; 0.204 V                              ; 0.181 V                              ; 4.55e-10 s                  ; 4.49e-10 s                  ; No                         ; No                         ; 2.75 V                      ; 0.000247 V                  ; 2.85 V             ; -0.0711 V          ; 0.204 V                             ; 0.181 V                             ; 4.55e-10 s                 ; 4.49e-10 s                 ; No                        ; No                        ;
; ReadData[29]  ; 2.5 V        ; 0 s                 ; 0 s                 ; 2.75 V                       ; 0.000213 V                   ; 2.79 V              ; -0.0324 V           ; 0.139 V                              ; 0.119 V                              ; 4.42e-10 s                  ; 4.33e-10 s                  ; No                         ; Yes                        ; 2.75 V                      ; 0.000213 V                  ; 2.79 V             ; -0.0324 V          ; 0.139 V                             ; 0.119 V                             ; 4.42e-10 s                 ; 4.33e-10 s                 ; No                        ; Yes                       ;
; ReadData[30]  ; 2.5 V        ; 0 s                 ; 0 s                 ; 2.75 V                       ; 0.000242 V                   ; 2.86 V              ; -0.0805 V           ; 0.358 V                              ; 0.156 V                              ; 3.01e-10 s                  ; 4.34e-10 s                  ; No                         ; No                         ; 2.75 V                      ; 0.000242 V                  ; 2.86 V             ; -0.0805 V          ; 0.358 V                             ; 0.156 V                             ; 3.01e-10 s                 ; 4.34e-10 s                 ; No                        ; No                        ;
; ReadData[31]  ; 2.5 V        ; 0 s                 ; 0 s                 ; 2.75 V                       ; 0.000242 V                   ; 2.86 V              ; -0.0805 V           ; 0.358 V                              ; 0.156 V                              ; 3.01e-10 s                  ; 4.34e-10 s                  ; No                         ; No                         ; 2.75 V                      ; 0.000242 V                  ; 2.86 V             ; -0.0805 V          ; 0.358 V                             ; 0.156 V                             ; 3.01e-10 s                 ; 4.34e-10 s                 ; No                        ; No                        ;
; PC[0]         ; 2.5 V        ; 0 s                 ; 0 s                 ; 2.75 V                       ; 0.000213 V                   ; 2.79 V              ; -0.0324 V           ; 0.139 V                              ; 0.119 V                              ; 4.42e-10 s                  ; 4.33e-10 s                  ; No                         ; Yes                        ; 2.75 V                      ; 0.000213 V                  ; 2.79 V             ; -0.0324 V          ; 0.139 V                             ; 0.119 V                             ; 4.42e-10 s                 ; 4.33e-10 s                 ; No                        ; Yes                       ;
; PC[1]         ; 2.5 V        ; 0 s                 ; 0 s                 ; 2.75 V                       ; 0.000242 V                   ; 2.86 V              ; -0.0805 V           ; 0.358 V                              ; 0.156 V                              ; 3.01e-10 s                  ; 4.34e-10 s                  ; No                         ; No                         ; 2.75 V                      ; 0.000242 V                  ; 2.86 V             ; -0.0805 V          ; 0.358 V                             ; 0.156 V                             ; 3.01e-10 s                 ; 4.34e-10 s                 ; No                        ; No                        ;
; PC[2]         ; 2.5 V        ; 0 s                 ; 0 s                 ; 2.75 V                       ; 0.000247 V                   ; 2.85 V              ; -0.0711 V           ; 0.204 V                              ; 0.181 V                              ; 4.55e-10 s                  ; 4.49e-10 s                  ; No                         ; No                         ; 2.75 V                      ; 0.000247 V                  ; 2.85 V             ; -0.0711 V          ; 0.204 V                             ; 0.181 V                             ; 4.55e-10 s                 ; 4.49e-10 s                 ; No                        ; No                        ;
; PC[3]         ; 2.5 V        ; 0 s                 ; 0 s                 ; 2.75 V                       ; 0.000213 V                   ; 2.79 V              ; -0.0324 V           ; 0.139 V                              ; 0.119 V                              ; 4.42e-10 s                  ; 4.33e-10 s                  ; No                         ; Yes                        ; 2.75 V                      ; 0.000213 V                  ; 2.79 V             ; -0.0324 V          ; 0.139 V                             ; 0.119 V                             ; 4.42e-10 s                 ; 4.33e-10 s                 ; No                        ; Yes                       ;
; PC[4]         ; 2.5 V        ; 0 s                 ; 0 s                 ; 2.75 V                       ; 0.000213 V                   ; 2.79 V              ; -0.0324 V           ; 0.139 V                              ; 0.119 V                              ; 4.42e-10 s                  ; 4.33e-10 s                  ; No                         ; Yes                        ; 2.75 V                      ; 0.000213 V                  ; 2.79 V             ; -0.0324 V          ; 0.139 V                             ; 0.119 V                             ; 4.42e-10 s                 ; 4.33e-10 s                 ; No                        ; Yes                       ;
; PC[5]         ; 2.5 V        ; 0 s                 ; 0 s                 ; 2.75 V                       ; 0.000242 V                   ; 2.86 V              ; -0.0805 V           ; 0.358 V                              ; 0.156 V                              ; 3.01e-10 s                  ; 4.34e-10 s                  ; No                         ; No                         ; 2.75 V                      ; 0.000242 V                  ; 2.86 V             ; -0.0805 V          ; 0.358 V                             ; 0.156 V                             ; 3.01e-10 s                 ; 4.34e-10 s                 ; No                        ; No                        ;
; PC[6]         ; 2.5 V        ; 0 s                 ; 0 s                 ; 2.75 V                       ; 0.000242 V                   ; 2.86 V              ; -0.0814 V           ; 0.36 V                               ; 0.156 V                              ; 3e-10 s                     ; 4.34e-10 s                  ; No                         ; No                         ; 2.75 V                      ; 0.000242 V                  ; 2.86 V             ; -0.0814 V          ; 0.36 V                              ; 0.156 V                             ; 3e-10 s                    ; 4.34e-10 s                 ; No                        ; No                        ;
; PC[7]         ; 2.5 V        ; 0 s                 ; 0 s                 ; 2.75 V                       ; 0.000242 V                   ; 2.86 V              ; -0.0814 V           ; 0.36 V                               ; 0.156 V                              ; 3e-10 s                     ; 4.34e-10 s                  ; No                         ; No                         ; 2.75 V                      ; 0.000242 V                  ; 2.86 V             ; -0.0814 V          ; 0.36 V                              ; 0.156 V                             ; 3e-10 s                    ; 4.34e-10 s                 ; No                        ; No                        ;
; PC[8]         ; 2.5 V        ; 0 s                 ; 0 s                 ; 2.75 V                       ; 0.000213 V                   ; 2.79 V              ; -0.0324 V           ; 0.139 V                              ; 0.119 V                              ; 4.42e-10 s                  ; 4.33e-10 s                  ; No                         ; Yes                        ; 2.75 V                      ; 0.000213 V                  ; 2.79 V             ; -0.0324 V          ; 0.139 V                             ; 0.119 V                             ; 4.42e-10 s                 ; 4.33e-10 s                 ; No                        ; Yes                       ;
; PC[9]         ; 2.5 V        ; 0 s                 ; 0 s                 ; 2.75 V                       ; 0.000213 V                   ; 2.79 V              ; -0.0324 V           ; 0.139 V                              ; 0.119 V                              ; 4.42e-10 s                  ; 4.33e-10 s                  ; No                         ; Yes                        ; 2.75 V                      ; 0.000213 V                  ; 2.79 V             ; -0.0324 V          ; 0.139 V                             ; 0.119 V                             ; 4.42e-10 s                 ; 4.33e-10 s                 ; No                        ; Yes                       ;
; PC[10]        ; 2.5 V        ; 0 s                 ; 0 s                 ; 2.75 V                       ; 0.000247 V                   ; 2.85 V              ; -0.0711 V           ; 0.204 V                              ; 0.181 V                              ; 4.55e-10 s                  ; 4.49e-10 s                  ; No                         ; No                         ; 2.75 V                      ; 0.000247 V                  ; 2.85 V             ; -0.0711 V          ; 0.204 V                             ; 0.181 V                             ; 4.55e-10 s                 ; 4.49e-10 s                 ; No                        ; No                        ;
; PC[11]        ; 2.5 V        ; 0 s                 ; 0 s                 ; 2.75 V                       ; 0.000242 V                   ; 2.86 V              ; -0.0814 V           ; 0.36 V                               ; 0.156 V                              ; 3e-10 s                     ; 4.34e-10 s                  ; No                         ; No                         ; 2.75 V                      ; 0.000242 V                  ; 2.86 V             ; -0.0814 V          ; 0.36 V                              ; 0.156 V                             ; 3e-10 s                    ; 4.34e-10 s                 ; No                        ; No                        ;
; PC[12]        ; 2.5 V        ; 0 s                 ; 0 s                 ; 2.75 V                       ; 0.000247 V                   ; 2.85 V              ; -0.0711 V           ; 0.204 V                              ; 0.181 V                              ; 4.55e-10 s                  ; 4.49e-10 s                  ; No                         ; No                         ; 2.75 V                      ; 0.000247 V                  ; 2.85 V             ; -0.0711 V          ; 0.204 V                             ; 0.181 V                             ; 4.55e-10 s                 ; 4.49e-10 s                 ; No                        ; No                        ;
; PC[13]        ; 2.5 V        ; 0 s                 ; 0 s                 ; 2.75 V                       ; 0.000247 V                   ; 2.85 V              ; -0.0711 V           ; 0.204 V                              ; 0.181 V                              ; 4.55e-10 s                  ; 4.49e-10 s                  ; No                         ; No                         ; 2.75 V                      ; 0.000247 V                  ; 2.85 V             ; -0.0711 V          ; 0.204 V                             ; 0.181 V                             ; 4.55e-10 s                 ; 4.49e-10 s                 ; No                        ; No                        ;
; PC[14]        ; 2.5 V        ; 0 s                 ; 0 s                 ; 2.75 V                       ; 0.000242 V                   ; 2.86 V              ; -0.0805 V           ; 0.358 V                              ; 0.156 V                              ; 3.01e-10 s                  ; 4.34e-10 s                  ; No                         ; No                         ; 2.75 V                      ; 0.000242 V                  ; 2.86 V             ; -0.0805 V          ; 0.358 V                             ; 0.156 V                             ; 3.01e-10 s                 ; 4.34e-10 s                 ; No                        ; No                        ;
; PC[15]        ; 2.5 V        ; 0 s                 ; 0 s                 ; 2.75 V                       ; 0.000242 V                   ; 2.86 V              ; -0.0805 V           ; 0.358 V                              ; 0.156 V                              ; 3.01e-10 s                  ; 4.34e-10 s                  ; No                         ; No                         ; 2.75 V                      ; 0.000242 V                  ; 2.86 V             ; -0.0805 V          ; 0.358 V                             ; 0.156 V                             ; 3.01e-10 s                 ; 4.34e-10 s                 ; No                        ; No                        ;
; PC[16]        ; 2.5 V        ; 0 s                 ; 0 s                 ; 2.75 V                       ; 0.000242 V                   ; 2.86 V              ; -0.0805 V           ; 0.358 V                              ; 0.156 V                              ; 3.01e-10 s                  ; 4.34e-10 s                  ; No                         ; No                         ; 2.75 V                      ; 0.000242 V                  ; 2.86 V             ; -0.0805 V          ; 0.358 V                             ; 0.156 V                             ; 3.01e-10 s                 ; 4.34e-10 s                 ; No                        ; No                        ;
; PC[17]        ; 2.5 V        ; 0 s                 ; 0 s                 ; 2.75 V                       ; 0.000247 V                   ; 2.85 V              ; -0.0711 V           ; 0.204 V                              ; 0.181 V                              ; 4.55e-10 s                  ; 4.49e-10 s                  ; No                         ; No                         ; 2.75 V                      ; 0.000247 V                  ; 2.85 V             ; -0.0711 V          ; 0.204 V                             ; 0.181 V                             ; 4.55e-10 s                 ; 4.49e-10 s                 ; No                        ; No                        ;
; PC[18]        ; 2.5 V        ; 0 s                 ; 0 s                 ; 2.75 V                       ; 0.000242 V                   ; 2.86 V              ; -0.0814 V           ; 0.36 V                               ; 0.156 V                              ; 3e-10 s                     ; 4.34e-10 s                  ; No                         ; No                         ; 2.75 V                      ; 0.000242 V                  ; 2.86 V             ; -0.0814 V          ; 0.36 V                              ; 0.156 V                             ; 3e-10 s                    ; 4.34e-10 s                 ; No                        ; No                        ;
; PC[19]        ; 2.5 V        ; 0 s                 ; 0 s                 ; 2.75 V                       ; 0.000247 V                   ; 2.85 V              ; -0.0711 V           ; 0.204 V                              ; 0.181 V                              ; 4.55e-10 s                  ; 4.49e-10 s                  ; No                         ; No                         ; 2.75 V                      ; 0.000247 V                  ; 2.85 V             ; -0.0711 V          ; 0.204 V                             ; 0.181 V                             ; 4.55e-10 s                 ; 4.49e-10 s                 ; No                        ; No                        ;
; PC[20]        ; 2.5 V        ; 0 s                 ; 0 s                 ; 2.75 V                       ; 0.000213 V                   ; 2.79 V              ; -0.0324 V           ; 0.139 V                              ; 0.119 V                              ; 4.42e-10 s                  ; 4.33e-10 s                  ; No                         ; Yes                        ; 2.75 V                      ; 0.000213 V                  ; 2.79 V             ; -0.0324 V          ; 0.139 V                             ; 0.119 V                             ; 4.42e-10 s                 ; 4.33e-10 s                 ; No                        ; Yes                       ;
; PC[21]        ; 2.5 V        ; 0 s                 ; 0 s                 ; 2.75 V                       ; 0.000242 V                   ; 2.86 V              ; -0.0805 V           ; 0.358 V                              ; 0.156 V                              ; 3.01e-10 s                  ; 4.34e-10 s                  ; No                         ; No                         ; 2.75 V                      ; 0.000242 V                  ; 2.86 V             ; -0.0805 V          ; 0.358 V                             ; 0.156 V                             ; 3.01e-10 s                 ; 4.34e-10 s                 ; No                        ; No                        ;
; PC[22]        ; 2.5 V        ; 0 s                 ; 0 s                 ; 2.75 V                       ; 0.000213 V                   ; 2.79 V              ; -0.0324 V           ; 0.139 V                              ; 0.119 V                              ; 4.42e-10 s                  ; 4.33e-10 s                  ; No                         ; Yes                        ; 2.75 V                      ; 0.000213 V                  ; 2.79 V             ; -0.0324 V          ; 0.139 V                             ; 0.119 V                             ; 4.42e-10 s                 ; 4.33e-10 s                 ; No                        ; Yes                       ;
; PC[23]        ; 2.5 V        ; 0 s                 ; 0 s                 ; 2.75 V                       ; 0.000242 V                   ; 2.86 V              ; -0.0814 V           ; 0.36 V                               ; 0.156 V                              ; 3e-10 s                     ; 4.34e-10 s                  ; No                         ; No                         ; 2.75 V                      ; 0.000242 V                  ; 2.86 V             ; -0.0814 V          ; 0.36 V                              ; 0.156 V                             ; 3e-10 s                    ; 4.34e-10 s                 ; No                        ; No                        ;
; PC[24]        ; 2.5 V        ; 0 s                 ; 0 s                 ; 2.75 V                       ; 0.000247 V                   ; 2.85 V              ; -0.0711 V           ; 0.204 V                              ; 0.181 V                              ; 4.55e-10 s                  ; 4.49e-10 s                  ; No                         ; No                         ; 2.75 V                      ; 0.000247 V                  ; 2.85 V             ; -0.0711 V          ; 0.204 V                             ; 0.181 V                             ; 4.55e-10 s                 ; 4.49e-10 s                 ; No                        ; No                        ;
; PC[25]        ; 2.5 V        ; 0 s                 ; 0 s                 ; 2.75 V                       ; 0.000242 V                   ; 2.86 V              ; -0.0814 V           ; 0.36 V                               ; 0.156 V                              ; 3e-10 s                     ; 4.34e-10 s                  ; No                         ; No                         ; 2.75 V                      ; 0.000242 V                  ; 2.86 V             ; -0.0814 V          ; 0.36 V                              ; 0.156 V                             ; 3e-10 s                    ; 4.34e-10 s                 ; No                        ; No                        ;
; PC[26]        ; 2.5 V        ; 0 s                 ; 0 s                 ; 2.75 V                       ; 0.000242 V                   ; 2.86 V              ; -0.0805 V           ; 0.358 V                              ; 0.156 V                              ; 3.01e-10 s                  ; 4.34e-10 s                  ; No                         ; No                         ; 2.75 V                      ; 0.000242 V                  ; 2.86 V             ; -0.0805 V          ; 0.358 V                             ; 0.156 V                             ; 3.01e-10 s                 ; 4.34e-10 s                 ; No                        ; No                        ;
; PC[27]        ; 2.5 V        ; 0 s                 ; 0 s                 ; 2.75 V                       ; 0.000242 V                   ; 2.86 V              ; -0.0805 V           ; 0.358 V                              ; 0.156 V                              ; 3.01e-10 s                  ; 4.34e-10 s                  ; No                         ; No                         ; 2.75 V                      ; 0.000242 V                  ; 2.86 V             ; -0.0805 V          ; 0.358 V                             ; 0.156 V                             ; 3.01e-10 s                 ; 4.34e-10 s                 ; No                        ; No                        ;
; PC[28]        ; 2.5 V        ; 0 s                 ; 0 s                 ; 2.75 V                       ; 0.000242 V                   ; 2.86 V              ; -0.0814 V           ; 0.36 V                               ; 0.156 V                              ; 3e-10 s                     ; 4.34e-10 s                  ; No                         ; No                         ; 2.75 V                      ; 0.000242 V                  ; 2.86 V             ; -0.0814 V          ; 0.36 V                              ; 0.156 V                             ; 3e-10 s                    ; 4.34e-10 s                 ; No                        ; No                        ;
; PC[29]        ; 2.5 V        ; 0 s                 ; 0 s                 ; 2.75 V                       ; 0.000247 V                   ; 2.85 V              ; -0.0711 V           ; 0.204 V                              ; 0.181 V                              ; 4.55e-10 s                  ; 4.49e-10 s                  ; No                         ; No                         ; 2.75 V                      ; 0.000247 V                  ; 2.85 V             ; -0.0711 V          ; 0.204 V                             ; 0.181 V                             ; 4.55e-10 s                 ; 4.49e-10 s                 ; No                        ; No                        ;
; PC[30]        ; 2.5 V        ; 0 s                 ; 0 s                 ; 2.75 V                       ; 0.000242 V                   ; 2.86 V              ; -0.0805 V           ; 0.358 V                              ; 0.156 V                              ; 3.01e-10 s                  ; 4.34e-10 s                  ; No                         ; No                         ; 2.75 V                      ; 0.000242 V                  ; 2.86 V             ; -0.0805 V          ; 0.358 V                             ; 0.156 V                             ; 3.01e-10 s                 ; 4.34e-10 s                 ; No                        ; No                        ;
; PC[31]        ; 2.5 V        ; 0 s                 ; 0 s                 ; 2.75 V                       ; 0.000247 V                   ; 2.85 V              ; -0.0711 V           ; 0.204 V                              ; 0.181 V                              ; 4.55e-10 s                  ; 4.49e-10 s                  ; No                         ; No                         ; 2.75 V                      ; 0.000247 V                  ; 2.85 V             ; -0.0711 V          ; 0.204 V                             ; 0.181 V                             ; 4.55e-10 s                 ; 4.49e-10 s                 ; No                        ; No                        ;
; Result[0]     ; 2.5 V        ; 0 s                 ; 0 s                 ; 2.75 V                       ; 0.000247 V                   ; 2.85 V              ; -0.0711 V           ; 0.204 V                              ; 0.181 V                              ; 4.55e-10 s                  ; 4.49e-10 s                  ; No                         ; No                         ; 2.75 V                      ; 0.000247 V                  ; 2.85 V             ; -0.0711 V          ; 0.204 V                             ; 0.181 V                             ; 4.55e-10 s                 ; 4.49e-10 s                 ; No                        ; No                        ;
; Result[1]     ; 2.5 V        ; 0 s                 ; 0 s                 ; 2.75 V                       ; 0.000242 V                   ; 2.86 V              ; -0.0805 V           ; 0.358 V                              ; 0.156 V                              ; 3.01e-10 s                  ; 4.34e-10 s                  ; No                         ; No                         ; 2.75 V                      ; 0.000242 V                  ; 2.86 V             ; -0.0805 V          ; 0.358 V                             ; 0.156 V                             ; 3.01e-10 s                 ; 4.34e-10 s                 ; No                        ; No                        ;
; Result[2]     ; 2.5 V        ; 0 s                 ; 0 s                 ; 2.75 V                       ; 0.000242 V                   ; 2.86 V              ; -0.0805 V           ; 0.358 V                              ; 0.156 V                              ; 3.01e-10 s                  ; 4.34e-10 s                  ; No                         ; No                         ; 2.75 V                      ; 0.000242 V                  ; 2.86 V             ; -0.0805 V          ; 0.358 V                             ; 0.156 V                             ; 3.01e-10 s                 ; 4.34e-10 s                 ; No                        ; No                        ;
; Result[3]     ; 2.5 V        ; 0 s                 ; 0 s                 ; 2.75 V                       ; 0.000242 V                   ; 2.86 V              ; -0.0805 V           ; 0.358 V                              ; 0.156 V                              ; 3.01e-10 s                  ; 4.34e-10 s                  ; No                         ; No                         ; 2.75 V                      ; 0.000242 V                  ; 2.86 V             ; -0.0805 V          ; 0.358 V                             ; 0.156 V                             ; 3.01e-10 s                 ; 4.34e-10 s                 ; No                        ; No                        ;
; Result[4]     ; 2.5 V        ; 0 s                 ; 0 s                 ; 2.75 V                       ; 0.000213 V                   ; 2.79 V              ; -0.0324 V           ; 0.139 V                              ; 0.119 V                              ; 4.42e-10 s                  ; 4.33e-10 s                  ; No                         ; Yes                        ; 2.75 V                      ; 0.000213 V                  ; 2.79 V             ; -0.0324 V          ; 0.139 V                             ; 0.119 V                             ; 4.42e-10 s                 ; 4.33e-10 s                 ; No                        ; Yes                       ;
; Result[5]     ; 2.5 V        ; 0 s                 ; 0 s                 ; 2.75 V                       ; 0.000213 V                   ; 2.79 V              ; -0.0324 V           ; 0.139 V                              ; 0.119 V                              ; 4.42e-10 s                  ; 4.33e-10 s                  ; No                         ; Yes                        ; 2.75 V                      ; 0.000213 V                  ; 2.79 V             ; -0.0324 V          ; 0.139 V                             ; 0.119 V                             ; 4.42e-10 s                 ; 4.33e-10 s                 ; No                        ; Yes                       ;
; Result[6]     ; 2.5 V        ; 0 s                 ; 0 s                 ; 2.75 V                       ; 0.000247 V                   ; 2.85 V              ; -0.0711 V           ; 0.204 V                              ; 0.181 V                              ; 4.55e-10 s                  ; 4.49e-10 s                  ; No                         ; No                         ; 2.75 V                      ; 0.000247 V                  ; 2.85 V             ; -0.0711 V          ; 0.204 V                             ; 0.181 V                             ; 4.55e-10 s                 ; 4.49e-10 s                 ; No                        ; No                        ;
; Result[7]     ; 2.5 V        ; 0 s                 ; 0 s                 ; 2.75 V                       ; 0.000242 V                   ; 2.86 V              ; -0.0805 V           ; 0.358 V                              ; 0.156 V                              ; 3.01e-10 s                  ; 4.34e-10 s                  ; No                         ; No                         ; 2.75 V                      ; 0.000242 V                  ; 2.86 V             ; -0.0805 V          ; 0.358 V                             ; 0.156 V                             ; 3.01e-10 s                 ; 4.34e-10 s                 ; No                        ; No                        ;
; Result[8]     ; 2.5 V        ; 0 s                 ; 0 s                 ; 2.75 V                       ; 0.000242 V                   ; 2.86 V              ; -0.0814 V           ; 0.36 V                               ; 0.156 V                              ; 3e-10 s                     ; 4.34e-10 s                  ; No                         ; No                         ; 2.75 V                      ; 0.000242 V                  ; 2.86 V             ; -0.0814 V          ; 0.36 V                              ; 0.156 V                             ; 3e-10 s                    ; 4.34e-10 s                 ; No                        ; No                        ;
; Result[9]     ; 2.5 V        ; 0 s                 ; 0 s                 ; 2.75 V                       ; 0.000213 V                   ; 2.79 V              ; -0.0324 V           ; 0.139 V                              ; 0.119 V                              ; 4.42e-10 s                  ; 4.33e-10 s                  ; No                         ; Yes                        ; 2.75 V                      ; 0.000213 V                  ; 2.79 V             ; -0.0324 V          ; 0.139 V                             ; 0.119 V                             ; 4.42e-10 s                 ; 4.33e-10 s                 ; No                        ; Yes                       ;
; Result[10]    ; 2.5 V        ; 0 s                 ; 0 s                 ; 2.75 V                       ; 0.000242 V                   ; 2.86 V              ; -0.0814 V           ; 0.36 V                               ; 0.156 V                              ; 3e-10 s                     ; 4.34e-10 s                  ; No                         ; No                         ; 2.75 V                      ; 0.000242 V                  ; 2.86 V             ; -0.0814 V          ; 0.36 V                              ; 0.156 V                             ; 3e-10 s                    ; 4.34e-10 s                 ; No                        ; No                        ;
; Result[11]    ; 2.5 V        ; 0 s                 ; 0 s                 ; 2.75 V                       ; 0.000242 V                   ; 2.86 V              ; -0.0805 V           ; 0.358 V                              ; 0.156 V                              ; 3.01e-10 s                  ; 4.34e-10 s                  ; No                         ; No                         ; 2.75 V                      ; 0.000242 V                  ; 2.86 V             ; -0.0805 V          ; 0.358 V                             ; 0.156 V                             ; 3.01e-10 s                 ; 4.34e-10 s                 ; No                        ; No                        ;
; Result[12]    ; 2.5 V        ; 0 s                 ; 0 s                 ; 2.75 V                       ; 0.000247 V                   ; 2.85 V              ; -0.0711 V           ; 0.204 V                              ; 0.181 V                              ; 4.55e-10 s                  ; 4.49e-10 s                  ; No                         ; No                         ; 2.75 V                      ; 0.000247 V                  ; 2.85 V             ; -0.0711 V          ; 0.204 V                             ; 0.181 V                             ; 4.55e-10 s                 ; 4.49e-10 s                 ; No                        ; No                        ;
; Result[13]    ; 2.5 V        ; 0 s                 ; 0 s                 ; 2.75 V                       ; 0.000213 V                   ; 2.79 V              ; -0.0324 V           ; 0.139 V                              ; 0.119 V                              ; 4.42e-10 s                  ; 4.33e-10 s                  ; No                         ; Yes                        ; 2.75 V                      ; 0.000213 V                  ; 2.79 V             ; -0.0324 V          ; 0.139 V                             ; 0.119 V                             ; 4.42e-10 s                 ; 4.33e-10 s                 ; No                        ; Yes                       ;
; Result[14]    ; 2.5 V        ; 0 s                 ; 0 s                 ; 2.75 V                       ; 0.000247 V                   ; 2.85 V              ; -0.0711 V           ; 0.204 V                              ; 0.181 V                              ; 4.55e-10 s                  ; 4.49e-10 s                  ; No                         ; No                         ; 2.75 V                      ; 0.000247 V                  ; 2.85 V             ; -0.0711 V          ; 0.204 V                             ; 0.181 V                             ; 4.55e-10 s                 ; 4.49e-10 s                 ; No                        ; No                        ;
; Result[15]    ; 2.5 V        ; 0 s                 ; 0 s                 ; 2.75 V                       ; 0.000247 V                   ; 2.85 V              ; -0.0711 V           ; 0.204 V                              ; 0.181 V                              ; 4.55e-10 s                  ; 4.49e-10 s                  ; No                         ; No                         ; 2.75 V                      ; 0.000247 V                  ; 2.85 V             ; -0.0711 V          ; 0.204 V                             ; 0.181 V                             ; 4.55e-10 s                 ; 4.49e-10 s                 ; No                        ; No                        ;
; Result[16]    ; 2.5 V        ; 0 s                 ; 0 s                 ; 2.75 V                       ; 0.000247 V                   ; 2.85 V              ; -0.0711 V           ; 0.204 V                              ; 0.181 V                              ; 4.55e-10 s                  ; 4.49e-10 s                  ; No                         ; No                         ; 2.75 V                      ; 0.000247 V                  ; 2.85 V             ; -0.0711 V          ; 0.204 V                             ; 0.181 V                             ; 4.55e-10 s                 ; 4.49e-10 s                 ; No                        ; No                        ;
; Result[17]    ; 2.5 V        ; 0 s                 ; 0 s                 ; 2.75 V                       ; 0.000242 V                   ; 2.86 V              ; -0.0805 V           ; 0.358 V                              ; 0.156 V                              ; 3.01e-10 s                  ; 4.34e-10 s                  ; No                         ; No                         ; 2.75 V                      ; 0.000242 V                  ; 2.86 V             ; -0.0805 V          ; 0.358 V                             ; 0.156 V                             ; 3.01e-10 s                 ; 4.34e-10 s                 ; No                        ; No                        ;
; Result[18]    ; 2.5 V        ; 0 s                 ; 0 s                 ; 2.75 V                       ; 0.000242 V                   ; 2.86 V              ; -0.0814 V           ; 0.36 V                               ; 0.156 V                              ; 3e-10 s                     ; 4.34e-10 s                  ; No                         ; No                         ; 2.75 V                      ; 0.000242 V                  ; 2.86 V             ; -0.0814 V          ; 0.36 V                              ; 0.156 V                             ; 3e-10 s                    ; 4.34e-10 s                 ; No                        ; No                        ;
; Result[19]    ; 2.5 V        ; 0 s                 ; 0 s                 ; 2.75 V                       ; 0.000213 V                   ; 2.79 V              ; -0.0324 V           ; 0.139 V                              ; 0.119 V                              ; 4.42e-10 s                  ; 4.33e-10 s                  ; No                         ; Yes                        ; 2.75 V                      ; 0.000213 V                  ; 2.79 V             ; -0.0324 V          ; 0.139 V                             ; 0.119 V                             ; 4.42e-10 s                 ; 4.33e-10 s                 ; No                        ; Yes                       ;
; Result[20]    ; 2.5 V        ; 0 s                 ; 0 s                 ; 2.75 V                       ; 0.000242 V                   ; 2.86 V              ; -0.0814 V           ; 0.36 V                               ; 0.156 V                              ; 3e-10 s                     ; 4.34e-10 s                  ; No                         ; No                         ; 2.75 V                      ; 0.000242 V                  ; 2.86 V             ; -0.0814 V          ; 0.36 V                              ; 0.156 V                             ; 3e-10 s                    ; 4.34e-10 s                 ; No                        ; No                        ;
; Result[21]    ; 2.5 V        ; 0 s                 ; 0 s                 ; 2.75 V                       ; 0.000242 V                   ; 2.86 V              ; -0.0805 V           ; 0.358 V                              ; 0.156 V                              ; 3.01e-10 s                  ; 4.34e-10 s                  ; No                         ; No                         ; 2.75 V                      ; 0.000242 V                  ; 2.86 V             ; -0.0805 V          ; 0.358 V                             ; 0.156 V                             ; 3.01e-10 s                 ; 4.34e-10 s                 ; No                        ; No                        ;
; Result[22]    ; 2.5 V        ; 0 s                 ; 0 s                 ; 2.75 V                       ; 0.000242 V                   ; 2.86 V              ; -0.0814 V           ; 0.36 V                               ; 0.156 V                              ; 3e-10 s                     ; 4.34e-10 s                  ; No                         ; No                         ; 2.75 V                      ; 0.000242 V                  ; 2.86 V             ; -0.0814 V          ; 0.36 V                              ; 0.156 V                             ; 3e-10 s                    ; 4.34e-10 s                 ; No                        ; No                        ;
; Result[23]    ; 2.5 V        ; 0 s                 ; 0 s                 ; 2.75 V                       ; 0.000242 V                   ; 2.86 V              ; -0.0814 V           ; 0.36 V                               ; 0.156 V                              ; 3e-10 s                     ; 4.34e-10 s                  ; No                         ; No                         ; 2.75 V                      ; 0.000242 V                  ; 2.86 V             ; -0.0814 V          ; 0.36 V                              ; 0.156 V                             ; 3e-10 s                    ; 4.34e-10 s                 ; No                        ; No                        ;
; Result[24]    ; 2.5 V        ; 0 s                 ; 0 s                 ; 2.75 V                       ; 0.000213 V                   ; 2.79 V              ; -0.0324 V           ; 0.139 V                              ; 0.119 V                              ; 4.42e-10 s                  ; 4.33e-10 s                  ; No                         ; Yes                        ; 2.75 V                      ; 0.000213 V                  ; 2.79 V             ; -0.0324 V          ; 0.139 V                             ; 0.119 V                             ; 4.42e-10 s                 ; 4.33e-10 s                 ; No                        ; Yes                       ;
; Result[25]    ; 2.5 V        ; 0 s                 ; 0 s                 ; 2.75 V                       ; 0.000242 V                   ; 2.86 V              ; -0.0805 V           ; 0.358 V                              ; 0.156 V                              ; 3.01e-10 s                  ; 4.34e-10 s                  ; No                         ; No                         ; 2.75 V                      ; 0.000242 V                  ; 2.86 V             ; -0.0805 V          ; 0.358 V                             ; 0.156 V                             ; 3.01e-10 s                 ; 4.34e-10 s                 ; No                        ; No                        ;
; Result[26]    ; 2.5 V        ; 0 s                 ; 0 s                 ; 2.75 V                       ; 0.000247 V                   ; 2.85 V              ; -0.0711 V           ; 0.204 V                              ; 0.181 V                              ; 4.55e-10 s                  ; 4.49e-10 s                  ; No                         ; No                         ; 2.75 V                      ; 0.000247 V                  ; 2.85 V             ; -0.0711 V          ; 0.204 V                             ; 0.181 V                             ; 4.55e-10 s                 ; 4.49e-10 s                 ; No                        ; No                        ;
; Result[27]    ; 2.5 V        ; 0 s                 ; 0 s                 ; 2.75 V                       ; 0.000242 V                   ; 2.86 V              ; -0.0805 V           ; 0.358 V                              ; 0.156 V                              ; 3.01e-10 s                  ; 4.34e-10 s                  ; No                         ; No                         ; 2.75 V                      ; 0.000242 V                  ; 2.86 V             ; -0.0805 V          ; 0.358 V                             ; 0.156 V                             ; 3.01e-10 s                 ; 4.34e-10 s                 ; No                        ; No                        ;
; Result[28]    ; 2.5 V        ; 0 s                 ; 0 s                 ; 2.75 V                       ; 0.000213 V                   ; 2.79 V              ; -0.0324 V           ; 0.139 V                              ; 0.119 V                              ; 4.42e-10 s                  ; 4.33e-10 s                  ; No                         ; Yes                        ; 2.75 V                      ; 0.000213 V                  ; 2.79 V             ; -0.0324 V          ; 0.139 V                             ; 0.119 V                             ; 4.42e-10 s                 ; 4.33e-10 s                 ; No                        ; Yes                       ;
; Result[29]    ; 2.5 V        ; 0 s                 ; 0 s                 ; 2.75 V                       ; 0.000242 V                   ; 2.86 V              ; -0.0814 V           ; 0.36 V                               ; 0.156 V                              ; 3e-10 s                     ; 4.34e-10 s                  ; No                         ; No                         ; 2.75 V                      ; 0.000242 V                  ; 2.86 V             ; -0.0814 V          ; 0.36 V                              ; 0.156 V                             ; 3e-10 s                    ; 4.34e-10 s                 ; No                        ; No                        ;
; Result[30]    ; 2.5 V        ; 0 s                 ; 0 s                 ; 2.75 V                       ; 0.000242 V                   ; 2.86 V              ; -0.0814 V           ; 0.36 V                               ; 0.156 V                              ; 3e-10 s                     ; 4.34e-10 s                  ; No                         ; No                         ; 2.75 V                      ; 0.000242 V                  ; 2.86 V             ; -0.0814 V          ; 0.36 V                              ; 0.156 V                             ; 3e-10 s                    ; 4.34e-10 s                 ; No                        ; No                        ;
; Result[31]    ; 2.5 V        ; 0 s                 ; 0 s                 ; 2.75 V                       ; 0.000242 V                   ; 2.86 V              ; -0.0814 V           ; 0.36 V                               ; 0.156 V                              ; 3e-10 s                     ; 4.34e-10 s                  ; No                         ; No                         ; 2.75 V                      ; 0.000242 V                  ; 2.86 V             ; -0.0814 V          ; 0.36 V                              ; 0.156 V                             ; 3e-10 s                    ; 4.34e-10 s                 ; No                        ; No                        ;
+---------------+--------------+---------------------+---------------------+------------------------------+------------------------------+---------------------+---------------------+--------------------------------------+--------------------------------------+-----------------------------+-----------------------------+----------------------------+----------------------------+-----------------------------+-----------------------------+--------------------+--------------------+-------------------------------------+-------------------------------------+----------------------------+----------------------------+---------------------------+---------------------------+


+-----------------------------------------------------------------------+
; Setup Transfers                                                       ;
+------------+----------+--------------+----------+----------+----------+
; From Clock ; To Clock ; RR Paths     ; FR Paths ; RF Paths ; FF Paths ;
+------------+----------+--------------+----------+----------+----------+
; clk        ; clk      ; > 2147483647 ; 0        ; 0        ; 0        ;
+------------+----------+--------------+----------+----------+----------+
Entries labeled "false path" only account for clock-to-clock false paths and not path-based false paths. As a result, actual path counts may be lower than reported.


+-----------------------------------------------------------------------+
; Hold Transfers                                                        ;
+------------+----------+--------------+----------+----------+----------+
; From Clock ; To Clock ; RR Paths     ; FR Paths ; RF Paths ; FF Paths ;
+------------+----------+--------------+----------+----------+----------+
; clk        ; clk      ; > 2147483647 ; 0        ; 0        ; 0        ;
+------------+----------+--------------+----------+----------+----------+
Entries labeled "false path" only account for clock-to-clock false paths and not path-based false paths. As a result, actual path counts may be lower than reported.


---------------
; Report TCCS ;
---------------
No dedicated SERDES Transmitter circuitry present in device or used in design


---------------
; Report RSKM ;
---------------
No non-DPA dedicated SERDES Receiver circuitry present in device or used in design


+---------------------------------------------------+
; Unconstrained Paths Summary                       ;
+---------------------------------+--------+--------+
; Property                        ; Setup  ; Hold   ;
+---------------------------------+--------+--------+
; Illegal Clocks                  ; 0      ; 0      ;
; Unconstrained Clocks            ; 0      ; 0      ;
; Unconstrained Input Ports       ; 66     ; 66     ;
; Unconstrained Input Port Paths  ; 26255  ; 26255  ;
; Unconstrained Output Ports      ; 161    ; 161    ;
; Unconstrained Output Port Paths ; 109130 ; 109130 ;
+---------------------------------+--------+--------+


+-------------------------------------+
; Clock Status Summary                ;
+--------+-------+------+-------------+
; Target ; Clock ; Type ; Status      ;
+--------+-------+------+-------------+
; clk    ; clk   ; Base ; Constrained ;
+--------+-------+------+-------------+


+----------------------------------------------------------------------------------------------------------+
; Unconstrained Input Ports                                                                                ;
+-------------------+--------------------------------------------------------------------------------------+
; Input Port        ; Comment                                                                              ;
+-------------------+--------------------------------------------------------------------------------------+
; Ext_DataAdr[0]    ; No input delay, min/max delays, false-path exceptions, or max skew assignments found ;
; Ext_DataAdr[1]    ; No input delay, min/max delays, false-path exceptions, or max skew assignments found ;
; Ext_DataAdr[2]    ; No input delay, min/max delays, false-path exceptions, or max skew assignments found ;
; Ext_DataAdr[3]    ; No input delay, min/max delays, false-path exceptions, or max skew assignments found ;
; Ext_DataAdr[4]    ; No input delay, min/max delays, false-path exceptions, or max skew assignments found ;
; Ext_DataAdr[5]    ; No input delay, min/max delays, false-path exceptions, or max skew assignments found ;
; Ext_DataAdr[6]    ; No input delay, min/max delays, false-path exceptions, or max skew assignments found ;
; Ext_DataAdr[7]    ; No input delay, min/max delays, false-path exceptions, or max skew assignments found ;
; Ext_DataAdr[8]    ; No input delay, min/max delays, false-path exceptions, or max skew assignments found ;
; Ext_DataAdr[9]    ; No input delay, min/max delays, false-path exceptions, or max skew assignments found ;
; Ext_DataAdr[10]   ; No input delay, min/max delays, false-path exceptions, or max skew assignments found ;
; Ext_DataAdr[11]   ; No input delay, min/max delays, false-path exceptions, or max skew assignments found ;
; Ext_DataAdr[12]   ; No input delay, min/max delays, false-path exceptions, or max skew assignments found ;
; Ext_DataAdr[13]   ; No input delay, min/max delays, false-path exceptions, or max skew assignments found ;
; Ext_DataAdr[14]   ; No input delay, min/max delays, false-path exceptions, or max skew assignments found ;
; Ext_DataAdr[15]   ; No input delay, min/max delays, false-path exceptions, or max skew assignments found ;
; Ext_DataAdr[16]   ; No input delay, min/max delays, false-path exceptions, or max skew assignments found ;
; Ext_DataAdr[17]   ; No input delay, min/max delays, false-path exceptions, or max skew assignments found ;
; Ext_DataAdr[18]   ; No input delay, min/max delays, false-path exceptions, or max skew assignments found ;
; Ext_DataAdr[19]   ; No input delay, min/max delays, false-path exceptions, or max skew assignments found ;
; Ext_DataAdr[20]   ; No input delay, min/max delays, false-path exceptions, or max skew assignments found ;
; Ext_DataAdr[21]   ; No input delay, min/max delays, false-path exceptions, or max skew assignments found ;
; Ext_DataAdr[22]   ; No input delay, min/max delays, false-path exceptions, or max skew assignments found ;
; Ext_DataAdr[23]   ; No input delay, min/max delays, false-path exceptions, or max skew assignments found ;
; Ext_DataAdr[24]   ; No input delay, min/max delays, false-path exceptions, or max skew assignments found ;
; Ext_DataAdr[25]   ; No input delay, min/max delays, false-path exceptions, or max skew assignments found ;
; Ext_DataAdr[26]   ; No input delay, min/max delays, false-path exceptions, or max skew assignments found ;
; Ext_DataAdr[27]   ; No input delay, min/max delays, false-path exceptions, or max skew assignments found ;
; Ext_DataAdr[28]   ; No input delay, min/max delays, false-path exceptions, or max skew assignments found ;
; Ext_DataAdr[29]   ; No input delay, min/max delays, false-path exceptions, or max skew assignments found ;
; Ext_DataAdr[30]   ; No input delay, min/max delays, false-path exceptions, or max skew assignments found ;
; Ext_DataAdr[31]   ; No input delay, min/max delays, false-path exceptions, or max skew assignments found ;
; Ext_MemWrite      ; No input delay, min/max delays, false-path exceptions, or max skew assignments found ;
; Ext_WriteData[0]  ; No input delay, min/max delays, false-path exceptions, or max skew assignments found ;
; Ext_WriteData[1]  ; No input delay, min/max delays, false-path exceptions, or max skew assignments found ;
; Ext_WriteData[2]  ; No input delay, min/max delays, false-path exceptions, or max skew assignments found ;
; Ext_WriteData[3]  ; No input delay, min/max delays, false-path exceptions, or max skew assignments found ;
; Ext_WriteData[4]  ; No input delay, min/max delays, false-path exceptions, or max skew assignments found ;
; Ext_WriteData[5]  ; No input delay, min/max delays, false-path exceptions, or max skew assignments found ;
; Ext_WriteData[6]  ; No input delay, min/max delays, false-path exceptions, or max skew assignments found ;
; Ext_WriteData[7]  ; No input delay, min/max delays, false-path exceptions, or max skew assignments found ;
; Ext_WriteData[8]  ; No input delay, min/max delays, false-path exceptions, or max skew assignments found ;
; Ext_WriteData[9]  ; No input delay, min/max delays, false-path exceptions, or max skew assignments found ;
; Ext_WriteData[10] ; No input delay, min/max delays, false-path exceptions, or max skew assignments found ;
; Ext_WriteData[11] ; No input delay, min/max delays, false-path exceptions, or max skew assignments found ;
; Ext_WriteData[12] ; No input delay, min/max delays, false-path exceptions, or max skew assignments found ;
; Ext_WriteData[13] ; No input delay, min/max delays, false-path exceptions, or max skew assignments found ;
; Ext_WriteData[14] ; No input delay, min/max delays, false-path exceptions, or max skew assignments found ;
; Ext_WriteData[15] ; No input delay, min/max delays, false-path exceptions, or max skew assignments found ;
; Ext_WriteData[16] ; No input delay, min/max delays, false-path exceptions, or max skew assignments found ;
; Ext_WriteData[17] ; No input delay, min/max delays, false-path exceptions, or max skew assignments found ;
; Ext_WriteData[18] ; No input delay, min/max delays, false-path exceptions, or max skew assignments found ;
; Ext_WriteData[19] ; No input delay, min/max delays, false-path exceptions, or max skew assignments found ;
; Ext_WriteData[20] ; No input delay, min/max delays, false-path exceptions, or max skew assignments found ;
; Ext_WriteData[21] ; No input delay, min/max delays, false-path exceptions, or max skew assignments found ;
; Ext_WriteData[22] ; No input delay, min/max delays, false-path exceptions, or max skew assignments found ;
; Ext_WriteData[23] ; No input delay, min/max delays, false-path exceptions, or max skew assignments found ;
; Ext_WriteData[24] ; No input delay, min/max delays, false-path exceptions, or max skew assignments found ;
; Ext_WriteData[25] ; No input delay, min/max delays, false-path exceptions, or max skew assignments found ;
; Ext_WriteData[26] ; No input delay, min/max delays, false-path exceptions, or max skew assignments found ;
; Ext_WriteData[27] ; No input delay, min/max delays, false-path exceptions, or max skew assignments found ;
; Ext_WriteData[28] ; No input delay, min/max delays, false-path exceptions, or max skew assignments found ;
; Ext_WriteData[29] ; No input delay, min/max delays, false-path exceptions, or max skew assignments found ;
; Ext_WriteData[30] ; No input delay, min/max delays, false-path exceptions, or max skew assignments found ;
; Ext_WriteData[31] ; No input delay, min/max delays, false-path exceptions, or max skew assignments found ;
; reset             ; No input delay, min/max delays, false-path exceptions, or max skew assignments found ;
+-------------------+--------------------------------------------------------------------------------------+


+-------------------------------------------------------------------------------------------------------+
; Unconstrained Output Ports                                                                            ;
+---------------+---------------------------------------------------------------------------------------+
; Output Port   ; Comment                                                                               ;
+---------------+---------------------------------------------------------------------------------------+
; DataAdr[0]    ; No output delay, min/max delays, false-path exceptions, or max skew assignments found ;
; DataAdr[1]    ; No output delay, min/max delays, false-path exceptions, or max skew assignments found ;
; DataAdr[2]    ; No output delay, min/max delays, false-path exceptions, or max skew assignments found ;
; DataAdr[3]    ; No output delay, min/max delays, false-path exceptions, or max skew assignments found ;
; DataAdr[4]    ; No output delay, min/max delays, false-path exceptions, or max skew assignments found ;
; DataAdr[5]    ; No output delay, min/max delays, false-path exceptions, or max skew assignments found ;
; DataAdr[6]    ; No output delay, min/max delays, false-path exceptions, or max skew assignments found ;
; DataAdr[7]    ; No output delay, min/max delays, false-path exceptions, or max skew assignments found ;
; DataAdr[8]    ; No output delay, min/max delays, false-path exceptions, or max skew assignments found ;
; DataAdr[9]    ; No output delay, min/max delays, false-path exceptions, or max skew assignments found ;
; DataAdr[10]   ; No output delay, min/max delays, false-path exceptions, or max skew assignments found ;
; DataAdr[11]   ; No output delay, min/max delays, false-path exceptions, or max skew assignments found ;
; DataAdr[12]   ; No output delay, min/max delays, false-path exceptions, or max skew assignments found ;
; DataAdr[13]   ; No output delay, min/max delays, false-path exceptions, or max skew assignments found ;
; DataAdr[14]   ; No output delay, min/max delays, false-path exceptions, or max skew assignments found ;
; DataAdr[15]   ; No output delay, min/max delays, false-path exceptions, or max skew assignments found ;
; DataAdr[16]   ; No output delay, min/max delays, false-path exceptions, or max skew assignments found ;
; DataAdr[17]   ; No output delay, min/max delays, false-path exceptions, or max skew assignments found ;
; DataAdr[18]   ; No output delay, min/max delays, false-path exceptions, or max skew assignments found ;
; DataAdr[19]   ; No output delay, min/max delays, false-path exceptions, or max skew assignments found ;
; DataAdr[20]   ; No output delay, min/max delays, false-path exceptions, or max skew assignments found ;
; DataAdr[21]   ; No output delay, min/max delays, false-path exceptions, or max skew assignments found ;
; DataAdr[22]   ; No output delay, min/max delays, false-path exceptions, or max skew assignments found ;
; DataAdr[23]   ; No output delay, min/max delays, false-path exceptions, or max skew assignments found ;
; DataAdr[24]   ; No output delay, min/max delays, false-path exceptions, or max skew assignments found ;
; DataAdr[25]   ; No output delay, min/max delays, false-path exceptions, or max skew assignments found ;
; DataAdr[26]   ; No output delay, min/max delays, false-path exceptions, or max skew assignments found ;
; DataAdr[27]   ; No output delay, min/max delays, false-path exceptions, or max skew assignments found ;
; DataAdr[28]   ; No output delay, min/max delays, false-path exceptions, or max skew assignments found ;
; DataAdr[29]   ; No output delay, min/max delays, false-path exceptions, or max skew assignments found ;
; DataAdr[30]   ; No output delay, min/max delays, false-path exceptions, or max skew assignments found ;
; DataAdr[31]   ; No output delay, min/max delays, false-path exceptions, or max skew assignments found ;
; MemWrite      ; No output delay, min/max delays, false-path exceptions, or max skew assignments found ;
; PC[0]         ; No output delay, min/max delays, false-path exceptions, or max skew assignments found ;
; PC[1]         ; No output delay, min/max delays, false-path exceptions, or max skew assignments found ;
; PC[2]         ; No output delay, min/max delays, false-path exceptions, or max skew assignments found ;
; PC[3]         ; No output delay, min/max delays, false-path exceptions, or max skew assignments found ;
; PC[4]         ; No output delay, min/max delays, false-path exceptions, or max skew assignments found ;
; PC[5]         ; No output delay, min/max delays, false-path exceptions, or max skew assignments found ;
; PC[6]         ; No output delay, min/max delays, false-path exceptions, or max skew assignments found ;
; PC[7]         ; No output delay, min/max delays, false-path exceptions, or max skew assignments found ;
; PC[8]         ; No output delay, min/max delays, false-path exceptions, or max skew assignments found ;
; PC[9]         ; No output delay, min/max delays, false-path exceptions, or max skew assignments found ;
; PC[10]        ; No output delay, min/max delays, false-path exceptions, or max skew assignments found ;
; PC[11]        ; No output delay, min/max delays, false-path exceptions, or max skew assignments found ;
; PC[12]        ; No output delay, min/max delays, false-path exceptions, or max skew assignments found ;
; PC[13]        ; No output delay, min/max delays, false-path exceptions, or max skew assignments found ;
; PC[14]        ; No output delay, min/max delays, false-path exceptions, or max skew assignments found ;
; PC[15]        ; No output delay, min/max delays, false-path exceptions, or max skew assignments found ;
; PC[16]        ; No output delay, min/max delays, false-path exceptions, or max skew assignments found ;
; PC[17]        ; No output delay, min/max delays, false-path exceptions, or max skew assignments found ;
; PC[18]        ; No output delay, min/max delays, false-path exceptions, or max skew assignments found ;
; PC[19]        ; No output delay, min/max delays, false-path exceptions, or max skew assignments found ;
; PC[20]        ; No output delay, min/max delays, false-path exceptions, or max skew assignments found ;
; PC[21]        ; No output delay, min/max delays, false-path exceptions, or max skew assignments found ;
; PC[22]        ; No output delay, min/max delays, false-path exceptions, or max skew assignments found ;
; PC[23]        ; No output delay, min/max delays, false-path exceptions, or max skew assignments found ;
; PC[24]        ; No output delay, min/max delays, false-path exceptions, or max skew assignments found ;
; PC[25]        ; No output delay, min/max delays, false-path exceptions, or max skew assignments found ;
; PC[26]        ; No output delay, min/max delays, false-path exceptions, or max skew assignments found ;
; PC[27]        ; No output delay, min/max delays, false-path exceptions, or max skew assignments found ;
; PC[28]        ; No output delay, min/max delays, false-path exceptions, or max skew assignments found ;
; PC[29]        ; No output delay, min/max delays, false-path exceptions, or max skew assignments found ;
; PC[30]        ; No output delay, min/max delays, false-path exceptions, or max skew assignments found ;
; PC[31]        ; No output delay, min/max delays, false-path exceptions, or max skew assignments found ;
; ReadData[0]   ; No output delay, min/max delays, false-path exceptions, or max skew assignments found ;
; ReadData[1]   ; No output delay, min/max delays, false-path exceptions, or max skew assignments found ;
; ReadData[2]   ; No output delay, min/max delays, false-path exceptions, or max skew assignments found ;
; ReadData[3]   ; No output delay, min/max delays, false-path exceptions, or max skew assignments found ;
; ReadData[4]   ; No output delay, min/max delays, false-path exceptions, or max skew assignments found ;
; ReadData[5]   ; No output delay, min/max delays, false-path exceptions, or max skew assignments found ;
; ReadData[6]   ; No output delay, min/max delays, false-path exceptions, or max skew assignments found ;
; ReadData[7]   ; No output delay, min/max delays, false-path exceptions, or max skew assignments found ;
; ReadData[8]   ; No output delay, min/max delays, false-path exceptions, or max skew assignments found ;
; ReadData[9]   ; No output delay, min/max delays, false-path exceptions, or max skew assignments found ;
; ReadData[10]  ; No output delay, min/max delays, false-path exceptions, or max skew assignments found ;
; ReadData[11]  ; No output delay, min/max delays, false-path exceptions, or max skew assignments found ;
; ReadData[12]  ; No output delay, min/max delays, false-path exceptions, or max skew assignments found ;
; ReadData[13]  ; No output delay, min/max delays, false-path exceptions, or max skew assignments found ;
; ReadData[14]  ; No output delay, min/max delays, false-path exceptions, or max skew assignments found ;
; ReadData[15]  ; No output delay, min/max delays, false-path exceptions, or max skew assignments found ;
; ReadData[16]  ; No output delay, min/max delays, false-path exceptions, or max skew assignments found ;
; ReadData[17]  ; No output delay, min/max delays, false-path exceptions, or max skew assignments found ;
; ReadData[18]  ; No output delay, min/max delays, false-path exceptions, or max skew assignments found ;
; ReadData[19]  ; No output delay, min/max delays, false-path exceptions, or max skew assignments found ;
; ReadData[20]  ; No output delay, min/max delays, false-path exceptions, or max skew assignments found ;
; ReadData[21]  ; No output delay, min/max delays, false-path exceptions, or max skew assignments found ;
; ReadData[22]  ; No output delay, min/max delays, false-path exceptions, or max skew assignments found ;
; ReadData[23]  ; No output delay, min/max delays, false-path exceptions, or max skew assignments found ;
; ReadData[24]  ; No output delay, min/max delays, false-path exceptions, or max skew assignments found ;
; ReadData[25]  ; No output delay, min/max delays, false-path exceptions, or max skew assignments found ;
; ReadData[26]  ; No output delay, min/max delays, false-path exceptions, or max skew assignments found ;
; ReadData[27]  ; No output delay, min/max delays, false-path exceptions, or max skew assignments found ;
; ReadData[28]  ; No output delay, min/max delays, false-path exceptions, or max skew assignments found ;
; ReadData[29]  ; No output delay, min/max delays, false-path exceptions, or max skew assignments found ;
; ReadData[30]  ; No output delay, min/max delays, false-path exceptions, or max skew assignments found ;
; ReadData[31]  ; No output delay, min/max delays, false-path exceptions, or max skew assignments found ;
; Result[0]     ; No output delay, min/max delays, false-path exceptions, or max skew assignments found ;
; Result[1]     ; No output delay, min/max delays, false-path exceptions, or max skew assignments found ;
; Result[2]     ; No output delay, min/max delays, false-path exceptions, or max skew assignments found ;
; Result[3]     ; No output delay, min/max delays, false-path exceptions, or max skew assignments found ;
; Result[4]     ; No output delay, min/max delays, false-path exceptions, or max skew assignments found ;
; Result[5]     ; No output delay, min/max delays, false-path exceptions, or max skew assignments found ;
; Result[6]     ; No output delay, min/max delays, false-path exceptions, or max skew assignments found ;
; Result[7]     ; No output delay, min/max delays, false-path exceptions, or max skew assignments found ;
; Result[8]     ; No output delay, min/max delays, false-path exceptions, or max skew assignments found ;
; Result[9]     ; No output delay, min/max delays, false-path exceptions, or max skew assignments found ;
; Result[10]    ; No output delay, min/max delays, false-path exceptions, or max skew assignments found ;
; Result[11]    ; No output delay, min/max delays, false-path exceptions, or max skew assignments found ;
; Result[12]    ; No output delay, min/max delays, false-path exceptions, or max skew assignments found ;
; Result[13]    ; No output delay, min/max delays, false-path exceptions, or max skew assignments found ;
; Result[14]    ; No output delay, min/max delays, false-path exceptions, or max skew assignments found ;
; Result[15]    ; No output delay, min/max delays, false-path exceptions, or max skew assignments found ;
; Result[16]    ; No output delay, min/max delays, false-path exceptions, or max skew assignments found ;
; Result[17]    ; No output delay, min/max delays, false-path exceptions, or max skew assignments found ;
; Result[18]    ; No output delay, min/max delays, false-path exceptions, or max skew assignments found ;
; Result[19]    ; No output delay, min/max delays, false-path exceptions, or max skew assignments found ;
; Result[20]    ; No output delay, min/max delays, false-path exceptions, or max skew assignments found ;
; Result[21]    ; No output delay, min/max delays, false-path exceptions, or max skew assignments found ;
; Result[22]    ; No output delay, min/max delays, false-path exceptions, or max skew assignments found ;
; Result[23]    ; No output delay, min/max delays, false-path exceptions, or max skew assignments found ;
; Result[24]    ; No output delay, min/max delays, false-path exceptions, or max skew assignments found ;
; Result[25]    ; No output delay, min/max delays, false-path exceptions, or max skew assignments found ;
; Result[26]    ; No output delay, min/max delays, false-path exceptions, or max skew assignments found ;
; Result[27]    ; No output delay, min/max delays, false-path exceptions, or max skew assignments found ;
; Result[28]    ; No output delay, min/max delays, false-path exceptions, or max skew assignments found ;
; Result[29]    ; No output delay, min/max delays, false-path exceptions, or max skew assignments found ;
; Result[30]    ; No output delay, min/max delays, false-path exceptions, or max skew assignments found ;
; Result[31]    ; No output delay, min/max delays, false-path exceptions, or max skew assignments found ;
; WriteData[0]  ; No output delay, min/max delays, false-path exceptions, or max skew assignments found ;
; WriteData[1]  ; No output delay, min/max delays, false-path exceptions, or max skew assignments found ;
; WriteData[2]  ; No output delay, min/max delays, false-path exceptions, or max skew assignments found ;
; WriteData[3]  ; No output delay, min/max delays, false-path exceptions, or max skew assignments found ;
; WriteData[4]  ; No output delay, min/max delays, false-path exceptions, or max skew assignments found ;
; WriteData[5]  ; No output delay, min/max delays, false-path exceptions, or max skew assignments found ;
; WriteData[6]  ; No output delay, min/max delays, false-path exceptions, or max skew assignments found ;
; WriteData[7]  ; No output delay, min/max delays, false-path exceptions, or max skew assignments found ;
; WriteData[8]  ; No output delay, min/max delays, false-path exceptions, or max skew assignments found ;
; WriteData[9]  ; No output delay, min/max delays, false-path exceptions, or max skew assignments found ;
; WriteData[10] ; No output delay, min/max delays, false-path exceptions, or max skew assignments found ;
; WriteData[11] ; No output delay, min/max delays, false-path exceptions, or max skew assignments found ;
; WriteData[12] ; No output delay, min/max delays, false-path exceptions, or max skew assignments found ;
; WriteData[13] ; No output delay, min/max delays, false-path exceptions, or max skew assignments found ;
; WriteData[14] ; No output delay, min/max delays, false-path exceptions, or max skew assignments found ;
; WriteData[15] ; No output delay, min/max delays, false-path exceptions, or max skew assignments found ;
; WriteData[16] ; No output delay, min/max delays, false-path exceptions, or max skew assignments found ;
; WriteData[17] ; No output delay, min/max delays, false-path exceptions, or max skew assignments found ;
; WriteData[18] ; No output delay, min/max delays, false-path exceptions, or max skew assignments found ;
; WriteData[19] ; No output delay, min/max delays, false-path exceptions, or max skew assignments found ;
; WriteData[20] ; No output delay, min/max delays, false-path exceptions, or max skew assignments found ;
; WriteData[21] ; No output delay, min/max delays, false-path exceptions, or max skew assignments found ;
; WriteData[22] ; No output delay, min/max delays, false-path exceptions, or max skew assignments found ;
; WriteData[23] ; No output delay, min/max delays, false-path exceptions, or max skew assignments found ;
; WriteData[24] ; No output delay, min/max delays, false-path exceptions, or max skew assignments found ;
; WriteData[25] ; No output delay, min/max delays, false-path exceptions, or max skew assignments found ;
; WriteData[26] ; No output delay, min/max delays, false-path exceptions, or max skew assignments found ;
; WriteData[27] ; No output delay, min/max delays, false-path exceptions, or max skew assignments found ;
; WriteData[28] ; No output delay, min/max delays, false-path exceptions, or max skew assignments found ;
; WriteData[29] ; No output delay, min/max delays, false-path exceptions, or max skew assignments found ;
; WriteData[30] ; No output delay, min/max delays, false-path exceptions, or max skew assignments found ;
; WriteData[31] ; No output delay, min/max delays, false-path exceptions, or max skew assignments found ;
+---------------+---------------------------------------------------------------------------------------+


+----------------------------------------------------------------------------------------------------------+
; Unconstrained Input Ports                                                                                ;
+-------------------+--------------------------------------------------------------------------------------+
; Input Port        ; Comment                                                                              ;
+-------------------+--------------------------------------------------------------------------------------+
; Ext_DataAdr[0]    ; No input delay, min/max delays, false-path exceptions, or max skew assignments found ;
; Ext_DataAdr[1]    ; No input delay, min/max delays, false-path exceptions, or max skew assignments found ;
; Ext_DataAdr[2]    ; No input delay, min/max delays, false-path exceptions, or max skew assignments found ;
; Ext_DataAdr[3]    ; No input delay, min/max delays, false-path exceptions, or max skew assignments found ;
; Ext_DataAdr[4]    ; No input delay, min/max delays, false-path exceptions, or max skew assignments found ;
; Ext_DataAdr[5]    ; No input delay, min/max delays, false-path exceptions, or max skew assignments found ;
; Ext_DataAdr[6]    ; No input delay, min/max delays, false-path exceptions, or max skew assignments found ;
; Ext_DataAdr[7]    ; No input delay, min/max delays, false-path exceptions, or max skew assignments found ;
; Ext_DataAdr[8]    ; No input delay, min/max delays, false-path exceptions, or max skew assignments found ;
; Ext_DataAdr[9]    ; No input delay, min/max delays, false-path exceptions, or max skew assignments found ;
; Ext_DataAdr[10]   ; No input delay, min/max delays, false-path exceptions, or max skew assignments found ;
; Ext_DataAdr[11]   ; No input delay, min/max delays, false-path exceptions, or max skew assignments found ;
; Ext_DataAdr[12]   ; No input delay, min/max delays, false-path exceptions, or max skew assignments found ;
; Ext_DataAdr[13]   ; No input delay, min/max delays, false-path exceptions, or max skew assignments found ;
; Ext_DataAdr[14]   ; No input delay, min/max delays, false-path exceptions, or max skew assignments found ;
; Ext_DataAdr[15]   ; No input delay, min/max delays, false-path exceptions, or max skew assignments found ;
; Ext_DataAdr[16]   ; No input delay, min/max delays, false-path exceptions, or max skew assignments found ;
; Ext_DataAdr[17]   ; No input delay, min/max delays, false-path exceptions, or max skew assignments found ;
; Ext_DataAdr[18]   ; No input delay, min/max delays, false-path exceptions, or max skew assignments found ;
; Ext_DataAdr[19]   ; No input delay, min/max delays, false-path exceptions, or max skew assignments found ;
; Ext_DataAdr[20]   ; No input delay, min/max delays, false-path exceptions, or max skew assignments found ;
; Ext_DataAdr[21]   ; No input delay, min/max delays, false-path exceptions, or max skew assignments found ;
; Ext_DataAdr[22]   ; No input delay, min/max delays, false-path exceptions, or max skew assignments found ;
; Ext_DataAdr[23]   ; No input delay, min/max delays, false-path exceptions, or max skew assignments found ;
; Ext_DataAdr[24]   ; No input delay, min/max delays, false-path exceptions, or max skew assignments found ;
; Ext_DataAdr[25]   ; No input delay, min/max delays, false-path exceptions, or max skew assignments found ;
; Ext_DataAdr[26]   ; No input delay, min/max delays, false-path exceptions, or max skew assignments found ;
; Ext_DataAdr[27]   ; No input delay, min/max delays, false-path exceptions, or max skew assignments found ;
; Ext_DataAdr[28]   ; No input delay, min/max delays, false-path exceptions, or max skew assignments found ;
; Ext_DataAdr[29]   ; No input delay, min/max delays, false-path exceptions, or max skew assignments found ;
; Ext_DataAdr[30]   ; No input delay, min/max delays, false-path exceptions, or max skew assignments found ;
; Ext_DataAdr[31]   ; No input delay, min/max delays, false-path exceptions, or max skew assignments found ;
; Ext_MemWrite      ; No input delay, min/max delays, false-path exceptions, or max skew assignments found ;
; Ext_WriteData[0]  ; No input delay, min/max delays, false-path exceptions, or max skew assignments found ;
; Ext_WriteData[1]  ; No input delay, min/max delays, false-path exceptions, or max skew assignments found ;
; Ext_WriteData[2]  ; No input delay, min/max delays, false-path exceptions, or max skew assignments found ;
; Ext_WriteData[3]  ; No input delay, min/max delays, false-path exceptions, or max skew assignments found ;
; Ext_WriteData[4]  ; No input delay, min/max delays, false-path exceptions, or max skew assignments found ;
; Ext_WriteData[5]  ; No input delay, min/max delays, false-path exceptions, or max skew assignments found ;
; Ext_WriteData[6]  ; No input delay, min/max delays, false-path exceptions, or max skew assignments found ;
; Ext_WriteData[7]  ; No input delay, min/max delays, false-path exceptions, or max skew assignments found ;
; Ext_WriteData[8]  ; No input delay, min/max delays, false-path exceptions, or max skew assignments found ;
; Ext_WriteData[9]  ; No input delay, min/max delays, false-path exceptions, or max skew assignments found ;
; Ext_WriteData[10] ; No input delay, min/max delays, false-path exceptions, or max skew assignments found ;
; Ext_WriteData[11] ; No input delay, min/max delays, false-path exceptions, or max skew assignments found ;
; Ext_WriteData[12] ; No input delay, min/max delays, false-path exceptions, or max skew assignments found ;
; Ext_WriteData[13] ; No input delay, min/max delays, false-path exceptions, or max skew assignments found ;
; Ext_WriteData[14] ; No input delay, min/max delays, false-path exceptions, or max skew assignments found ;
; Ext_WriteData[15] ; No input delay, min/max delays, false-path exceptions, or max skew assignments found ;
; Ext_WriteData[16] ; No input delay, min/max delays, false-path exceptions, or max skew assignments found ;
; Ext_WriteData[17] ; No input delay, min/max delays, false-path exceptions, or max skew assignments found ;
; Ext_WriteData[18] ; No input delay, min/max delays, false-path exceptions, or max skew assignments found ;
; Ext_WriteData[19] ; No input delay, min/max delays, false-path exceptions, or max skew assignments found ;
; Ext_WriteData[20] ; No input delay, min/max delays, false-path exceptions, or max skew assignments found ;
; Ext_WriteData[21] ; No input delay, min/max delays, false-path exceptions, or max skew assignments found ;
; Ext_WriteData[22] ; No input delay, min/max delays, false-path exceptions, or max skew assignments found ;
; Ext_WriteData[23] ; No input delay, min/max delays, false-path exceptions, or max skew assignments found ;
; Ext_WriteData[24] ; No input delay, min/max delays, false-path exceptions, or max skew assignments found ;
; Ext_WriteData[25] ; No input delay, min/max delays, false-path exceptions, or max skew assignments found ;
; Ext_WriteData[26] ; No input delay, min/max delays, false-path exceptions, or max skew assignments found ;
; Ext_WriteData[27] ; No input delay, min/max delays, false-path exceptions, or max skew assignments found ;
; Ext_WriteData[28] ; No input delay, min/max delays, false-path exceptions, or max skew assignments found ;
; Ext_WriteData[29] ; No input delay, min/max delays, false-path exceptions, or max skew assignments found ;
; Ext_WriteData[30] ; No input delay, min/max delays, false-path exceptions, or max skew assignments found ;
; Ext_WriteData[31] ; No input delay, min/max delays, false-path exceptions, or max skew assignments found ;
; reset             ; No input delay, min/max delays, false-path exceptions, or max skew assignments found ;
+-------------------+--------------------------------------------------------------------------------------+


+-------------------------------------------------------------------------------------------------------+
; Unconstrained Output Ports                                                                            ;
+---------------+---------------------------------------------------------------------------------------+
; Output Port   ; Comment                                                                               ;
+---------------+---------------------------------------------------------------------------------------+
; DataAdr[0]    ; No output delay, min/max delays, false-path exceptions, or max skew assignments found ;
; DataAdr[1]    ; No output delay, min/max delays, false-path exceptions, or max skew assignments found ;
; DataAdr[2]    ; No output delay, min/max delays, false-path exceptions, or max skew assignments found ;
; DataAdr[3]    ; No output delay, min/max delays, false-path exceptions, or max skew assignments found ;
; DataAdr[4]    ; No output delay, min/max delays, false-path exceptions, or max skew assignments found ;
; DataAdr[5]    ; No output delay, min/max delays, false-path exceptions, or max skew assignments found ;
; DataAdr[6]    ; No output delay, min/max delays, false-path exceptions, or max skew assignments found ;
; DataAdr[7]    ; No output delay, min/max delays, false-path exceptions, or max skew assignments found ;
; DataAdr[8]    ; No output delay, min/max delays, false-path exceptions, or max skew assignments found ;
; DataAdr[9]    ; No output delay, min/max delays, false-path exceptions, or max skew assignments found ;
; DataAdr[10]   ; No output delay, min/max delays, false-path exceptions, or max skew assignments found ;
; DataAdr[11]   ; No output delay, min/max delays, false-path exceptions, or max skew assignments found ;
; DataAdr[12]   ; No output delay, min/max delays, false-path exceptions, or max skew assignments found ;
; DataAdr[13]   ; No output delay, min/max delays, false-path exceptions, or max skew assignments found ;
; DataAdr[14]   ; No output delay, min/max delays, false-path exceptions, or max skew assignments found ;
; DataAdr[15]   ; No output delay, min/max delays, false-path exceptions, or max skew assignments found ;
; DataAdr[16]   ; No output delay, min/max delays, false-path exceptions, or max skew assignments found ;
; DataAdr[17]   ; No output delay, min/max delays, false-path exceptions, or max skew assignments found ;
; DataAdr[18]   ; No output delay, min/max delays, false-path exceptions, or max skew assignments found ;
; DataAdr[19]   ; No output delay, min/max delays, false-path exceptions, or max skew assignments found ;
; DataAdr[20]   ; No output delay, min/max delays, false-path exceptions, or max skew assignments found ;
; DataAdr[21]   ; No output delay, min/max delays, false-path exceptions, or max skew assignments found ;
; DataAdr[22]   ; No output delay, min/max delays, false-path exceptions, or max skew assignments found ;
; DataAdr[23]   ; No output delay, min/max delays, false-path exceptions, or max skew assignments found ;
; DataAdr[24]   ; No output delay, min/max delays, false-path exceptions, or max skew assignments found ;
; DataAdr[25]   ; No output delay, min/max delays, false-path exceptions, or max skew assignments found ;
; DataAdr[26]   ; No output delay, min/max delays, false-path exceptions, or max skew assignments found ;
; DataAdr[27]   ; No output delay, min/max delays, false-path exceptions, or max skew assignments found ;
; DataAdr[28]   ; No output delay, min/max delays, false-path exceptions, or max skew assignments found ;
; DataAdr[29]   ; No output delay, min/max delays, false-path exceptions, or max skew assignments found ;
; DataAdr[30]   ; No output delay, min/max delays, false-path exceptions, or max skew assignments found ;
; DataAdr[31]   ; No output delay, min/max delays, false-path exceptions, or max skew assignments found ;
; MemWrite      ; No output delay, min/max delays, false-path exceptions, or max skew assignments found ;
; PC[0]         ; No output delay, min/max delays, false-path exceptions, or max skew assignments found ;
; PC[1]         ; No output delay, min/max delays, false-path exceptions, or max skew assignments found ;
; PC[2]         ; No output delay, min/max delays, false-path exceptions, or max skew assignments found ;
; PC[3]         ; No output delay, min/max delays, false-path exceptions, or max skew assignments found ;
; PC[4]         ; No output delay, min/max delays, false-path exceptions, or max skew assignments found ;
; PC[5]         ; No output delay, min/max delays, false-path exceptions, or max skew assignments found ;
; PC[6]         ; No output delay, min/max delays, false-path exceptions, or max skew assignments found ;
; PC[7]         ; No output delay, min/max delays, false-path exceptions, or max skew assignments found ;
; PC[8]         ; No output delay, min/max delays, false-path exceptions, or max skew assignments found ;
; PC[9]         ; No output delay, min/max delays, false-path exceptions, or max skew assignments found ;
; PC[10]        ; No output delay, min/max delays, false-path exceptions, or max skew assignments found ;
; PC[11]        ; No output delay, min/max delays, false-path exceptions, or max skew assignments found ;
; PC[12]        ; No output delay, min/max delays, false-path exceptions, or max skew assignments found ;
; PC[13]        ; No output delay, min/max delays, false-path exceptions, or max skew assignments found ;
; PC[14]        ; No output delay, min/max delays, false-path exceptions, or max skew assignments found ;
; PC[15]        ; No output delay, min/max delays, false-path exceptions, or max skew assignments found ;
; PC[16]        ; No output delay, min/max delays, false-path exceptions, or max skew assignments found ;
; PC[17]        ; No output delay, min/max delays, false-path exceptions, or max skew assignments found ;
; PC[18]        ; No output delay, min/max delays, false-path exceptions, or max skew assignments found ;
; PC[19]        ; No output delay, min/max delays, false-path exceptions, or max skew assignments found ;
; PC[20]        ; No output delay, min/max delays, false-path exceptions, or max skew assignments found ;
; PC[21]        ; No output delay, min/max delays, false-path exceptions, or max skew assignments found ;
; PC[22]        ; No output delay, min/max delays, false-path exceptions, or max skew assignments found ;
; PC[23]        ; No output delay, min/max delays, false-path exceptions, or max skew assignments found ;
; PC[24]        ; No output delay, min/max delays, false-path exceptions, or max skew assignments found ;
; PC[25]        ; No output delay, min/max delays, false-path exceptions, or max skew assignments found ;
; PC[26]        ; No output delay, min/max delays, false-path exceptions, or max skew assignments found ;
; PC[27]        ; No output delay, min/max delays, false-path exceptions, or max skew assignments found ;
; PC[28]        ; No output delay, min/max delays, false-path exceptions, or max skew assignments found ;
; PC[29]        ; No output delay, min/max delays, false-path exceptions, or max skew assignments found ;
; PC[30]        ; No output delay, min/max delays, false-path exceptions, or max skew assignments found ;
; PC[31]        ; No output delay, min/max delays, false-path exceptions, or max skew assignments found ;
; ReadData[0]   ; No output delay, min/max delays, false-path exceptions, or max skew assignments found ;
; ReadData[1]   ; No output delay, min/max delays, false-path exceptions, or max skew assignments found ;
; ReadData[2]   ; No output delay, min/max delays, false-path exceptions, or max skew assignments found ;
; ReadData[3]   ; No output delay, min/max delays, false-path exceptions, or max skew assignments found ;
; ReadData[4]   ; No output delay, min/max delays, false-path exceptions, or max skew assignments found ;
; ReadData[5]   ; No output delay, min/max delays, false-path exceptions, or max skew assignments found ;
; ReadData[6]   ; No output delay, min/max delays, false-path exceptions, or max skew assignments found ;
; ReadData[7]   ; No output delay, min/max delays, false-path exceptions, or max skew assignments found ;
; ReadData[8]   ; No output delay, min/max delays, false-path exceptions, or max skew assignments found ;
; ReadData[9]   ; No output delay, min/max delays, false-path exceptions, or max skew assignments found ;
; ReadData[10]  ; No output delay, min/max delays, false-path exceptions, or max skew assignments found ;
; ReadData[11]  ; No output delay, min/max delays, false-path exceptions, or max skew assignments found ;
; ReadData[12]  ; No output delay, min/max delays, false-path exceptions, or max skew assignments found ;
; ReadData[13]  ; No output delay, min/max delays, false-path exceptions, or max skew assignments found ;
; ReadData[14]  ; No output delay, min/max delays, false-path exceptions, or max skew assignments found ;
; ReadData[15]  ; No output delay, min/max delays, false-path exceptions, or max skew assignments found ;
; ReadData[16]  ; No output delay, min/max delays, false-path exceptions, or max skew assignments found ;
; ReadData[17]  ; No output delay, min/max delays, false-path exceptions, or max skew assignments found ;
; ReadData[18]  ; No output delay, min/max delays, false-path exceptions, or max skew assignments found ;
; ReadData[19]  ; No output delay, min/max delays, false-path exceptions, or max skew assignments found ;
; ReadData[20]  ; No output delay, min/max delays, false-path exceptions, or max skew assignments found ;
; ReadData[21]  ; No output delay, min/max delays, false-path exceptions, or max skew assignments found ;
; ReadData[22]  ; No output delay, min/max delays, false-path exceptions, or max skew assignments found ;
; ReadData[23]  ; No output delay, min/max delays, false-path exceptions, or max skew assignments found ;
; ReadData[24]  ; No output delay, min/max delays, false-path exceptions, or max skew assignments found ;
; ReadData[25]  ; No output delay, min/max delays, false-path exceptions, or max skew assignments found ;
; ReadData[26]  ; No output delay, min/max delays, false-path exceptions, or max skew assignments found ;
; ReadData[27]  ; No output delay, min/max delays, false-path exceptions, or max skew assignments found ;
; ReadData[28]  ; No output delay, min/max delays, false-path exceptions, or max skew assignments found ;
; ReadData[29]  ; No output delay, min/max delays, false-path exceptions, or max skew assignments found ;
; ReadData[30]  ; No output delay, min/max delays, false-path exceptions, or max skew assignments found ;
; ReadData[31]  ; No output delay, min/max delays, false-path exceptions, or max skew assignments found ;
; Result[0]     ; No output delay, min/max delays, false-path exceptions, or max skew assignments found ;
; Result[1]     ; No output delay, min/max delays, false-path exceptions, or max skew assignments found ;
; Result[2]     ; No output delay, min/max delays, false-path exceptions, or max skew assignments found ;
; Result[3]     ; No output delay, min/max delays, false-path exceptions, or max skew assignments found ;
; Result[4]     ; No output delay, min/max delays, false-path exceptions, or max skew assignments found ;
; Result[5]     ; No output delay, min/max delays, false-path exceptions, or max skew assignments found ;
; Result[6]     ; No output delay, min/max delays, false-path exceptions, or max skew assignments found ;
; Result[7]     ; No output delay, min/max delays, false-path exceptions, or max skew assignments found ;
; Result[8]     ; No output delay, min/max delays, false-path exceptions, or max skew assignments found ;
; Result[9]     ; No output delay, min/max delays, false-path exceptions, or max skew assignments found ;
; Result[10]    ; No output delay, min/max delays, false-path exceptions, or max skew assignments found ;
; Result[11]    ; No output delay, min/max delays, false-path exceptions, or max skew assignments found ;
; Result[12]    ; No output delay, min/max delays, false-path exceptions, or max skew assignments found ;
; Result[13]    ; No output delay, min/max delays, false-path exceptions, or max skew assignments found ;
; Result[14]    ; No output delay, min/max delays, false-path exceptions, or max skew assignments found ;
; Result[15]    ; No output delay, min/max delays, false-path exceptions, or max skew assignments found ;
; Result[16]    ; No output delay, min/max delays, false-path exceptions, or max skew assignments found ;
; Result[17]    ; No output delay, min/max delays, false-path exceptions, or max skew assignments found ;
; Result[18]    ; No output delay, min/max delays, false-path exceptions, or max skew assignments found ;
; Result[19]    ; No output delay, min/max delays, false-path exceptions, or max skew assignments found ;
; Result[20]    ; No output delay, min/max delays, false-path exceptions, or max skew assignments found ;
; Result[21]    ; No output delay, min/max delays, false-path exceptions, or max skew assignments found ;
; Result[22]    ; No output delay, min/max delays, false-path exceptions, or max skew assignments found ;
; Result[23]    ; No output delay, min/max delays, false-path exceptions, or max skew assignments found ;
; Result[24]    ; No output delay, min/max delays, false-path exceptions, or max skew assignments found ;
; Result[25]    ; No output delay, min/max delays, false-path exceptions, or max skew assignments found ;
; Result[26]    ; No output delay, min/max delays, false-path exceptions, or max skew assignments found ;
; Result[27]    ; No output delay, min/max delays, false-path exceptions, or max skew assignments found ;
; Result[28]    ; No output delay, min/max delays, false-path exceptions, or max skew assignments found ;
; Result[29]    ; No output delay, min/max delays, false-path exceptions, or max skew assignments found ;
; Result[30]    ; No output delay, min/max delays, false-path exceptions, or max skew assignments found ;
; Result[31]    ; No output delay, min/max delays, false-path exceptions, or max skew assignments found ;
; WriteData[0]  ; No output delay, min/max delays, false-path exceptions, or max skew assignments found ;
; WriteData[1]  ; No output delay, min/max delays, false-path exceptions, or max skew assignments found ;
; WriteData[2]  ; No output delay, min/max delays, false-path exceptions, or max skew assignments found ;
; WriteData[3]  ; No output delay, min/max delays, false-path exceptions, or max skew assignments found ;
; WriteData[4]  ; No output delay, min/max delays, false-path exceptions, or max skew assignments found ;
; WriteData[5]  ; No output delay, min/max delays, false-path exceptions, or max skew assignments found ;
; WriteData[6]  ; No output delay, min/max delays, false-path exceptions, or max skew assignments found ;
; WriteData[7]  ; No output delay, min/max delays, false-path exceptions, or max skew assignments found ;
; WriteData[8]  ; No output delay, min/max delays, false-path exceptions, or max skew assignments found ;
; WriteData[9]  ; No output delay, min/max delays, false-path exceptions, or max skew assignments found ;
; WriteData[10] ; No output delay, min/max delays, false-path exceptions, or max skew assignments found ;
; WriteData[11] ; No output delay, min/max delays, false-path exceptions, or max skew assignments found ;
; WriteData[12] ; No output delay, min/max delays, false-path exceptions, or max skew assignments found ;
; WriteData[13] ; No output delay, min/max delays, false-path exceptions, or max skew assignments found ;
; WriteData[14] ; No output delay, min/max delays, false-path exceptions, or max skew assignments found ;
; WriteData[15] ; No output delay, min/max delays, false-path exceptions, or max skew assignments found ;
; WriteData[16] ; No output delay, min/max delays, false-path exceptions, or max skew assignments found ;
; WriteData[17] ; No output delay, min/max delays, false-path exceptions, or max skew assignments found ;
; WriteData[18] ; No output delay, min/max delays, false-path exceptions, or max skew assignments found ;
; WriteData[19] ; No output delay, min/max delays, false-path exceptions, or max skew assignments found ;
; WriteData[20] ; No output delay, min/max delays, false-path exceptions, or max skew assignments found ;
; WriteData[21] ; No output delay, min/max delays, false-path exceptions, or max skew assignments found ;
; WriteData[22] ; No output delay, min/max delays, false-path exceptions, or max skew assignments found ;
; WriteData[23] ; No output delay, min/max delays, false-path exceptions, or max skew assignments found ;
; WriteData[24] ; No output delay, min/max delays, false-path exceptions, or max skew assignments found ;
; WriteData[25] ; No output delay, min/max delays, false-path exceptions, or max skew assignments found ;
; WriteData[26] ; No output delay, min/max delays, false-path exceptions, or max skew assignments found ;
; WriteData[27] ; No output delay, min/max delays, false-path exceptions, or max skew assignments found ;
; WriteData[28] ; No output delay, min/max delays, false-path exceptions, or max skew assignments found ;
; WriteData[29] ; No output delay, min/max delays, false-path exceptions, or max skew assignments found ;
; WriteData[30] ; No output delay, min/max delays, false-path exceptions, or max skew assignments found ;
; WriteData[31] ; No output delay, min/max delays, false-path exceptions, or max skew assignments found ;
+---------------+---------------------------------------------------------------------------------------+


+--------------------------+
; Timing Analyzer Messages ;
+--------------------------+
Info: *******************************************************************
Info: Running Quartus Prime Timing Analyzer
    Info: Version 20.1.0 Build 711 06/05/2020 SJ Lite Edition
    Info: Processing started: Fri Nov  7 01:01:12 2025
Info: Command: quartus_sta t1c_riscv_cpu -c t1c_riscv_cpu
Info: qsta_default_script.tcl version: #1
Warning (18236): Number of processors has not been specified which may cause overloading on shared machines.  Set the global assignment NUM_PARALLEL_PROCESSORS in your QSF to an appropriate value for best performance.
Info (20030): Parallel compilation is enabled and will use 12 of the 12 processors detected
Info (21077): Low junction temperature is 0 degrees C
Info (21077): High junction temperature is 85 degrees C
Critical Warning (332012): Synopsys Design Constraints File file not found: 't1c_riscv_cpu.sdc'. A Synopsys Design Constraints File is required by the Timing Analyzer to get proper timing constraints. Without it, the Compiler will not properly optimize the design.
Info (332142): No user constrained base clocks found in the design. Calling "derive_clocks -period 1.0"
Info (332105): Deriving Clocks
    Info (332105): create_clock -period 1.000 -name clk clk
Info (332143): No user constrained clock uncertainty found in the design. Calling "derive_clock_uncertainty"
Info (332123): Deriving Clock Uncertainty. Please refer to report_sdc in the Timing Analyzer to see clock uncertainties.
Info: Found TIMING_ANALYZER_REPORT_SCRIPT_INCLUDE_DEFAULT_ANALYSIS = ON
Info: Analyzing Slow 1100mV 85C Model
Critical Warning (332148): Timing requirements not met
    Info (11105): For recommendations on closing timing, run Report Timing Closure Recommendations in the Timing Analyzer.
Info (332146): Worst-case setup slack is -103.895
    Info (332119):     Slack       End Point TNS Clock 
    Info (332119): ========= =================== =====================
    Info (332119):  -103.895         -311590.188 clk 
Info (332146): Worst-case hold slack is 1.095
    Info (332119):     Slack       End Point TNS Clock 
    Info (332119): ========= =================== =====================
    Info (332119):     1.095               0.000 clk 
Info (332140): No Recovery paths to report
Info (332140): No Removal paths to report
Info (332146): Worst-case minimum pulse width slack is -0.538
    Info (332119):     Slack       End Point TNS Clock 
    Info (332119): ========= =================== =====================
    Info (332119):    -0.538           -2421.781 clk 
Info: Analyzing Slow 1100mV 0C Model
Info (334003): Started post-fitting delay annotation
Info (334004): Delay annotation completed successfully
Info (332123): Deriving Clock Uncertainty. Please refer to report_sdc in the Timing Analyzer to see clock uncertainties.
Critical Warning (332148): Timing requirements not met
    Info (11105): For recommendations on closing timing, run Report Timing Closure Recommendations in the Timing Analyzer.
Info (332146): Worst-case setup slack is -107.002
    Info (332119):     Slack       End Point TNS Clock 
    Info (332119): ========= =================== =====================
    Info (332119):  -107.002         -321841.915 clk 
Info (332146): Worst-case hold slack is 1.134
    Info (332119):     Slack       End Point TNS Clock 
    Info (332119): ========= =================== =====================
    Info (332119):     1.134               0.000 clk 
Info (332140): No Recovery paths to report
Info (332140): No Removal paths to report
Info (332146): Worst-case minimum pulse width slack is -0.538
    Info (332119):     Slack       End Point TNS Clock 
    Info (332119): ========= =================== =====================
    Info (332119):    -0.538           -2441.397 clk 
Info: Analyzing Fast 1100mV 85C Model
Info (334003): Started post-fitting delay annotation
Info (334004): Delay annotation completed successfully
Info (332123): Deriving Clock Uncertainty. Please refer to report_sdc in the Timing Analyzer to see clock uncertainties.
Critical Warning (332148): Timing requirements not met
    Info (11105): For recommendations on closing timing, run Report Timing Closure Recommendations in the Timing Analyzer.
Info (332146): Worst-case setup slack is -50.614
    Info (332119):     Slack       End Point TNS Clock 
    Info (332119): ========= =================== =====================
    Info (332119):   -50.614         -150936.851 clk 
Info (332146): Worst-case hold slack is 0.477
    Info (332119):     Slack       End Point TNS Clock 
    Info (332119): ========= =================== =====================
    Info (332119):     0.477               0.000 clk 
Info (332140): No Recovery paths to report
Info (332140): No Removal paths to report
Info (332146): Worst-case minimum pulse width slack is -0.100
    Info (332119):     Slack       End Point TNS Clock 
    Info (332119): ========= =================== =====================
    Info (332119):    -0.100            -293.223 clk 
Info: Analyzing Fast 1100mV 0C Model
Info (332123): Deriving Clock Uncertainty. Please refer to report_sdc in the Timing Analyzer to see clock uncertainties.
Critical Warning (332148): Timing requirements not met
    Info (11105): For recommendations on closing timing, run Report Timing Closure Recommendations in the Timing Analyzer.
Info (332146): Worst-case setup slack is -47.230
    Info (332119):     Slack       End Point TNS Clock 
    Info (332119): ========= =================== =====================
    Info (332119):   -47.230         -141103.919 clk 
Info (332146): Worst-case hold slack is 0.458
    Info (332119):     Slack       End Point TNS Clock 
    Info (332119): ========= =================== =====================
    Info (332119):     0.458               0.000 clk 
Info (332140): No Recovery paths to report
Info (332140): No Removal paths to report
Info (332146): Worst-case minimum pulse width slack is -0.099
    Info (332119):     Slack       End Point TNS Clock 
    Info (332119): ========= =================== =====================
    Info (332119):    -0.099            -291.171 clk 
Info (332102): Design is not fully constrained for setup requirements
Info (332102): Design is not fully constrained for hold requirements
Info: Quartus Prime Timing Analyzer was successful. 0 errors, 6 warnings
    Info: Peak virtual memory: 1636 megabytes
    Info: Processing ended: Fri Nov  7 01:02:28 2025
    Info: Elapsed time: 00:01:16
    Info: Total CPU time (on all processors): 00:02:03


