Fitter report for t1c_riscv_cpu
Fri Nov  7 01:01:02 2025
Quartus Prime Version 20.1.0 Build 711 06/05/2020 SJ Lite Edition


---------------------
; Table of Contents ;
---------------------
  1. Legal Notice
  2. Fitter Summary
  3. Fitter Settings
  4. Parallel Compilation
  5. Fitter Netlist Optimizations
  6. Incremental Compilation Preservation Summary
  7. Incremental Compilation Partition Settings
  8. Incremental Compilation Placement Preservation
  9. Pin-Out File
 10. Fitter Resource Usage Summary
 11. Fitter Partition Statistics
 12. Input Pins
 13. Output Pins
 14. I/O Bank Usage
 15. All Package Pins
 16. I/O Assignment Warnings
 17. Fitter Resource Utilization by Entity
 18. Delay Chain Summary
 19. Pad To Core Delay Chain Fanout
 20. Control Signals
 21. Global & Other Fast Signals
 22. Fitter DSP Block Usage Summary
 23. DSP Block Details
 24. Routing Usage Summary
 25. I/O Rules Summary
 26. I/O Rules Details
 27. I/O Rules Matrix
 28. Fitter Device Options
 29. Operating Settings and Conditions
 30. Fitter Messages
 31. Fitter Suppressed Messages



----------------
; Legal Notice ;
----------------
Copyright (C) 2020  Intel Corporation. All rights reserved.
Your use of Intel Corporation's design tools, logic functions 
and other software and tools, and any partner logic 
functions, and any output files from any of the foregoing 
(including device programming or simulation files), and any 
associated documentation or information are expressly subject 
to the terms and conditions of the Intel Program License 
Subscription Agreement, the Intel Quartus Prime License Agreement,
the Intel FPGA IP License Agreement, or other applicable license
agreement, including, without limitation, that your use is for
the sole purpose of programming logic devices manufactured by
Intel and sold by Intel or its authorized distributors.  Please
refer to the applicable agreement for further details, at
https://fpgasoftware.intel.com/eula.



+-------------------------------------------------------------------------------+
; Fitter Summary                                                                ;
+---------------------------------+---------------------------------------------+
; Fitter Status                   ; Successful - Fri Nov  7 01:01:02 2025       ;
; Quartus Prime Version           ; 20.1.0 Build 711 06/05/2020 SJ Lite Edition ;
; Revision Name                   ; t1c_riscv_cpu                               ;
; Top-level Entity Name           ; t1c_riscv_cpu                               ;
; Family                          ; Cyclone V                                   ;
; Device                          ; 5CGXFC7D6F27I7                              ;
; Timing Models                   ; Final                                       ;
; Logic utilization (in ALMs)     ; 4,334 / 56,480 ( 8 % )                      ;
; Total registers                 ; 3117                                        ;
; Total pins                      ; 228 / 378 ( 60 % )                          ;
; Total virtual pins              ; 0                                           ;
; Total block memory bits         ; 0 / 7,024,640 ( 0 % )                       ;
; Total RAM Blocks                ; 0 / 686 ( 0 % )                             ;
; Total DSP Blocks                ; 2 / 156 ( 1 % )                             ;
; Total HSSI RX PCSs              ; 0 / 9 ( 0 % )                               ;
; Total HSSI PMA RX Deserializers ; 0 / 9 ( 0 % )                               ;
; Total HSSI TX PCSs              ; 0 / 9 ( 0 % )                               ;
; Total HSSI PMA TX Serializers   ; 0 / 9 ( 0 % )                               ;
; Total PLLs                      ; 0 / 16 ( 0 % )                              ;
; Total DLLs                      ; 0 / 4 ( 0 % )                               ;
+---------------------------------+---------------------------------------------+


+----------------------------------------------------------------------------------------------------------------------------------------------------+
; Fitter Settings                                                                                                                                    ;
+--------------------------------------------------------------------+---------------------------------------+---------------------------------------+
; Option                                                             ; Setting                               ; Default Value                         ;
+--------------------------------------------------------------------+---------------------------------------+---------------------------------------+
; Device                                                             ; 5CGXFC7D6F27I7                        ;                                       ;
; Minimum Core Junction Temperature                                  ; 0                                     ;                                       ;
; Maximum Core Junction Temperature                                  ; 85                                    ;                                       ;
; Use smart compilation                                              ; Off                                   ; Off                                   ;
; Enable parallel Assembler and Timing Analyzer during compilation   ; On                                    ; On                                    ;
; Enable compact report table                                        ; Off                                   ; Off                                   ;
; Router Timing Optimization Level                                   ; Normal                                ; Normal                                ;
; Perform Clocking Topology Analysis During Routing                  ; Off                                   ; Off                                   ;
; Placement Effort Multiplier                                        ; 1.0                                   ; 1.0                                   ;
; Device initialization clock source                                 ; INIT_INTOSC                           ; INIT_INTOSC                           ;
; Optimize Hold Timing                                               ; All Paths                             ; All Paths                             ;
; Optimize Multi-Corner Timing                                       ; On                                    ; On                                    ;
; Auto RAM to MLAB Conversion                                        ; On                                    ; On                                    ;
; Equivalent RAM and MLAB Power Up                                   ; Auto                                  ; Auto                                  ;
; Equivalent RAM and MLAB Paused Read Capabilities                   ; Care                                  ; Care                                  ;
; Power Optimization During Fitting                                  ; Normal compilation                    ; Normal compilation                    ;
; SSN Optimization                                                   ; Off                                   ; Off                                   ;
; Optimize Timing                                                    ; Normal compilation                    ; Normal compilation                    ;
; Optimize Timing for ECOs                                           ; Off                                   ; Off                                   ;
; Regenerate Full Fit Report During ECO Compiles                     ; Off                                   ; Off                                   ;
; Optimize IOC Register Placement for Timing                         ; Normal                                ; Normal                                ;
; Final Placement Optimizations                                      ; Automatically                         ; Automatically                         ;
; Fitter Aggressive Routability Optimizations                        ; Automatically                         ; Automatically                         ;
; Fitter Initial Placement Seed                                      ; 1                                     ; 1                                     ;
; Periphery to Core Placement and Routing Optimization               ; Off                                   ; Off                                   ;
; Weak Pull-Up Resistor                                              ; Off                                   ; Off                                   ;
; Enable Bus-Hold Circuitry                                          ; Off                                   ; Off                                   ;
; Auto Packed Registers                                              ; Auto                                  ; Auto                                  ;
; Auto Delay Chains                                                  ; On                                    ; On                                    ;
; Auto Delay Chains for High Fanout Input Pins                       ; Off                                   ; Off                                   ;
; Treat Bidirectional Pin as Output Pin                              ; Off                                   ; Off                                   ;
; Perform Physical Synthesis for Combinational Logic for Fitting     ; Off                                   ; Off                                   ;
; Perform Physical Synthesis for Combinational Logic for Performance ; Off                                   ; Off                                   ;
; Perform Register Duplication for Performance                       ; Off                                   ; Off                                   ;
; Perform Register Retiming for Performance                          ; Off                                   ; Off                                   ;
; Perform Asynchronous Signal Pipelining                             ; Off                                   ; Off                                   ;
; Fitter Effort                                                      ; Auto Fit                              ; Auto Fit                              ;
; Physical Synthesis Effort Level                                    ; Normal                                ; Normal                                ;
; Logic Cell Insertion - Logic Duplication                           ; Auto                                  ; Auto                                  ;
; Auto Register Duplication                                          ; Auto                                  ; Auto                                  ;
; Auto Global Clock                                                  ; On                                    ; On                                    ;
; Auto Global Register Control Signals                               ; On                                    ; On                                    ;
; Reserve all unused pins                                            ; As input tri-stated with weak pull-up ; As input tri-stated with weak pull-up ;
; Synchronizer Identification                                        ; Auto                                  ; Auto                                  ;
; Enable Beneficial Skew Optimization                                ; On                                    ; On                                    ;
; Optimize Design for Metastability                                  ; On                                    ; On                                    ;
; Active Serial clock source                                         ; FREQ_100MHz                           ; FREQ_100MHz                           ;
; Force Fitter to Avoid Periphery Placement Warnings                 ; Off                                   ; Off                                   ;
; Clamping Diode                                                     ; Off                                   ; Off                                   ;
; Enable input tri-state on active configuration pins in user mode   ; Off                                   ; Off                                   ;
; Advanced Physical Optimization                                     ; On                                    ; On                                    ;
+--------------------------------------------------------------------+---------------------------------------+---------------------------------------+


+------------------------------------------+
; Parallel Compilation                     ;
+----------------------------+-------------+
; Processors                 ; Number      ;
+----------------------------+-------------+
; Number detected on machine ; 12          ;
; Maximum allowed            ; 12          ;
;                            ;             ;
; Average used               ; 1.28        ;
; Maximum used               ; 12          ;
;                            ;             ;
; Usage by Processor         ; % Time Used ;
;     Processor 1            ; 100.0%      ;
;     Processor 2            ;   2.9%      ;
;     Processor 3            ;   2.8%      ;
;     Processor 4            ;   2.7%      ;
;     Processor 5            ;   2.6%      ;
;     Processor 6            ;   2.6%      ;
;     Processor 7            ;   2.6%      ;
;     Processor 8            ;   2.6%      ;
;     Processor 9            ;   2.4%      ;
;     Processor 10           ;   2.4%      ;
;     Processor 11           ;   2.4%      ;
;     Processor 12           ;   2.4%      ;
+----------------------------+-------------+


+-------------------------------------------------------------------------------------------------------------------------------------------------------------------------------------------------------------------------------------------------------------------------------------+
; Fitter Netlist Optimizations                                                                                                                                                                                                                                                        ;
+--------------------------------------------------+------------+---------------------------------------------------+----------------------------+-----------+----------------+------------------------------------------------------------+------------------+-----------------------+
; Node                                             ; Action     ; Operation                                         ; Reason                     ; Node Port ; Node Port Name ; Destination Node                                           ; Destination Port ; Destination Port Name ;
+--------------------------------------------------+------------+---------------------------------------------------+----------------------------+-----------+----------------+------------------------------------------------------------+------------------+-----------------------+
; clk~inputCLKENA0                                 ; Created    ; Placement                                         ; Fitter Periphery Placement ;           ;                ;                                                            ;                  ;                       ;
; riscv_cpu:rvcpu|datapath:dp|reset_ff:pcreg|q[1]  ; Duplicated ; Router Logic Cell Insertion and Logic Duplication ; Routability optimization   ;           ;                ; riscv_cpu:rvcpu|datapath:dp|reset_ff:pcreg|q[1]~DUPLICATE  ;                  ;                       ;
; riscv_cpu:rvcpu|datapath:dp|reset_ff:pcreg|q[2]  ; Duplicated ; Router Logic Cell Insertion and Logic Duplication ; Routability optimization   ;           ;                ; riscv_cpu:rvcpu|datapath:dp|reset_ff:pcreg|q[2]~DUPLICATE  ;                  ;                       ;
; riscv_cpu:rvcpu|datapath:dp|reset_ff:pcreg|q[3]  ; Duplicated ; Router Logic Cell Insertion and Logic Duplication ; Routability optimization   ;           ;                ; riscv_cpu:rvcpu|datapath:dp|reset_ff:pcreg|q[3]~DUPLICATE  ;                  ;                       ;
; riscv_cpu:rvcpu|datapath:dp|reset_ff:pcreg|q[4]  ; Duplicated ; Router Logic Cell Insertion and Logic Duplication ; Routability optimization   ;           ;                ; riscv_cpu:rvcpu|datapath:dp|reset_ff:pcreg|q[4]~DUPLICATE  ;                  ;                       ;
; riscv_cpu:rvcpu|datapath:dp|reset_ff:pcreg|q[5]  ; Duplicated ; Router Logic Cell Insertion and Logic Duplication ; Routability optimization   ;           ;                ; riscv_cpu:rvcpu|datapath:dp|reset_ff:pcreg|q[5]~DUPLICATE  ;                  ;                       ;
; riscv_cpu:rvcpu|datapath:dp|reset_ff:pcreg|q[6]  ; Duplicated ; Router Logic Cell Insertion and Logic Duplication ; Routability optimization   ;           ;                ; riscv_cpu:rvcpu|datapath:dp|reset_ff:pcreg|q[6]~DUPLICATE  ;                  ;                       ;
; riscv_cpu:rvcpu|datapath:dp|reset_ff:pcreg|q[7]  ; Duplicated ; Router Logic Cell Insertion and Logic Duplication ; Routability optimization   ;           ;                ; riscv_cpu:rvcpu|datapath:dp|reset_ff:pcreg|q[7]~DUPLICATE  ;                  ;                       ;
; riscv_cpu:rvcpu|datapath:dp|reset_ff:pcreg|q[8]  ; Duplicated ; Router Logic Cell Insertion and Logic Duplication ; Routability optimization   ;           ;                ; riscv_cpu:rvcpu|datapath:dp|reset_ff:pcreg|q[8]~DUPLICATE  ;                  ;                       ;
; riscv_cpu:rvcpu|datapath:dp|reset_ff:pcreg|q[9]  ; Duplicated ; Router Logic Cell Insertion and Logic Duplication ; Routability optimization   ;           ;                ; riscv_cpu:rvcpu|datapath:dp|reset_ff:pcreg|q[9]~DUPLICATE  ;                  ;                       ;
; riscv_cpu:rvcpu|datapath:dp|reset_ff:pcreg|q[10] ; Duplicated ; Router Logic Cell Insertion and Logic Duplication ; Routability optimization   ;           ;                ; riscv_cpu:rvcpu|datapath:dp|reset_ff:pcreg|q[10]~DUPLICATE ;                  ;                       ;
; riscv_cpu:rvcpu|datapath:dp|reset_ff:pcreg|q[11] ; Duplicated ; Router Logic Cell Insertion and Logic Duplication ; Routability optimization   ;           ;                ; riscv_cpu:rvcpu|datapath:dp|reset_ff:pcreg|q[11]~DUPLICATE ;                  ;                       ;
; riscv_cpu:rvcpu|datapath:dp|reset_ff:pcreg|q[17] ; Duplicated ; Router Logic Cell Insertion and Logic Duplication ; Routability optimization   ;           ;                ; riscv_cpu:rvcpu|datapath:dp|reset_ff:pcreg|q[17]~DUPLICATE ;                  ;                       ;
; riscv_cpu:rvcpu|datapath:dp|reset_ff:pcreg|q[30] ; Duplicated ; Router Logic Cell Insertion and Logic Duplication ; Routability optimization   ;           ;                ; riscv_cpu:rvcpu|datapath:dp|reset_ff:pcreg|q[30]~DUPLICATE ;                  ;                       ;
+--------------------------------------------------+------------+---------------------------------------------------+----------------------------+-----------+----------------+------------------------------------------------------------+------------------+-----------------------+


+---------------------------------------------------------------------------------------------------+
; Incremental Compilation Preservation Summary                                                      ;
+---------------------+---------------------+----------------------------+--------------------------+
; Type                ; Total [A + B]       ; From Design Partitions [A] ; From Rapid Recompile [B] ;
+---------------------+---------------------+----------------------------+--------------------------+
; Placement (by node) ;                     ;                            ;                          ;
;     -- Requested    ; 0.00 % ( 0 / 9631 ) ; 0.00 % ( 0 / 9631 )        ; 0.00 % ( 0 / 9631 )      ;
;     -- Achieved     ; 0.00 % ( 0 / 9631 ) ; 0.00 % ( 0 / 9631 )        ; 0.00 % ( 0 / 9631 )      ;
;                     ;                     ;                            ;                          ;
; Routing (by net)    ;                     ;                            ;                          ;
;     -- Requested    ; 0.00 % ( 0 / 0 )    ; 0.00 % ( 0 / 0 )           ; 0.00 % ( 0 / 0 )         ;
;     -- Achieved     ; 0.00 % ( 0 / 0 )    ; 0.00 % ( 0 / 0 )           ; 0.00 % ( 0 / 0 )         ;
+---------------------+---------------------+----------------------------+--------------------------+


+----------------------------------------------------------------------------------------------------------------------------------------------------------------------------------------+
; Incremental Compilation Partition Settings                                                                                                                                             ;
+--------------------------------+----------------+-------------------+-------------------------+------------------------+------------------------------+--------------------------------+
; Partition Name                 ; Partition Type ; Netlist Type Used ; Preservation Level Used ; Netlist Type Requested ; Preservation Level Requested ; Contents                       ;
+--------------------------------+----------------+-------------------+-------------------------+------------------------+------------------------------+--------------------------------+
; Top                            ; User-created   ; Source File       ; N/A                     ; Source File            ; N/A                          ;                                ;
; hard_block:auto_generated_inst ; Auto-generated ; Source File       ; N/A                     ; Source File            ; N/A                          ; hard_block:auto_generated_inst ;
+--------------------------------+----------------+-------------------+-------------------------+------------------------+------------------------------+--------------------------------+


+------------------------------------------------------------------------------------------------------------------------------------+
; Incremental Compilation Placement Preservation                                                                                     ;
+--------------------------------+-----------------------+-------------------------+-------------------+---------------------+-------+
; Partition Name                 ; Preservation Achieved ; Preservation Level Used ; Netlist Type Used ; Preservation Method ; Notes ;
+--------------------------------+-----------------------+-------------------------+-------------------+---------------------+-------+
; Top                            ; 0.00 % ( 0 / 9631 )   ; N/A                     ; Source File       ; N/A                 ;       ;
; hard_block:auto_generated_inst ; 0.00 % ( 0 / 0 )      ; N/A                     ; Source File       ; N/A                 ;       ;
+--------------------------------+-----------------------+-------------------------+-------------------+---------------------+-------+


+--------------+
; Pin-Out File ;
+--------------+
The pin-out file can be found in /home/maruthi/intelFPGA_lite/20.1/quartus/t1c_riscv_cpu/output_files/t1c_riscv_cpu.pin.


+---------------------------------------------------------------------------------------------+
; Fitter Resource Usage Summary                                                               ;
+-------------------------------------------------------------+-----------------------+-------+
; Resource                                                    ; Usage                 ; %     ;
+-------------------------------------------------------------+-----------------------+-------+
; Logic utilization (ALMs needed / total ALMs on device)      ; 4,334 / 56,480        ; 8 %   ;
; ALMs needed [=A-B+C]                                        ; 4,334                 ;       ;
;     [A] ALMs used in final placement [=a+b+c+d]             ; 4,728 / 56,480        ; 8 %   ;
;         [a] ALMs used for LUT logic and registers           ; 428                   ;       ;
;         [b] ALMs used for LUT logic                         ; 3,320                 ;       ;
;         [c] ALMs used for registers                         ; 980                   ;       ;
;         [d] ALMs used for memory (up to half of total ALMs) ; 0                     ;       ;
;     [B] Estimate of ALMs recoverable by dense packing       ; 695 / 56,480          ; 1 %   ;
;     [C] Estimate of ALMs unavailable [=a+b+c+d]             ; 301 / 56,480          ; < 1 % ;
;         [a] Due to location constrained logic               ; 0                     ;       ;
;         [b] Due to LAB-wide signal conflicts                ; 12                    ;       ;
;         [c] Due to LAB input limits                         ; 289                   ;       ;
;         [d] Due to virtual I/Os                             ; 0                     ;       ;
;                                                             ;                       ;       ;
; Difficulty packing design                                   ; Low                   ;       ;
;                                                             ;                       ;       ;
; Total LABs:  partially or completely used                   ; 663 / 5,648           ; 12 %  ;
;     -- Logic LABs                                           ; 663                   ;       ;
;     -- Memory LABs (up to half of total LABs)               ; 0                     ;       ;
;                                                             ;                       ;       ;
; Combinational ALUT usage for logic                          ; 6,068                 ;       ;
;     -- 7 input functions                                    ; 536                   ;       ;
;     -- 6 input functions                                    ; 1,203                 ;       ;
;     -- 5 input functions                                    ; 1,882                 ;       ;
;     -- 4 input functions                                    ; 1,606                 ;       ;
;     -- <=3 input functions                                  ; 841                   ;       ;
; Combinational ALUT usage for route-throughs                 ; 1,144                 ;       ;
;                                                             ;                       ;       ;
; Dedicated logic registers                                   ; 3,117                 ;       ;
;     -- By type:                                             ;                       ;       ;
;         -- Primary logic registers                          ; 2,814 / 112,960       ; 2 %   ;
;         -- Secondary logic registers                        ; 303 / 112,960         ; < 1 % ;
;     -- By function:                                         ;                       ;       ;
;         -- Design implementation registers                  ; 3,104                 ;       ;
;         -- Routing optimization registers                   ; 13                    ;       ;
;                                                             ;                       ;       ;
; Virtual pins                                                ; 0                     ;       ;
; I/O pins                                                    ; 228 / 378             ; 60 %  ;
;     -- Clock pins                                           ; 11 / 15               ; 73 %  ;
;     -- Dedicated input pins                                 ; 0 / 29                ; 0 %   ;
;                                                             ;                       ;       ;
; M10K blocks                                                 ; 0 / 686               ; 0 %   ;
; Total MLAB memory bits                                      ; 0                     ;       ;
; Total block memory bits                                     ; 0 / 7,024,640         ; 0 %   ;
; Total block memory implementation bits                      ; 0 / 7,024,640         ; 0 %   ;
;                                                             ;                       ;       ;
; Total DSP Blocks                                            ; 2 / 156               ; 1 %   ;
;                                                             ;                       ;       ;
; Fractional PLLs                                             ; 0 / 7                 ; 0 %   ;
; Global signals                                              ; 1                     ;       ;
;     -- Global clocks                                        ; 1 / 16                ; 6 %   ;
;     -- Quadrant clocks                                      ; 0 / 88                ; 0 %   ;
;     -- Horizontal periphery clocks                          ; 0 / 18                ; 0 %   ;
; SERDES Transmitters                                         ; 0 / 120               ; 0 %   ;
; SERDES Receivers                                            ; 0 / 120               ; 0 %   ;
; JTAGs                                                       ; 0 / 1                 ; 0 %   ;
; ASMI blocks                                                 ; 0 / 1                 ; 0 %   ;
; CRC blocks                                                  ; 0 / 1                 ; 0 %   ;
; Remote update blocks                                        ; 0 / 1                 ; 0 %   ;
; Oscillator blocks                                           ; 0 / 1                 ; 0 %   ;
; Hard IPs                                                    ; 0 / 2                 ; 0 %   ;
; Standard RX PCSs                                            ; 0 / 9                 ; 0 %   ;
; HSSI PMA RX Deserializers                                   ; 0 / 9                 ; 0 %   ;
; Standard TX PCSs                                            ; 0 / 9                 ; 0 %   ;
; HSSI PMA TX Serializers                                     ; 0 / 9                 ; 0 %   ;
; Channel PLLs                                                ; 0 / 9                 ; 0 %   ;
; Impedance control blocks                                    ; 0 / 3                 ; 0 %   ;
; Hard Memory Controllers                                     ; 0 / 2                 ; 0 %   ;
; Average interconnect usage (total/H/V)                      ; 5.4% / 5.3% / 5.8%    ;       ;
; Peak interconnect usage (total/H/V)                         ; 66.4% / 67.6% / 62.6% ;       ;
; Maximum fan-out                                             ; 3117                  ;       ;
; Highest non-global fan-out                                  ; 292                   ;       ;
; Total fan-out                                               ; 41233                 ;       ;
; Average fan-out                                             ; 3.82                  ;       ;
+-------------------------------------------------------------+-----------------------+-------+


+-----------------------------------------------------------------------------------------------------------------------+
; Fitter Partition Statistics                                                                                           ;
+-------------------------------------------------------------+------------------------+--------------------------------+
; Statistic                                                   ; Top                    ; hard_block:auto_generated_inst ;
+-------------------------------------------------------------+------------------------+--------------------------------+
; Logic utilization (ALMs needed / total ALMs on device)      ; 4334 / 56480 ( 8 % )   ; 0 / 56480 ( 0 % )              ;
; ALMs needed [=A-B+C]                                        ; 4334                   ; 0                              ;
;     [A] ALMs used in final placement [=a+b+c+d]             ; 4728 / 56480 ( 8 % )   ; 0 / 56480 ( 0 % )              ;
;         [a] ALMs used for LUT logic and registers           ; 428                    ; 0                              ;
;         [b] ALMs used for LUT logic                         ; 3320                   ; 0                              ;
;         [c] ALMs used for registers                         ; 980                    ; 0                              ;
;         [d] ALMs used for memory (up to half of total ALMs) ; 0                      ; 0                              ;
;     [B] Estimate of ALMs recoverable by dense packing       ; 695 / 56480 ( 1 % )    ; 0 / 56480 ( 0 % )              ;
;     [C] Estimate of ALMs unavailable [=a+b+c+d]             ; 301 / 56480 ( < 1 % )  ; 0 / 56480 ( 0 % )              ;
;         [a] Due to location constrained logic               ; 0                      ; 0                              ;
;         [b] Due to LAB-wide signal conflicts                ; 12                     ; 0                              ;
;         [c] Due to LAB input limits                         ; 289                    ; 0                              ;
;         [d] Due to virtual I/Os                             ; 0                      ; 0                              ;
;                                                             ;                        ;                                ;
; Difficulty packing design                                   ; Low                    ; Low                            ;
;                                                             ;                        ;                                ;
; Total LABs:  partially or completely used                   ; 663 / 5648 ( 12 % )    ; 0 / 5648 ( 0 % )               ;
;     -- Logic LABs                                           ; 663                    ; 0                              ;
;     -- Memory LABs (up to half of total LABs)               ; 0                      ; 0                              ;
;                                                             ;                        ;                                ;
; Combinational ALUT usage for logic                          ; 6068                   ; 0                              ;
;     -- 7 input functions                                    ; 536                    ; 0                              ;
;     -- 6 input functions                                    ; 1203                   ; 0                              ;
;     -- 5 input functions                                    ; 1882                   ; 0                              ;
;     -- 4 input functions                                    ; 1606                   ; 0                              ;
;     -- <=3 input functions                                  ; 841                    ; 0                              ;
; Combinational ALUT usage for route-throughs                 ; 1144                   ; 0                              ;
; Memory ALUT usage                                           ; 0                      ; 0                              ;
;     -- 64-address deep                                      ; 0                      ; 0                              ;
;     -- 32-address deep                                      ; 0                      ; 0                              ;
;                                                             ;                        ;                                ;
; Dedicated logic registers                                   ; 0                      ; 0                              ;
;     -- By type:                                             ;                        ;                                ;
;         -- Primary logic registers                          ; 2814 / 112960 ( 2 % )  ; 0 / 112960 ( 0 % )             ;
;         -- Secondary logic registers                        ; 303 / 112960 ( < 1 % ) ; 0 / 112960 ( 0 % )             ;
;     -- By function:                                         ;                        ;                                ;
;         -- Design implementation registers                  ; 3104                   ; 0                              ;
;         -- Routing optimization registers                   ; 13                     ; 0                              ;
;                                                             ;                        ;                                ;
;                                                             ;                        ;                                ;
; Virtual pins                                                ; 0                      ; 0                              ;
; I/O pins                                                    ; 228                    ; 0                              ;
; I/O registers                                               ; 0                      ; 0                              ;
; Total block memory bits                                     ; 0                      ; 0                              ;
; Total block memory implementation bits                      ; 0                      ; 0                              ;
; DSP block                                                   ; 2 / 156 ( 1 % )        ; 0 / 156 ( 0 % )                ;
; Clock enable block                                          ; 1 / 122 ( < 1 % )      ; 0 / 122 ( 0 % )                ;
;                                                             ;                        ;                                ;
; Connections                                                 ;                        ;                                ;
;     -- Input Connections                                    ; 0                      ; 0                              ;
;     -- Registered Input Connections                         ; 0                      ; 0                              ;
;     -- Output Connections                                   ; 0                      ; 0                              ;
;     -- Registered Output Connections                        ; 0                      ; 0                              ;
;                                                             ;                        ;                                ;
; Internal Connections                                        ;                        ;                                ;
;     -- Total Connections                                    ; 41253                  ; 0                              ;
;     -- Registered Connections                               ; 4830                   ; 0                              ;
;                                                             ;                        ;                                ;
; External Connections                                        ;                        ;                                ;
;     -- Top                                                  ; 0                      ; 0                              ;
;     -- hard_block:auto_generated_inst                       ; 0                      ; 0                              ;
;                                                             ;                        ;                                ;
; Partition Interface                                         ;                        ;                                ;
;     -- Input Ports                                          ; 67                     ; 0                              ;
;     -- Output Ports                                         ; 161                    ; 0                              ;
;     -- Bidir Ports                                          ; 0                      ; 0                              ;
;                                                             ;                        ;                                ;
; Registered Ports                                            ;                        ;                                ;
;     -- Registered Input Ports                               ; 0                      ; 0                              ;
;     -- Registered Output Ports                              ; 0                      ; 0                              ;
;                                                             ;                        ;                                ;
; Port Connectivity                                           ;                        ;                                ;
;     -- Input Ports driven by GND                            ; 0                      ; 0                              ;
;     -- Output Ports driven by GND                           ; 0                      ; 0                              ;
;     -- Input Ports driven by VCC                            ; 0                      ; 0                              ;
;     -- Output Ports driven by VCC                           ; 0                      ; 0                              ;
;     -- Input Ports with no Source                           ; 0                      ; 0                              ;
;     -- Output Ports with no Source                          ; 0                      ; 0                              ;
;     -- Input Ports with no Fanout                           ; 0                      ; 0                              ;
;     -- Output Ports with no Fanout                          ; 0                      ; 0                              ;
+-------------------------------------------------------------+------------------------+--------------------------------+


+--------------------------------------------------------------------------------------------------------------------------------------------------------------------------------------------------------------------------------------------------------------------------------------------------+
; Input Pins                                                                                                                                                                                                                                                                                       ;
+-------------------+-------+----------+--------------+--------------+--------------+-----------------------+--------------------+--------+----------------+-----------------+----------+--------------+--------------+-------------+---------------------------+----------------------+-----------+
; Name              ; Pin # ; I/O Bank ; X coordinate ; Y coordinate ; Z coordinate ; Combinational Fan-Out ; Registered Fan-Out ; Global ; Input Register ; PCI I/O Enabled ; Bus Hold ; Weak Pull Up ; I/O Standard ; Termination ; Termination Control Block ; Location assigned by ; Slew Rate ;
+-------------------+-------+----------+--------------+--------------+--------------+-----------------------+--------------------+--------+----------------+-----------------+----------+--------------+--------------+-------------+---------------------------+----------------------+-----------+
; Ext_DataAdr[0]    ; R9    ; 3A       ; 6            ; 0            ; 0            ; 1                     ; 0                  ; no     ; no             ; no              ; no       ; Off          ; 2.5 V        ; Off         ; --                        ; Fitter               ; no        ;
; Ext_DataAdr[10]   ; AF11  ; 4A       ; 56           ; 0            ; 34           ; 1                     ; 0                  ; no     ; no             ; no              ; no       ; Off          ; 2.5 V        ; Off         ; --                        ; Fitter               ; no        ;
; Ext_DataAdr[11]   ; A11   ; 7A       ; 60           ; 81           ; 51           ; 1                     ; 0                  ; no     ; no             ; no              ; no       ; Off          ; 2.5 V        ; Off         ; --                        ; Fitter               ; no        ;
; Ext_DataAdr[12]   ; H8    ; 8A       ; 38           ; 81           ; 0            ; 1                     ; 0                  ; no     ; no             ; no              ; no       ; Off          ; 2.5 V        ; Off         ; --                        ; Fitter               ; no        ;
; Ext_DataAdr[13]   ; B12   ; 7A       ; 56           ; 81           ; 34           ; 1                     ; 0                  ; no     ; no             ; no              ; no       ; Off          ; 2.5 V        ; Off         ; --                        ; Fitter               ; no        ;
; Ext_DataAdr[14]   ; F12   ; 7A       ; 54           ; 81           ; 17           ; 1                     ; 0                  ; no     ; no             ; no              ; no       ; Off          ; 2.5 V        ; Off         ; --                        ; Fitter               ; no        ;
; Ext_DataAdr[15]   ; Y15   ; 4A       ; 64           ; 0            ; 0            ; 1                     ; 0                  ; no     ; no             ; no              ; no       ; Off          ; 2.5 V        ; Off         ; --                        ; Fitter               ; no        ;
; Ext_DataAdr[16]   ; L24   ; 6A       ; 89           ; 52           ; 20           ; 1                     ; 0                  ; no     ; no             ; no              ; no       ; Off          ; 2.5 V        ; Off         ; --                        ; Fitter               ; no        ;
; Ext_DataAdr[17]   ; AD17  ; 4A       ; 66           ; 0            ; 40           ; 1                     ; 0                  ; no     ; no             ; no              ; no       ; Off          ; 2.5 V        ; Off         ; --                        ; Fitter               ; no        ;
; Ext_DataAdr[18]   ; AA16  ; 4A       ; 62           ; 0            ; 0            ; 1                     ; 0                  ; no     ; no             ; no              ; no       ; Off          ; 2.5 V        ; Off         ; --                        ; Fitter               ; no        ;
; Ext_DataAdr[19]   ; E15   ; 7A       ; 58           ; 81           ; 57           ; 1                     ; 0                  ; no     ; no             ; no              ; no       ; Off          ; 2.5 V        ; Off         ; --                        ; Fitter               ; no        ;
; Ext_DataAdr[1]    ; AF9   ; 3B       ; 36           ; 0            ; 51           ; 1                     ; 0                  ; no     ; no             ; no              ; no       ; Off          ; 2.5 V        ; Off         ; --                        ; Fitter               ; no        ;
; Ext_DataAdr[20]   ; AF12  ; 4A       ; 56           ; 0            ; 51           ; 1                     ; 0                  ; no     ; no             ; no              ; no       ; Off          ; 2.5 V        ; Off         ; --                        ; Fitter               ; no        ;
; Ext_DataAdr[21]   ; AE13  ; 4A       ; 60           ; 0            ; 34           ; 1                     ; 0                  ; no     ; no             ; no              ; no       ; Off          ; 2.5 V        ; Off         ; --                        ; Fitter               ; no        ;
; Ext_DataAdr[22]   ; V25   ; 5B       ; 89           ; 32           ; 54           ; 1                     ; 0                  ; no     ; no             ; no              ; no       ; Off          ; 2.5 V        ; Off         ; --                        ; Fitter               ; no        ;
; Ext_DataAdr[23]   ; N12   ; 7A       ; 60           ; 81           ; 0            ; 1                     ; 0                  ; no     ; no             ; no              ; no       ; Off          ; 2.5 V        ; Off         ; --                        ; Fitter               ; no        ;
; Ext_DataAdr[24]   ; R20   ; 5B       ; 89           ; 35           ; 43           ; 1                     ; 0                  ; no     ; no             ; no              ; no       ; Off          ; 2.5 V        ; Off         ; --                        ; Fitter               ; no        ;
; Ext_DataAdr[25]   ; AE18  ; 4A       ; 64           ; 0            ; 34           ; 1                     ; 0                  ; no     ; no             ; no              ; no       ; Off          ; 2.5 V        ; Off         ; --                        ; Fitter               ; no        ;
; Ext_DataAdr[26]   ; AB17  ; 4A       ; 70           ; 0            ; 0            ; 1                     ; 0                  ; no     ; no             ; no              ; no       ; Off          ; 2.5 V        ; Off         ; --                        ; Fitter               ; no        ;
; Ext_DataAdr[27]   ; G20   ; 6A       ; 89           ; 70           ; 3            ; 1                     ; 0                  ; no     ; no             ; no              ; no       ; Off          ; 2.5 V        ; Off         ; --                        ; Fitter               ; no        ;
; Ext_DataAdr[28]   ; AB15  ; 4A       ; 58           ; 0            ; 40           ; 1                     ; 0                  ; no     ; no             ; no              ; no       ; Off          ; 2.5 V        ; Off         ; --                        ; Fitter               ; no        ;
; Ext_DataAdr[29]   ; AF21  ; 4A       ; 70           ; 0            ; 34           ; 1                     ; 0                  ; no     ; no             ; no              ; no       ; Off          ; 2.5 V        ; Off         ; --                        ; Fitter               ; no        ;
; Ext_DataAdr[2]    ; AE20  ; 4A       ; 72           ; 0            ; 34           ; 1                     ; 0                  ; no     ; no             ; no              ; no       ; Off          ; 2.5 V        ; Off         ; --                        ; Fitter               ; no        ;
; Ext_DataAdr[30]   ; AD18  ; 4A       ; 66           ; 0            ; 91           ; 1                     ; 0                  ; no     ; no             ; no              ; no       ; Off          ; 2.5 V        ; Off         ; --                        ; Fitter               ; no        ;
; Ext_DataAdr[31]   ; V14   ; 4A       ; 60           ; 0            ; 17           ; 1                     ; 0                  ; no     ; no             ; no              ; no       ; Off          ; 2.5 V        ; Off         ; --                        ; Fitter               ; no        ;
; Ext_DataAdr[3]    ; G24   ; 6A       ; 89           ; 51           ; 54           ; 1                     ; 0                  ; no     ; no             ; no              ; no       ; Off          ; 2.5 V        ; Off         ; --                        ; Fitter               ; no        ;
; Ext_DataAdr[4]    ; F24   ; 6A       ; 89           ; 51           ; 37           ; 1                     ; 0                  ; no     ; no             ; no              ; no       ; Off          ; 2.5 V        ; Off         ; --                        ; Fitter               ; no        ;
; Ext_DataAdr[5]    ; AC23  ; 5A       ; 89           ; 4            ; 94           ; 1                     ; 0                  ; no     ; no             ; no              ; no       ; Off          ; 2.5 V        ; Off         ; --                        ; Fitter               ; no        ;
; Ext_DataAdr[6]    ; F21   ; 6A       ; 89           ; 70           ; 20           ; 1                     ; 0                  ; no     ; no             ; no              ; no       ; Off          ; 2.5 V        ; Off         ; --                        ; Fitter               ; no        ;
; Ext_DataAdr[7]    ; D21   ; 7A       ; 82           ; 81           ; 40           ; 1                     ; 0                  ; no     ; no             ; no              ; no       ; Off          ; 2.5 V        ; Off         ; --                        ; Fitter               ; no        ;
; Ext_DataAdr[8]    ; C18   ; 7A       ; 78           ; 81           ; 51           ; 1                     ; 0                  ; no     ; no             ; no              ; no       ; Off          ; 2.5 V        ; Off         ; --                        ; Fitter               ; no        ;
; Ext_DataAdr[9]    ; T19   ; 5A       ; 89           ; 9            ; 3            ; 1                     ; 0                  ; no     ; no             ; no              ; no       ; Off          ; 2.5 V        ; Off         ; --                        ; Fitter               ; no        ;
; Ext_MemWrite      ; A23   ; 7A       ; 86           ; 81           ; 34           ; 33                    ; 0                  ; no     ; no             ; no              ; no       ; Off          ; 2.5 V        ; Off         ; --                        ; Fitter               ; no        ;
; Ext_WriteData[0]  ; E13   ; 7A       ; 50           ; 81           ; 40           ; 1                     ; 0                  ; no     ; no             ; no              ; no       ; Off          ; 2.5 V        ; Off         ; --                        ; Fitter               ; no        ;
; Ext_WriteData[10] ; A7    ; 8A       ; 38           ; 81           ; 34           ; 1                     ; 0                  ; no     ; no             ; no              ; no       ; Off          ; 2.5 V        ; Off         ; --                        ; Fitter               ; no        ;
; Ext_WriteData[11] ; E9    ; 8A       ; 26           ; 81           ; 91           ; 1                     ; 0                  ; no     ; no             ; no              ; no       ; Off          ; 2.5 V        ; Off         ; --                        ; Fitter               ; no        ;
; Ext_WriteData[12] ; H9    ; 8A       ; 38           ; 81           ; 17           ; 1                     ; 0                  ; no     ; no             ; no              ; no       ; Off          ; 2.5 V        ; Off         ; --                        ; Fitter               ; no        ;
; Ext_WriteData[13] ; M11   ; 7A       ; 52           ; 81           ; 0            ; 1                     ; 0                  ; no     ; no             ; no              ; no       ; Off          ; 2.5 V        ; Off         ; --                        ; Fitter               ; no        ;
; Ext_WriteData[14] ; J21   ; 6A       ; 89           ; 68           ; 20           ; 1                     ; 0                  ; no     ; no             ; no              ; no       ; Off          ; 2.5 V        ; Off         ; --                        ; Fitter               ; no        ;
; Ext_WriteData[15] ; A5    ; 8A       ; 40           ; 81           ; 34           ; 1                     ; 0                  ; no     ; no             ; no              ; no       ; Off          ; 2.5 V        ; Off         ; --                        ; Fitter               ; no        ;
; Ext_WriteData[16] ; N9    ; 8A       ; 40           ; 81           ; 0            ; 1                     ; 0                  ; no     ; no             ; no              ; no       ; Off          ; 2.5 V        ; Off         ; --                        ; Fitter               ; no        ;
; Ext_WriteData[17] ; G22   ; 6A       ; 89           ; 54           ; 54           ; 1                     ; 0                  ; no     ; no             ; no              ; no       ; Off          ; 2.5 V        ; Off         ; --                        ; Fitter               ; no        ;
; Ext_WriteData[18] ; AF22  ; 4A       ; 70           ; 0            ; 51           ; 1                     ; 0                  ; no     ; no             ; no              ; no       ; Off          ; 2.5 V        ; Off         ; --                        ; Fitter               ; no        ;
; Ext_WriteData[19] ; AD12  ; 4A       ; 52           ; 0            ; 51           ; 1                     ; 0                  ; no     ; no             ; no              ; no       ; Off          ; 2.5 V        ; Off         ; --                        ; Fitter               ; no        ;
; Ext_WriteData[1]  ; AE26  ; 4A       ; 84           ; 0            ; 51           ; 1                     ; 0                  ; no     ; no             ; no              ; no       ; Off          ; 2.5 V        ; Off         ; --                        ; Fitter               ; no        ;
; Ext_WriteData[20] ; J12   ; 7A       ; 76           ; 81           ; 0            ; 1                     ; 0                  ; no     ; no             ; no              ; no       ; Off          ; 2.5 V        ; Off         ; --                        ; Fitter               ; no        ;
; Ext_WriteData[21] ; K9    ; 8A       ; 32           ; 81           ; 17           ; 1                     ; 0                  ; no     ; no             ; no              ; no       ; Off          ; 2.5 V        ; Off         ; --                        ; Fitter               ; no        ;
; Ext_WriteData[22] ; AA14  ; 4A       ; 50           ; 0            ; 57           ; 1                     ; 0                  ; no     ; no             ; no              ; no       ; Off          ; 2.5 V        ; Off         ; --                        ; Fitter               ; no        ;
; Ext_WriteData[23] ; H12   ; 7A       ; 56           ; 81           ; 0            ; 1                     ; 0                  ; no     ; no             ; no              ; no       ; Off          ; 2.5 V        ; Off         ; --                        ; Fitter               ; no        ;
; Ext_WriteData[24] ; D13   ; 7A       ; 50           ; 81           ; 57           ; 1                     ; 0                  ; no     ; no             ; no              ; no       ; Off          ; 2.5 V        ; Off         ; --                        ; Fitter               ; no        ;
; Ext_WriteData[25] ; J8    ; 8A       ; 30           ; 81           ; 17           ; 1                     ; 0                  ; no     ; no             ; no              ; no       ; Off          ; 2.5 V        ; Off         ; --                        ; Fitter               ; no        ;
; Ext_WriteData[26] ; J11   ; 7A       ; 76           ; 81           ; 17           ; 1                     ; 0                  ; no     ; no             ; no              ; no       ; Off          ; 2.5 V        ; Off         ; --                        ; Fitter               ; no        ;
; Ext_WriteData[27] ; D12   ; 7A       ; 50           ; 81           ; 91           ; 1                     ; 0                  ; no     ; no             ; no              ; no       ; Off          ; 2.5 V        ; Off         ; --                        ; Fitter               ; no        ;
; Ext_WriteData[28] ; V20   ; 5A       ; 89           ; 4            ; 60           ; 1                     ; 0                  ; no     ; no             ; no              ; no       ; Off          ; 2.5 V        ; Off         ; --                        ; Fitter               ; no        ;
; Ext_WriteData[29] ; B7    ; 8A       ; 38           ; 81           ; 51           ; 1                     ; 0                  ; no     ; no             ; no              ; no       ; Off          ; 2.5 V        ; Off         ; --                        ; Fitter               ; no        ;
; Ext_WriteData[2]  ; H10   ; 8A       ; 34           ; 81           ; 40           ; 1                     ; 0                  ; no     ; no             ; no              ; no       ; Off          ; 2.5 V        ; Off         ; --                        ; Fitter               ; no        ;
; Ext_WriteData[30] ; V12   ; 4A       ; 56           ; 0            ; 17           ; 1                     ; 0                  ; no     ; no             ; no              ; no       ; Off          ; 2.5 V        ; Off         ; --                        ; Fitter               ; no        ;
; Ext_WriteData[31] ; B6    ; 8A       ; 40           ; 81           ; 51           ; 1                     ; 0                  ; no     ; no             ; no              ; no       ; Off          ; 2.5 V        ; Off         ; --                        ; Fitter               ; no        ;
; Ext_WriteData[3]  ; C13   ; 7A       ; 52           ; 81           ; 34           ; 1                     ; 0                  ; no     ; no             ; no              ; no       ; Off          ; 2.5 V        ; Off         ; --                        ; Fitter               ; no        ;
; Ext_WriteData[4]  ; D11   ; 7A       ; 50           ; 81           ; 74           ; 1                     ; 0                  ; no     ; no             ; no              ; no       ; Off          ; 2.5 V        ; Off         ; --                        ; Fitter               ; no        ;
; Ext_WriteData[5]  ; C23   ; 7A       ; 88           ; 81           ; 35           ; 1                     ; 0                  ; no     ; no             ; no              ; no       ; Off          ; 2.5 V        ; Off         ; --                        ; Fitter               ; no        ;
; Ext_WriteData[6]  ; L9    ; 8A       ; 36           ; 81           ; 17           ; 1                     ; 0                  ; no     ; no             ; no              ; no       ; Off          ; 2.5 V        ; Off         ; --                        ; Fitter               ; no        ;
; Ext_WriteData[7]  ; A12   ; 7A       ; 54           ; 81           ; 34           ; 1                     ; 0                  ; no     ; no             ; no              ; no       ; Off          ; 2.5 V        ; Off         ; --                        ; Fitter               ; no        ;
; Ext_WriteData[8]  ; A22   ; 7A       ; 86           ; 81           ; 51           ; 1                     ; 0                  ; no     ; no             ; no              ; no       ; Off          ; 2.5 V        ; Off         ; --                        ; Fitter               ; no        ;
; Ext_WriteData[9]  ; G10   ; 8A       ; 34           ; 81           ; 57           ; 1                     ; 0                  ; no     ; no             ; no              ; no       ; Off          ; 2.5 V        ; Off         ; --                        ; Fitter               ; no        ;
; clk               ; P11   ; 3B       ; 40           ; 0            ; 0            ; 3117                  ; 0                  ; yes    ; no             ; no              ; no       ; Off          ; 2.5 V        ; Off         ; --                        ; Fitter               ; no        ;
; reset             ; T21   ; 5B       ; 89           ; 27           ; 43           ; 111                   ; 0                  ; no     ; no             ; no              ; no       ; Off          ; 2.5 V        ; Off         ; --                        ; Fitter               ; no        ;
+-------------------+-------+----------+--------------+--------------+--------------+-----------------------+--------------------+--------+----------------+-----------------+----------+--------------+--------------+-------------+---------------------------+----------------------+-----------+


+----------------------------------------------------------------------------------------------------------------------------------------------------------------------------------------------------------------------------------------------------------------------------------------------------------------------------------------------------------------------------------------------------------------------------------------------------------------------------------------------------+
; Output Pins                                                                                                                                                                                                                                                                                                                                                                                                                                                                                        ;
+---------------+-------+----------+--------------+--------------+--------------+-----------------+------------------------+-----------+-----------------+------------+---------------+----------+--------------+--------------+------------------+-----------------------------------+---------------------------+----------------------------+-----------------------------+---------------------+-----------------------------+----------------------+----------------------+---------------------+
; Name          ; Pin # ; I/O Bank ; X coordinate ; Y coordinate ; Z coordinate ; Output Register ; Output Enable Register ; Slew Rate ; PCI I/O Enabled ; Open Drain ; TRI Primitive ; Bus Hold ; Weak Pull Up ; I/O Standard ; Current Strength ; Termination                       ; Termination Control Block ; Output Buffer Pre-emphasis ; Voltage Output Differential ; Output Buffer Delay ; Output Buffer Delay Control ; Location assigned by ; Output Enable Source ; Output Enable Group ;
+---------------+-------+----------+--------------+--------------+--------------+-----------------+------------------------+-----------+-----------------+------------+---------------+----------+--------------+--------------+------------------+-----------------------------------+---------------------------+----------------------------+-----------------------------+---------------------+-----------------------------+----------------------+----------------------+---------------------+
; DataAdr[0]    ; AB25  ; 5B       ; 89           ; 29           ; 54           ; no              ; no                     ; 1         ; no              ; no         ; no            ; no       ; Off          ; 2.5 V        ; Default          ; Series 50 Ohm without Calibration ; --                        ; no                         ; no                          ; 0                   ; Off                         ; Fitter               ; -                    ; -                   ;
; DataAdr[10]   ; C10   ; 7A       ; 62           ; 81           ; 51           ; no              ; no                     ; 1         ; no              ; no         ; no            ; no       ; Off          ; 2.5 V        ; Default          ; Series 50 Ohm without Calibration ; --                        ; no                         ; no                          ; 0                   ; Off                         ; Fitter               ; -                    ; -                   ;
; DataAdr[11]   ; G11   ; 7A       ; 56           ; 81           ; 17           ; no              ; no                     ; 1         ; no              ; no         ; no            ; no       ; Off          ; 2.5 V        ; Default          ; Series 50 Ohm without Calibration ; --                        ; no                         ; no                          ; 0                   ; Off                         ; Fitter               ; -                    ; -                   ;
; DataAdr[12]   ; T24   ; 5B       ; 89           ; 29           ; 20           ; no              ; no                     ; 1         ; no              ; no         ; no            ; no       ; Off          ; 2.5 V        ; Default          ; Series 50 Ohm without Calibration ; --                        ; no                         ; no                          ; 0                   ; Off                         ; Fitter               ; -                    ; -                   ;
; DataAdr[13]   ; Y13   ; 4A       ; 54           ; 0            ; 17           ; no              ; no                     ; 1         ; no              ; no         ; no            ; no       ; Off          ; 2.5 V        ; Default          ; Series 50 Ohm without Calibration ; --                        ; no                         ; no                          ; 0                   ; Off                         ; Fitter               ; -                    ; -                   ;
; DataAdr[14]   ; B24   ; 7A       ; 86           ; 81           ; 0            ; no              ; no                     ; 1         ; no              ; no         ; no            ; no       ; Off          ; 2.5 V        ; Default          ; Series 50 Ohm without Calibration ; --                        ; no                         ; no                          ; 0                   ; Off                         ; Fitter               ; -                    ; -                   ;
; DataAdr[15]   ; AC14  ; 4A       ; 58           ; 0            ; 74           ; no              ; no                     ; 1         ; no              ; no         ; no            ; no       ; Off          ; 2.5 V        ; Default          ; Series 50 Ohm without Calibration ; --                        ; no                         ; no                          ; 0                   ; Off                         ; Fitter               ; -                    ; -                   ;
; DataAdr[16]   ; A24   ; 7A       ; 86           ; 81           ; 17           ; no              ; no                     ; 1         ; no              ; no         ; no            ; no       ; Off          ; 2.5 V        ; Default          ; Series 50 Ohm without Calibration ; --                        ; no                         ; no                          ; 0                   ; Off                         ; Fitter               ; -                    ; -                   ;
; DataAdr[17]   ; AC18  ; 4A       ; 66           ; 0            ; 74           ; no              ; no                     ; 1         ; no              ; no         ; no            ; no       ; Off          ; 2.5 V        ; Default          ; Series 50 Ohm without Calibration ; --                        ; no                         ; no                          ; 0                   ; Off                         ; Fitter               ; -                    ; -                   ;
; DataAdr[18]   ; AF19  ; 4A       ; 68           ; 0            ; 51           ; no              ; no                     ; 1         ; no              ; no         ; no            ; no       ; Off          ; 2.5 V        ; Default          ; Series 50 Ohm without Calibration ; --                        ; no                         ; no                          ; 0                   ; Off                         ; Fitter               ; -                    ; -                   ;
; DataAdr[19]   ; F16   ; 7A       ; 58           ; 81           ; 40           ; no              ; no                     ; 1         ; no              ; no         ; no            ; no       ; Off          ; 2.5 V        ; Default          ; Series 50 Ohm without Calibration ; --                        ; no                         ; no                          ; 0                   ; Off                         ; Fitter               ; -                    ; -                   ;
; DataAdr[1]    ; F6    ; 8A       ; 32           ; 81           ; 34           ; no              ; no                     ; 1         ; no              ; no         ; no            ; no       ; Off          ; 2.5 V        ; Default          ; Series 50 Ohm without Calibration ; --                        ; no                         ; no                          ; 0                   ; Off                         ; Fitter               ; -                    ; -                   ;
; DataAdr[20]   ; H18   ; 7A       ; 84           ; 81           ; 0            ; no              ; no                     ; 1         ; no              ; no         ; no            ; no       ; Off          ; 2.5 V        ; Default          ; Series 50 Ohm without Calibration ; --                        ; no                         ; no                          ; 0                   ; Off                         ; Fitter               ; -                    ; -                   ;
; DataAdr[21]   ; AC15  ; 4A       ; 58           ; 0            ; 57           ; no              ; no                     ; 1         ; no              ; no         ; no            ; no       ; Off          ; 2.5 V        ; Default          ; Series 50 Ohm without Calibration ; --                        ; no                         ; no                          ; 0                   ; Off                         ; Fitter               ; -                    ; -                   ;
; DataAdr[22]   ; E24   ; 6A       ; 89           ; 50           ; 77           ; no              ; no                     ; 1         ; no              ; no         ; no            ; no       ; Off          ; 2.5 V        ; Default          ; Series 50 Ohm without Calibration ; --                        ; no                         ; no                          ; 0                   ; Off                         ; Fitter               ; -                    ; -                   ;
; DataAdr[23]   ; D16   ; 7A       ; 62           ; 81           ; 17           ; no              ; no                     ; 1         ; no              ; no         ; no            ; no       ; Off          ; 2.5 V        ; Default          ; Series 50 Ohm without Calibration ; --                        ; no                         ; no                          ; 0                   ; Off                         ; Fitter               ; -                    ; -                   ;
; DataAdr[24]   ; T17   ; 4A       ; 72           ; 0            ; 0            ; no              ; no                     ; 1         ; no              ; no         ; no            ; no       ; Off          ; 2.5 V        ; Default          ; Series 50 Ohm without Calibration ; --                        ; no                         ; no                          ; 0                   ; Off                         ; Fitter               ; -                    ; -                   ;
; DataAdr[25]   ; AE14  ; 4A       ; 62           ; 0            ; 34           ; no              ; no                     ; 1         ; no              ; no         ; no            ; no       ; Off          ; 2.5 V        ; Default          ; Series 50 Ohm without Calibration ; --                        ; no                         ; no                          ; 0                   ; Off                         ; Fitter               ; -                    ; -                   ;
; DataAdr[26]   ; AB16  ; 4A       ; 62           ; 0            ; 17           ; no              ; no                     ; 1         ; no              ; no         ; no            ; no       ; Off          ; 2.5 V        ; Default          ; Series 50 Ohm without Calibration ; --                        ; no                         ; no                          ; 0                   ; Off                         ; Fitter               ; -                    ; -                   ;
; DataAdr[27]   ; AD25  ; 5B       ; 89           ; 30           ; 37           ; no              ; no                     ; 1         ; no              ; no         ; no            ; no       ; Off          ; 2.5 V        ; Default          ; Series 50 Ohm without Calibration ; --                        ; no                         ; no                          ; 0                   ; Off                         ; Fitter               ; -                    ; -                   ;
; DataAdr[28]   ; U14   ; 4A       ; 60           ; 0            ; 0            ; no              ; no                     ; 1         ; no              ; no         ; no            ; no       ; Off          ; 2.5 V        ; Default          ; Series 50 Ohm without Calibration ; --                        ; no                         ; no                          ; 0                   ; Off                         ; Fitter               ; -                    ; -                   ;
; DataAdr[29]   ; W13   ; 4A       ; 52           ; 0            ; 17           ; no              ; no                     ; 1         ; no              ; no         ; no            ; no       ; Off          ; 2.5 V        ; Default          ; Series 50 Ohm without Calibration ; --                        ; no                         ; no                          ; 0                   ; Off                         ; Fitter               ; -                    ; -                   ;
; DataAdr[2]    ; D25   ; 6A       ; 89           ; 66           ; 37           ; no              ; no                     ; 1         ; no              ; no         ; no            ; no       ; Off          ; 2.5 V        ; Default          ; Series 50 Ohm without Calibration ; --                        ; no                         ; no                          ; 0                   ; Off                         ; Fitter               ; -                    ; -                   ;
; DataAdr[30]   ; AD16  ; 4A       ; 66           ; 0            ; 57           ; no              ; no                     ; 1         ; no              ; no         ; no            ; no       ; Off          ; 2.5 V        ; Default          ; Series 50 Ohm without Calibration ; --                        ; no                         ; no                          ; 0                   ; Off                         ; Fitter               ; -                    ; -                   ;
; DataAdr[31]   ; U22   ; 5A       ; 89           ; 8            ; 20           ; no              ; no                     ; 1         ; no              ; no         ; no            ; no       ; Off          ; 2.5 V        ; Default          ; Series 50 Ohm without Calibration ; --                        ; no                         ; no                          ; 0                   ; Off                         ; Fitter               ; -                    ; -                   ;
; DataAdr[3]    ; D22   ; 6A       ; 89           ; 68           ; 37           ; no              ; no                     ; 1         ; no              ; no         ; no            ; no       ; Off          ; 2.5 V        ; Default          ; Series 50 Ohm without Calibration ; --                        ; no                         ; no                          ; 0                   ; Off                         ; Fitter               ; -                    ; -                   ;
; DataAdr[4]    ; B11   ; 7A       ; 54           ; 81           ; 51           ; no              ; no                     ; 1         ; no              ; no         ; no            ; no       ; Off          ; 2.5 V        ; Default          ; Series 50 Ohm without Calibration ; --                        ; no                         ; no                          ; 0                   ; Off                         ; Fitter               ; -                    ; -                   ;
; DataAdr[5]    ; L22   ; 6A       ; 89           ; 65           ; 43           ; no              ; no                     ; 1         ; no              ; no         ; no            ; no       ; Off          ; 2.5 V        ; Default          ; Series 50 Ohm without Calibration ; --                        ; no                         ; no                          ; 0                   ; Off                         ; Fitter               ; -                    ; -                   ;
; DataAdr[6]    ; B26   ; 6A       ; 89           ; 65           ; 94           ; no              ; no                     ; 1         ; no              ; no         ; no            ; no       ; Off          ; 2.5 V        ; Default          ; Series 50 Ohm without Calibration ; --                        ; no                         ; no                          ; 0                   ; Off                         ; Fitter               ; -                    ; -                   ;
; DataAdr[7]    ; H22   ; 6A       ; 89           ; 54           ; 3            ; no              ; no                     ; 1         ; no              ; no         ; no            ; no       ; Off          ; 2.5 V        ; Default          ; Series 50 Ohm without Calibration ; --                        ; no                         ; no                          ; 0                   ; Off                         ; Fitter               ; -                    ; -                   ;
; DataAdr[8]    ; G6    ; 8A       ; 32           ; 81           ; 51           ; no              ; no                     ; 1         ; no              ; no         ; no            ; no       ; Off          ; 2.5 V        ; Default          ; Series 50 Ohm without Calibration ; --                        ; no                         ; no                          ; 0                   ; Off                         ; Fitter               ; -                    ; -                   ;
; DataAdr[9]    ; R25   ; 5B       ; 89           ; 32           ; 20           ; no              ; no                     ; 1         ; no              ; no         ; no            ; no       ; Off          ; 2.5 V        ; Default          ; Series 50 Ohm without Calibration ; --                        ; no                         ; no                          ; 0                   ; Off                         ; Fitter               ; -                    ; -                   ;
; MemWrite      ; A13   ; 7A       ; 56           ; 81           ; 51           ; no              ; no                     ; 1         ; no              ; no         ; no            ; no       ; Off          ; 2.5 V        ; Default          ; Series 50 Ohm without Calibration ; --                        ; no                         ; no                          ; 0                   ; Off                         ; Fitter               ; -                    ; -                   ;
; PC[0]         ; P23   ; 5B       ; 89           ; 30           ; 20           ; no              ; no                     ; 1         ; no              ; no         ; no            ; no       ; Off          ; 2.5 V        ; Default          ; Series 50 Ohm without Calibration ; --                        ; no                         ; no                          ; 0                   ; Off                         ; Fitter               ; -                    ; -                   ;
; PC[10]        ; T26   ; 5B       ; 89           ; 36           ; 3            ; no              ; no                     ; 1         ; no              ; no         ; no            ; no       ; Off          ; 2.5 V        ; Default          ; Series 50 Ohm without Calibration ; --                        ; no                         ; no                          ; 0                   ; Off                         ; Fitter               ; -                    ; -                   ;
; PC[11]        ; V24   ; 5B       ; 89           ; 27           ; 94           ; no              ; no                     ; 1         ; no              ; no         ; no            ; no       ; Off          ; 2.5 V        ; Default          ; Series 50 Ohm without Calibration ; --                        ; no                         ; no                          ; 0                   ; Off                         ; Fitter               ; -                    ; -                   ;
; PC[12]        ; V13   ; 4A       ; 52           ; 0            ; 0            ; no              ; no                     ; 1         ; no              ; no         ; no            ; no       ; Off          ; 2.5 V        ; Default          ; Series 50 Ohm without Calibration ; --                        ; no                         ; no                          ; 0                   ; Off                         ; Fitter               ; -                    ; -                   ;
; PC[13]        ; K24   ; 6A       ; 89           ; 51           ; 3            ; no              ; no                     ; 1         ; no              ; no         ; no            ; no       ; Off          ; 2.5 V        ; Default          ; Series 50 Ohm without Calibration ; --                        ; no                         ; no                          ; 0                   ; Off                         ; Fitter               ; -                    ; -                   ;
; PC[14]        ; Y25   ; 5B       ; 89           ; 36           ; 37           ; no              ; no                     ; 1         ; no              ; no         ; no            ; no       ; Off          ; 2.5 V        ; Default          ; Series 50 Ohm without Calibration ; --                        ; no                         ; no                          ; 0                   ; Off                         ; Fitter               ; -                    ; -                   ;
; PC[15]        ; Y23   ; 5A       ; 89           ; 9            ; 37           ; no              ; no                     ; 1         ; no              ; no         ; no            ; no       ; Off          ; 2.5 V        ; Default          ; Series 50 Ohm without Calibration ; --                        ; no                         ; no                          ; 0                   ; Off                         ; Fitter               ; -                    ; -                   ;
; PC[16]        ; F23   ; 6A       ; 89           ; 54           ; 37           ; no              ; no                     ; 1         ; no              ; no         ; no            ; no       ; Off          ; 2.5 V        ; Default          ; Series 50 Ohm without Calibration ; --                        ; no                         ; no                          ; 0                   ; Off                         ; Fitter               ; -                    ; -                   ;
; PC[17]        ; U10   ; 3B       ; 38           ; 0            ; 0            ; no              ; no                     ; 1         ; no              ; no         ; no            ; no       ; Off          ; 2.5 V        ; Default          ; Series 50 Ohm without Calibration ; --                        ; no                         ; no                          ; 0                   ; Off                         ; Fitter               ; -                    ; -                   ;
; PC[18]        ; AC25  ; 5B       ; 89           ; 30           ; 54           ; no              ; no                     ; 1         ; no              ; no         ; no            ; no       ; Off          ; 2.5 V        ; Default          ; Series 50 Ohm without Calibration ; --                        ; no                         ; no                          ; 0                   ; Off                         ; Fitter               ; -                    ; -                   ;
; PC[19]        ; R23   ; 5B       ; 89           ; 30           ; 3            ; no              ; no                     ; 1         ; no              ; no         ; no            ; no       ; Off          ; 2.5 V        ; Default          ; Series 50 Ohm without Calibration ; --                        ; no                         ; no                          ; 0                   ; Off                         ; Fitter               ; -                    ; -                   ;
; PC[1]         ; D6    ; 8A       ; 36           ; 81           ; 34           ; no              ; no                     ; 1         ; no              ; no         ; no            ; no       ; Off          ; 2.5 V        ; Default          ; Series 50 Ohm without Calibration ; --                        ; no                         ; no                          ; 0                   ; Off                         ; Fitter               ; -                    ; -                   ;
; PC[20]        ; P20   ; 5B       ; 89           ; 35           ; 60           ; no              ; no                     ; 1         ; no              ; no         ; no            ; no       ; Off          ; 2.5 V        ; Default          ; Series 50 Ohm without Calibration ; --                        ; no                         ; no                          ; 0                   ; Off                         ; Fitter               ; -                    ; -                   ;
; PC[21]        ; AE6   ; 3B       ; 40           ; 0            ; 34           ; no              ; no                     ; 1         ; no              ; no         ; no            ; no       ; Off          ; 2.5 V        ; Default          ; Series 50 Ohm without Calibration ; --                        ; no                         ; no                          ; 0                   ; Off                         ; Fitter               ; -                    ; -                   ;
; PC[22]        ; T22   ; 5B       ; 89           ; 27           ; 60           ; no              ; no                     ; 1         ; no              ; no         ; no            ; no       ; Off          ; 2.5 V        ; Default          ; Series 50 Ohm without Calibration ; --                        ; no                         ; no                          ; 0                   ; Off                         ; Fitter               ; -                    ; -                   ;
; PC[23]        ; AE10  ; 4A       ; 54           ; 0            ; 51           ; no              ; no                     ; 1         ; no              ; no         ; no            ; no       ; Off          ; 2.5 V        ; Default          ; Series 50 Ohm without Calibration ; --                        ; no                         ; no                          ; 0                   ; Off                         ; Fitter               ; -                    ; -                   ;
; PC[24]        ; R24   ; 5B       ; 89           ; 32           ; 3            ; no              ; no                     ; 1         ; no              ; no         ; no            ; no       ; Off          ; 2.5 V        ; Default          ; Series 50 Ohm without Calibration ; --                        ; no                         ; no                          ; 0                   ; Off                         ; Fitter               ; -                    ; -                   ;
; PC[25]        ; AF13  ; 4A       ; 60           ; 0            ; 51           ; no              ; no                     ; 1         ; no              ; no         ; no            ; no       ; Off          ; 2.5 V        ; Default          ; Series 50 Ohm without Calibration ; --                        ; no                         ; no                          ; 0                   ; Off                         ; Fitter               ; -                    ; -                   ;
; PC[26]        ; J25   ; 6A       ; 89           ; 42           ; 77           ; no              ; no                     ; 1         ; no              ; no         ; no            ; no       ; Off          ; 2.5 V        ; Default          ; Series 50 Ohm without Calibration ; --                        ; no                         ; no                          ; 0                   ; Off                         ; Fitter               ; -                    ; -                   ;
; PC[27]        ; U24   ; 5B       ; 89           ; 32           ; 37           ; no              ; no                     ; 1         ; no              ; no         ; no            ; no       ; Off          ; 2.5 V        ; Default          ; Series 50 Ohm without Calibration ; --                        ; no                         ; no                          ; 0                   ; Off                         ; Fitter               ; -                    ; -                   ;
; PC[28]        ; AF14  ; 4A       ; 62           ; 0            ; 51           ; no              ; no                     ; 1         ; no              ; no         ; no            ; no       ; Off          ; 2.5 V        ; Default          ; Series 50 Ohm without Calibration ; --                        ; no                         ; no                          ; 0                   ; Off                         ; Fitter               ; -                    ; -                   ;
; PC[29]        ; T23   ; 5B       ; 89           ; 29           ; 3            ; no              ; no                     ; 1         ; no              ; no         ; no            ; no       ; Off          ; 2.5 V        ; Default          ; Series 50 Ohm without Calibration ; --                        ; no                         ; no                          ; 0                   ; Off                         ; Fitter               ; -                    ; -                   ;
; PC[2]         ; M25   ; 6A       ; 89           ; 46           ; 3            ; no              ; no                     ; 1         ; no              ; no         ; no            ; no       ; Off          ; 2.5 V        ; Default          ; Series 50 Ohm without Calibration ; --                        ; no                         ; no                          ; 0                   ; Off                         ; Fitter               ; -                    ; -                   ;
; PC[30]        ; AD11  ; 4A       ; 50           ; 0            ; 74           ; no              ; no                     ; 1         ; no              ; no         ; no            ; no       ; Off          ; 2.5 V        ; Default          ; Series 50 Ohm without Calibration ; --                        ; no                         ; no                          ; 0                   ; Off                         ; Fitter               ; -                    ; -                   ;
; PC[31]        ; Y14   ; 4A       ; 50           ; 0            ; 40           ; no              ; no                     ; 1         ; no              ; no         ; no            ; no       ; Off          ; 2.5 V        ; Default          ; Series 50 Ohm without Calibration ; --                        ; no                         ; no                          ; 0                   ; Off                         ; Fitter               ; -                    ; -                   ;
; PC[3]         ; M22   ; 6A       ; 89           ; 45           ; 20           ; no              ; no                     ; 1         ; no              ; no         ; no            ; no       ; Off          ; 2.5 V        ; Default          ; Series 50 Ohm without Calibration ; --                        ; no                         ; no                          ; 0                   ; Off                         ; Fitter               ; -                    ; -                   ;
; PC[4]         ; K23   ; 6A       ; 89           ; 51           ; 20           ; no              ; no                     ; 1         ; no              ; no         ; no            ; no       ; Off          ; 2.5 V        ; Default          ; Series 50 Ohm without Calibration ; --                        ; no                         ; no                          ; 0                   ; Off                         ; Fitter               ; -                    ; -                   ;
; PC[5]         ; G25   ; 6A       ; 89           ; 45           ; 37           ; no              ; no                     ; 1         ; no              ; no         ; no            ; no       ; Off          ; 2.5 V        ; Default          ; Series 50 Ohm without Calibration ; --                        ; no                         ; no                          ; 0                   ; Off                         ; Fitter               ; -                    ; -                   ;
; PC[6]         ; AE23  ; 4A       ; 78           ; 0            ; 51           ; no              ; no                     ; 1         ; no              ; no         ; no            ; no       ; Off          ; 2.5 V        ; Default          ; Series 50 Ohm without Calibration ; --                        ; no                         ; no                          ; 0                   ; Off                         ; Fitter               ; -                    ; -                   ;
; PC[7]         ; H25   ; 6A       ; 89           ; 45           ; 54           ; no              ; no                     ; 1         ; no              ; no         ; no            ; no       ; Off          ; 2.5 V        ; Default          ; Series 50 Ohm without Calibration ; --                        ; no                         ; no                          ; 0                   ; Off                         ; Fitter               ; -                    ; -                   ;
; PC[8]         ; M10   ; 8A       ; 40           ; 81           ; 17           ; no              ; no                     ; 1         ; no              ; no         ; no            ; no       ; Off          ; 2.5 V        ; Default          ; Series 50 Ohm without Calibration ; --                        ; no                         ; no                          ; 0                   ; Off                         ; Fitter               ; -                    ; -                   ;
; PC[9]         ; L11   ; 7A       ; 52           ; 81           ; 17           ; no              ; no                     ; 1         ; no              ; no         ; no            ; no       ; Off          ; 2.5 V        ; Default          ; Series 50 Ohm without Calibration ; --                        ; no                         ; no                          ; 0                   ; Off                         ; Fitter               ; -                    ; -                   ;
; ReadData[0]   ; F18   ; 7A       ; 70           ; 81           ; 17           ; no              ; no                     ; 1         ; no              ; no         ; no            ; no       ; Off          ; 2.5 V        ; Default          ; Series 50 Ohm without Calibration ; --                        ; no                         ; no                          ; 0                   ; Off                         ; Fitter               ; -                    ; -                   ;
; ReadData[10]  ; E6    ; 8A       ; 36           ; 81           ; 51           ; no              ; no                     ; 1         ; no              ; no         ; no            ; no       ; Off          ; 2.5 V        ; Default          ; Series 50 Ohm without Calibration ; --                        ; no                         ; no                          ; 0                   ; Off                         ; Fitter               ; -                    ; -                   ;
; ReadData[11]  ; G12   ; 7A       ; 54           ; 81           ; 0            ; no              ; no                     ; 1         ; no              ; no         ; no            ; no       ; Off          ; 2.5 V        ; Default          ; Series 50 Ohm without Calibration ; --                        ; no                         ; no                          ; 0                   ; Off                         ; Fitter               ; -                    ; -                   ;
; ReadData[12]  ; L23   ; 6A       ; 89           ; 52           ; 3            ; no              ; no                     ; 1         ; no              ; no         ; no            ; no       ; Off          ; 2.5 V        ; Default          ; Series 50 Ohm without Calibration ; --                        ; no                         ; no                          ; 0                   ; Off                         ; Fitter               ; -                    ; -                   ;
; ReadData[13]  ; AD13  ; 4A       ; 52           ; 0            ; 34           ; no              ; no                     ; 1         ; no              ; no         ; no            ; no       ; Off          ; 2.5 V        ; Default          ; Series 50 Ohm without Calibration ; --                        ; no                         ; no                          ; 0                   ; Off                         ; Fitter               ; -                    ; -                   ;
; ReadData[14]  ; K10   ; 8A       ; 28           ; 81           ; 0            ; no              ; no                     ; 1         ; no              ; no         ; no            ; no       ; Off          ; 2.5 V        ; Default          ; Series 50 Ohm without Calibration ; --                        ; no                         ; no                          ; 0                   ; Off                         ; Fitter               ; -                    ; -                   ;
; ReadData[15]  ; G14   ; 7A       ; 64           ; 81           ; 17           ; no              ; no                     ; 1         ; no              ; no         ; no            ; no       ; Off          ; 2.5 V        ; Default          ; Series 50 Ohm without Calibration ; --                        ; no                         ; no                          ; 0                   ; Off                         ; Fitter               ; -                    ; -                   ;
; ReadData[16]  ; C25   ; 6A       ; 89           ; 66           ; 54           ; no              ; no                     ; 1         ; no              ; no         ; no            ; no       ; Off          ; 2.5 V        ; Default          ; Series 50 Ohm without Calibration ; --                        ; no                         ; no                          ; 0                   ; Off                         ; Fitter               ; -                    ; -                   ;
; ReadData[17]  ; E23   ; 6A       ; 89           ; 68           ; 54           ; no              ; no                     ; 1         ; no              ; no         ; no            ; no       ; Off          ; 2.5 V        ; Default          ; Series 50 Ohm without Calibration ; --                        ; no                         ; no                          ; 0                   ; Off                         ; Fitter               ; -                    ; -                   ;
; ReadData[18]  ; B22   ; 7A       ; 84           ; 81           ; 34           ; no              ; no                     ; 1         ; no              ; no         ; no            ; no       ; Off          ; 2.5 V        ; Default          ; Series 50 Ohm without Calibration ; --                        ; no                         ; no                          ; 0                   ; Off                         ; Fitter               ; -                    ; -                   ;
; ReadData[19]  ; J10   ; 8A       ; 28           ; 81           ; 17           ; no              ; no                     ; 1         ; no              ; no         ; no            ; no       ; Off          ; 2.5 V        ; Default          ; Series 50 Ohm without Calibration ; --                        ; no                         ; no                          ; 0                   ; Off                         ; Fitter               ; -                    ; -                   ;
; ReadData[1]   ; J20   ; 6A       ; 89           ; 68           ; 3            ; no              ; no                     ; 1         ; no              ; no         ; no            ; no       ; Off          ; 2.5 V        ; Default          ; Series 50 Ohm without Calibration ; --                        ; no                         ; no                          ; 0                   ; Off                         ; Fitter               ; -                    ; -                   ;
; ReadData[20]  ; AC17  ; 4A       ; 70           ; 0            ; 17           ; no              ; no                     ; 1         ; no              ; no         ; no            ; no       ; Off          ; 2.5 V        ; Default          ; Series 50 Ohm without Calibration ; --                        ; no                         ; no                          ; 0                   ; Off                         ; Fitter               ; -                    ; -                   ;
; ReadData[21]  ; C7    ; 8A       ; 34           ; 81           ; 91           ; no              ; no                     ; 1         ; no              ; no         ; no            ; no       ; Off          ; 2.5 V        ; Default          ; Series 50 Ohm without Calibration ; --                        ; no                         ; no                          ; 0                   ; Off                         ; Fitter               ; -                    ; -                   ;
; ReadData[22]  ; AF17  ; 4A       ; 78           ; 0            ; 0            ; no              ; no                     ; 1         ; no              ; no         ; no            ; no       ; Off          ; 2.5 V        ; Default          ; Series 50 Ohm without Calibration ; --                        ; no                         ; no                          ; 0                   ; Off                         ; Fitter               ; -                    ; -                   ;
; ReadData[23]  ; F7    ; 8A       ; 30           ; 81           ; 51           ; no              ; no                     ; 1         ; no              ; no         ; no            ; no       ; Off          ; 2.5 V        ; Default          ; Series 50 Ohm without Calibration ; --                        ; no                         ; no                          ; 0                   ; Off                         ; Fitter               ; -                    ; -                   ;
; ReadData[24]  ; E11   ; 7A       ; 58           ; 81           ; 91           ; no              ; no                     ; 1         ; no              ; no         ; no            ; no       ; Off          ; 2.5 V        ; Default          ; Series 50 Ohm without Calibration ; --                        ; no                         ; no                          ; 0                   ; Off                         ; Fitter               ; -                    ; -                   ;
; ReadData[25]  ; C20   ; 7A       ; 80           ; 81           ; 34           ; no              ; no                     ; 1         ; no              ; no         ; no            ; no       ; Off          ; 2.5 V        ; Default          ; Series 50 Ohm without Calibration ; --                        ; no                         ; no                          ; 0                   ; Off                         ; Fitter               ; -                    ; -                   ;
; ReadData[26]  ; E25   ; 6A       ; 89           ; 50           ; 94           ; no              ; no                     ; 1         ; no              ; no         ; no            ; no       ; Off          ; 2.5 V        ; Default          ; Series 50 Ohm without Calibration ; --                        ; no                         ; no                          ; 0                   ; Off                         ; Fitter               ; -                    ; -                   ;
; ReadData[27]  ; H23   ; 6A       ; 89           ; 52           ; 37           ; no              ; no                     ; 1         ; no              ; no         ; no            ; no       ; Off          ; 2.5 V        ; Default          ; Series 50 Ohm without Calibration ; --                        ; no                         ; no                          ; 0                   ; Off                         ; Fitter               ; -                    ; -                   ;
; ReadData[28]  ; H15   ; 7A       ; 88           ; 81           ; 1            ; no              ; no                     ; 1         ; no              ; no         ; no            ; no       ; Off          ; 2.5 V        ; Default          ; Series 50 Ohm without Calibration ; --                        ; no                         ; no                          ; 0                   ; Off                         ; Fitter               ; -                    ; -                   ;
; ReadData[29]  ; M26   ; 6A       ; 89           ; 46           ; 20           ; no              ; no                     ; 1         ; no              ; no         ; no            ; no       ; Off          ; 2.5 V        ; Default          ; Series 50 Ohm without Calibration ; --                        ; no                         ; no                          ; 0                   ; Off                         ; Fitter               ; -                    ; -                   ;
; ReadData[2]   ; G17   ; 7A       ; 80           ; 81           ; 17           ; no              ; no                     ; 1         ; no              ; no         ; no            ; no       ; Off          ; 2.5 V        ; Default          ; Series 50 Ohm without Calibration ; --                        ; no                         ; no                          ; 0                   ; Off                         ; Fitter               ; -                    ; -                   ;
; ReadData[30]  ; H7    ; 8A       ; 28           ; 81           ; 34           ; no              ; no                     ; 1         ; no              ; no         ; no            ; no       ; Off          ; 2.5 V        ; Default          ; Series 50 Ohm without Calibration ; --                        ; no                         ; no                          ; 0                   ; Off                         ; Fitter               ; -                    ; -                   ;
; ReadData[31]  ; D7    ; 8A       ; 34           ; 81           ; 74           ; no              ; no                     ; 1         ; no              ; no         ; no            ; no       ; Off          ; 2.5 V        ; Default          ; Series 50 Ohm without Calibration ; --                        ; no                         ; no                          ; 0                   ; Off                         ; Fitter               ; -                    ; -                   ;
; ReadData[3]   ; H17   ; 7A       ; 84           ; 81           ; 17           ; no              ; no                     ; 1         ; no              ; no         ; no            ; no       ; Off          ; 2.5 V        ; Default          ; Series 50 Ohm without Calibration ; --                        ; no                         ; no                          ; 0                   ; Off                         ; Fitter               ; -                    ; -                   ;
; ReadData[4]   ; V23   ; 5B       ; 89           ; 27           ; 77           ; no              ; no                     ; 1         ; no              ; no         ; no            ; no       ; Off          ; 2.5 V        ; Default          ; Series 50 Ohm without Calibration ; --                        ; no                         ; no                          ; 0                   ; Off                         ; Fitter               ; -                    ; -                   ;
; ReadData[5]   ; H24   ; 6A       ; 89           ; 52           ; 54           ; no              ; no                     ; 1         ; no              ; no         ; no            ; no       ; Off          ; 2.5 V        ; Default          ; Series 50 Ohm without Calibration ; --                        ; no                         ; no                          ; 0                   ; Off                         ; Fitter               ; -                    ; -                   ;
; ReadData[6]   ; C9    ; 7A       ; 64           ; 81           ; 34           ; no              ; no                     ; 1         ; no              ; no         ; no            ; no       ; Off          ; 2.5 V        ; Default          ; Series 50 Ohm without Calibration ; --                        ; no                         ; no                          ; 0                   ; Off                         ; Fitter               ; -                    ; -                   ;
; ReadData[7]   ; Y24   ; 5A       ; 89           ; 9            ; 54           ; no              ; no                     ; 1         ; no              ; no         ; no            ; no       ; Off          ; 2.5 V        ; Default          ; Series 50 Ohm without Calibration ; --                        ; no                         ; no                          ; 0                   ; Off                         ; Fitter               ; -                    ; -                   ;
; ReadData[8]   ; G7    ; 8A       ; 30           ; 81           ; 34           ; no              ; no                     ; 1         ; no              ; no         ; no            ; no       ; Off          ; 2.5 V        ; Default          ; Series 50 Ohm without Calibration ; --                        ; no                         ; no                          ; 0                   ; Off                         ; Fitter               ; -                    ; -                   ;
; ReadData[9]   ; AA24  ; 5B       ; 89           ; 29           ; 37           ; no              ; no                     ; 1         ; no              ; no         ; no            ; no       ; Off          ; 2.5 V        ; Default          ; Series 50 Ohm without Calibration ; --                        ; no                         ; no                          ; 0                   ; Off                         ; Fitter               ; -                    ; -                   ;
; Result[0]     ; K25   ; 6A       ; 89           ; 50           ; 43           ; no              ; no                     ; 1         ; no              ; no         ; no            ; no       ; Off          ; 2.5 V        ; Default          ; Series 50 Ohm without Calibration ; --                        ; no                         ; no                          ; 0                   ; Off                         ; Fitter               ; -                    ; -                   ;
; Result[10]    ; AC13  ; 4A       ; 58           ; 0            ; 91           ; no              ; no                     ; 1         ; no              ; no         ; no            ; no       ; Off          ; 2.5 V        ; Default          ; Series 50 Ohm without Calibration ; --                        ; no                         ; no                          ; 0                   ; Off                         ; Fitter               ; -                    ; -                   ;
; Result[11]    ; D10   ; 7A       ; 62           ; 81           ; 34           ; no              ; no                     ; 1         ; no              ; no         ; no            ; no       ; Off          ; 2.5 V        ; Default          ; Series 50 Ohm without Calibration ; --                        ; no                         ; no                          ; 0                   ; Off                         ; Fitter               ; -                    ; -                   ;
; Result[12]    ; N23   ; 6A       ; 89           ; 45           ; 3            ; no              ; no                     ; 1         ; no              ; no         ; no            ; no       ; Off          ; 2.5 V        ; Default          ; Series 50 Ohm without Calibration ; --                        ; no                         ; no                          ; 0                   ; Off                         ; Fitter               ; -                    ; -                   ;
; Result[13]    ; P26   ; 5B       ; 89           ; 38           ; 20           ; no              ; no                     ; 1         ; no              ; no         ; no            ; no       ; Off          ; 2.5 V        ; Default          ; Series 50 Ohm without Calibration ; --                        ; no                         ; no                          ; 0                   ; Off                         ; Fitter               ; -                    ; -                   ;
; Result[14]    ; N25   ; 5B       ; 89           ; 38           ; 3            ; no              ; no                     ; 1         ; no              ; no         ; no            ; no       ; Off          ; 2.5 V        ; Default          ; Series 50 Ohm without Calibration ; --                        ; no                         ; no                          ; 0                   ; Off                         ; Fitter               ; -                    ; -                   ;
; Result[15]    ; N20   ; 6A       ; 89           ; 42           ; 43           ; no              ; no                     ; 1         ; no              ; no         ; no            ; no       ; Off          ; 2.5 V        ; Default          ; Series 50 Ohm without Calibration ; --                        ; no                         ; no                          ; 0                   ; Off                         ; Fitter               ; -                    ; -                   ;
; Result[16]    ; V15   ; 4A       ; 68           ; 0            ; 0            ; no              ; no                     ; 1         ; no              ; no         ; no            ; no       ; Off          ; 2.5 V        ; Default          ; Series 50 Ohm without Calibration ; --                        ; no                         ; no                          ; 0                   ; Off                         ; Fitter               ; -                    ; -                   ;
; Result[17]    ; AB26  ; 5B       ; 89           ; 35           ; 77           ; no              ; no                     ; 1         ; no              ; no         ; no            ; no       ; Off          ; 2.5 V        ; Default          ; Series 50 Ohm without Calibration ; --                        ; no                         ; no                          ; 0                   ; Off                         ; Fitter               ; -                    ; -                   ;
; Result[18]    ; AF18  ; 4A       ; 64           ; 0            ; 51           ; no              ; no                     ; 1         ; no              ; no         ; no            ; no       ; Off          ; 2.5 V        ; Default          ; Series 50 Ohm without Calibration ; --                        ; no                         ; no                          ; 0                   ; Off                         ; Fitter               ; -                    ; -                   ;
; Result[19]    ; K26   ; 6A       ; 89           ; 50           ; 60           ; no              ; no                     ; 1         ; no              ; no         ; no            ; no       ; Off          ; 2.5 V        ; Default          ; Series 50 Ohm without Calibration ; --                        ; no                         ; no                          ; 0                   ; Off                         ; Fitter               ; -                    ; -                   ;
; Result[1]     ; AC20  ; 4A       ; 74           ; 0            ; 74           ; no              ; no                     ; 1         ; no              ; no         ; no            ; no       ; Off          ; 2.5 V        ; Default          ; Series 50 Ohm without Calibration ; --                        ; no                         ; no                          ; 0                   ; Off                         ; Fitter               ; -                    ; -                   ;
; Result[20]    ; W26   ; 5B       ; 89           ; 37           ; 54           ; no              ; no                     ; 1         ; no              ; no         ; no            ; no       ; Off          ; 2.5 V        ; Default          ; Series 50 Ohm without Calibration ; --                        ; no                         ; no                          ; 0                   ; Off                         ; Fitter               ; -                    ; -                   ;
; Result[21]    ; U25   ; 5B       ; 89           ; 38           ; 37           ; no              ; no                     ; 1         ; no              ; no         ; no            ; no       ; Off          ; 2.5 V        ; Default          ; Series 50 Ohm without Calibration ; --                        ; no                         ; no                          ; 0                   ; Off                         ; Fitter               ; -                    ; -                   ;
; Result[22]    ; U26   ; 5B       ; 89           ; 38           ; 54           ; no              ; no                     ; 1         ; no              ; no         ; no            ; no       ; Off          ; 2.5 V        ; Default          ; Series 50 Ohm without Calibration ; --                        ; no                         ; no                          ; 0                   ; Off                         ; Fitter               ; -                    ; -                   ;
; Result[23]    ; G26   ; 6A       ; 89           ; 43           ; 54           ; no              ; no                     ; 1         ; no              ; no         ; no            ; no       ; Off          ; 2.5 V        ; Default          ; Series 50 Ohm without Calibration ; --                        ; no                         ; no                          ; 0                   ; Off                         ; Fitter               ; -                    ; -                   ;
; Result[24]    ; P22   ; 5B       ; 89           ; 37           ; 20           ; no              ; no                     ; 1         ; no              ; no         ; no            ; no       ; Off          ; 2.5 V        ; Default          ; Series 50 Ohm without Calibration ; --                        ; no                         ; no                          ; 0                   ; Off                         ; Fitter               ; -                    ; -                   ;
; Result[25]    ; AD23  ; 4A       ; 78           ; 0            ; 34           ; no              ; no                     ; 1         ; no              ; no         ; no            ; no       ; Off          ; 2.5 V        ; Default          ; Series 50 Ohm without Calibration ; --                        ; no                         ; no                          ; 0                   ; Off                         ; Fitter               ; -                    ; -                   ;
; Result[26]    ; N24   ; 6A       ; 89           ; 43           ; 3            ; no              ; no                     ; 1         ; no              ; no         ; no            ; no       ; Off          ; 2.5 V        ; Default          ; Series 50 Ohm without Calibration ; --                        ; no                         ; no                          ; 0                   ; Off                         ; Fitter               ; -                    ; -                   ;
; Result[27]    ; W25   ; 5B       ; 89           ; 37           ; 37           ; no              ; no                     ; 1         ; no              ; no         ; no            ; no       ; Off          ; 2.5 V        ; Default          ; Series 50 Ohm without Calibration ; --                        ; no                         ; no                          ; 0                   ; Off                         ; Fitter               ; -                    ; -                   ;
; Result[28]    ; M21   ; 6A       ; 89           ; 42           ; 60           ; no              ; no                     ; 1         ; no              ; no         ; no            ; no       ; Off          ; 2.5 V        ; Default          ; Series 50 Ohm without Calibration ; --                        ; no                         ; no                          ; 0                   ; Off                         ; Fitter               ; -                    ; -                   ;
; Result[29]    ; Y26   ; 5B       ; 89           ; 36           ; 54           ; no              ; no                     ; 1         ; no              ; no         ; no            ; no       ; Off          ; 2.5 V        ; Default          ; Series 50 Ohm without Calibration ; --                        ; no                         ; no                          ; 0                   ; Off                         ; Fitter               ; -                    ; -                   ;
; Result[2]     ; D26   ; 6A       ; 89           ; 46           ; 37           ; no              ; no                     ; 1         ; no              ; no         ; no            ; no       ; Off          ; 2.5 V        ; Default          ; Series 50 Ohm without Calibration ; --                        ; no                         ; no                          ; 0                   ; Off                         ; Fitter               ; -                    ; -                   ;
; Result[30]    ; E26   ; 6A       ; 89           ; 46           ; 54           ; no              ; no                     ; 1         ; no              ; no         ; no            ; no       ; Off          ; 2.5 V        ; Default          ; Series 50 Ohm without Calibration ; --                        ; no                         ; no                          ; 0                   ; Off                         ; Fitter               ; -                    ; -                   ;
; Result[31]    ; J26   ; 6A       ; 89           ; 42           ; 94           ; no              ; no                     ; 1         ; no              ; no         ; no            ; no       ; Off          ; 2.5 V        ; Default          ; Series 50 Ohm without Calibration ; --                        ; no                         ; no                          ; 0                   ; Off                         ; Fitter               ; -                    ; -                   ;
; Result[3]     ; F26   ; 6A       ; 89           ; 43           ; 37           ; no              ; no                     ; 1         ; no              ; no         ; no            ; no       ; Off          ; 2.5 V        ; Default          ; Series 50 Ohm without Calibration ; --                        ; no                         ; no                          ; 0                   ; Off                         ; Fitter               ; -                    ; -                   ;
; Result[4]     ; AE15  ; 4A       ; 74           ; 0            ; 57           ; no              ; no                     ; 1         ; no              ; no         ; no            ; no       ; Off          ; 2.5 V        ; Default          ; Series 50 Ohm without Calibration ; --                        ; no                         ; no                          ; 0                   ; Off                         ; Fitter               ; -                    ; -                   ;
; Result[5]     ; M24   ; 6A       ; 89           ; 43           ; 20           ; no              ; no                     ; 1         ; no              ; no         ; no            ; no       ; Off          ; 2.5 V        ; Default          ; Series 50 Ohm without Calibration ; --                        ; no                         ; no                          ; 0                   ; Off                         ; Fitter               ; -                    ; -                   ;
; Result[6]     ; P21   ; 5B       ; 89           ; 37           ; 3            ; no              ; no                     ; 1         ; no              ; no         ; no            ; no       ; Off          ; 2.5 V        ; Default          ; Series 50 Ohm without Calibration ; --                        ; no                         ; no                          ; 0                   ; Off                         ; Fitter               ; -                    ; -                   ;
; Result[7]     ; A19   ; 7A       ; 76           ; 81           ; 34           ; no              ; no                     ; 1         ; no              ; no         ; no            ; no       ; Off          ; 2.5 V        ; Default          ; Series 50 Ohm without Calibration ; --                        ; no                         ; no                          ; 0                   ; Off                         ; Fitter               ; -                    ; -                   ;
; Result[8]     ; AA26  ; 5B       ; 89           ; 35           ; 94           ; no              ; no                     ; 1         ; no              ; no         ; no            ; no       ; Off          ; 2.5 V        ; Default          ; Series 50 Ohm without Calibration ; --                        ; no                         ; no                          ; 0                   ; Off                         ; Fitter               ; -                    ; -                   ;
; Result[9]     ; R26   ; 5B       ; 89           ; 36           ; 20           ; no              ; no                     ; 1         ; no              ; no         ; no            ; no       ; Off          ; 2.5 V        ; Default          ; Series 50 Ohm without Calibration ; --                        ; no                         ; no                          ; 0                   ; Off                         ; Fitter               ; -                    ; -                   ;
; WriteData[0]  ; E16   ; 7A       ; 62           ; 81           ; 0            ; no              ; no                     ; 1         ; no              ; no         ; no            ; no       ; Off          ; 2.5 V        ; Default          ; Series 50 Ohm without Calibration ; --                        ; no                         ; no                          ; 0                   ; Off                         ; Fitter               ; -                    ; -                   ;
; WriteData[10] ; C14   ; 7A       ; 66           ; 81           ; 40           ; no              ; no                     ; 1         ; no              ; no         ; no            ; no       ; Off          ; 2.5 V        ; Default          ; Series 50 Ohm without Calibration ; --                        ; no                         ; no                          ; 0                   ; Off                         ; Fitter               ; -                    ; -                   ;
; WriteData[11] ; H13   ; 7A       ; 72           ; 81           ; 17           ; no              ; no                     ; 1         ; no              ; no         ; no            ; no       ; Off          ; 2.5 V        ; Default          ; Series 50 Ohm without Calibration ; --                        ; no                         ; no                          ; 0                   ; Off                         ; Fitter               ; -                    ; -                   ;
; WriteData[12] ; A18   ; 7A       ; 76           ; 81           ; 51           ; no              ; no                     ; 1         ; no              ; no         ; no            ; no       ; Off          ; 2.5 V        ; Default          ; Series 50 Ohm without Calibration ; --                        ; no                         ; no                          ; 0                   ; Off                         ; Fitter               ; -                    ; -                   ;
; WriteData[13] ; B17   ; 7A       ; 72           ; 81           ; 51           ; no              ; no                     ; 1         ; no              ; no         ; no            ; no       ; Off          ; 2.5 V        ; Default          ; Series 50 Ohm without Calibration ; --                        ; no                         ; no                          ; 0                   ; Off                         ; Fitter               ; -                    ; -                   ;
; WriteData[14] ; K21   ; 6A       ; 89           ; 65           ; 60           ; no              ; no                     ; 1         ; no              ; no         ; no            ; no       ; Off          ; 2.5 V        ; Default          ; Series 50 Ohm without Calibration ; --                        ; no                         ; no                          ; 0                   ; Off                         ; Fitter               ; -                    ; -                   ;
; WriteData[15] ; A16   ; 7A       ; 74           ; 81           ; 91           ; no              ; no                     ; 1         ; no              ; no         ; no            ; no       ; Off          ; 2.5 V        ; Default          ; Series 50 Ohm without Calibration ; --                        ; no                         ; no                          ; 0                   ; Off                         ; Fitter               ; -                    ; -                   ;
; WriteData[16] ; C15   ; 7A       ; 68           ; 81           ; 51           ; no              ; no                     ; 1         ; no              ; no         ; no            ; no       ; Off          ; 2.5 V        ; Default          ; Series 50 Ohm without Calibration ; --                        ; no                         ; no                          ; 0                   ; Off                         ; Fitter               ; -                    ; -                   ;
; WriteData[17] ; J23   ; 6A       ; 89           ; 54           ; 20           ; no              ; no                     ; 1         ; no              ; no         ; no            ; no       ; Off          ; 2.5 V        ; Default          ; Series 50 Ohm without Calibration ; --                        ; no                         ; no                          ; 0                   ; Off                         ; Fitter               ; -                    ; -                   ;
; WriteData[18] ; A9    ; 7A       ; 66           ; 81           ; 91           ; no              ; no                     ; 1         ; no              ; no         ; no            ; no       ; Off          ; 2.5 V        ; Default          ; Series 50 Ohm without Calibration ; --                        ; no                         ; no                          ; 0                   ; Off                         ; Fitter               ; -                    ; -                   ;
; WriteData[19] ; B14   ; 7A       ; 70           ; 81           ; 51           ; no              ; no                     ; 1         ; no              ; no         ; no            ; no       ; Off          ; 2.5 V        ; Default          ; Series 50 Ohm without Calibration ; --                        ; no                         ; no                          ; 0                   ; Off                         ; Fitter               ; -                    ; -                   ;
; WriteData[1]  ; H19   ; 6A       ; 89           ; 66           ; 3            ; no              ; no                     ; 1         ; no              ; no         ; no            ; no       ; Off          ; 2.5 V        ; Default          ; Series 50 Ohm without Calibration ; --                        ; no                         ; no                          ; 0                   ; Off                         ; Fitter               ; -                    ; -                   ;
; WriteData[20] ; H20   ; 6A       ; 89           ; 66           ; 20           ; no              ; no                     ; 1         ; no              ; no         ; no            ; no       ; Off          ; 2.5 V        ; Default          ; Series 50 Ohm without Calibration ; --                        ; no                         ; no                          ; 0                   ; Off                         ; Fitter               ; -                    ; -                   ;
; WriteData[21] ; G15   ; 7A       ; 64           ; 81           ; 0            ; no              ; no                     ; 1         ; no              ; no         ; no            ; no       ; Off          ; 2.5 V        ; Default          ; Series 50 Ohm without Calibration ; --                        ; no                         ; no                          ; 0                   ; Off                         ; Fitter               ; -                    ; -                   ;
; WriteData[22] ; E19   ; 7A       ; 78           ; 81           ; 17           ; no              ; no                     ; 1         ; no              ; no         ; no            ; no       ; Off          ; 2.5 V        ; Default          ; Series 50 Ohm without Calibration ; --                        ; no                         ; no                          ; 0                   ; Off                         ; Fitter               ; -                    ; -                   ;
; WriteData[23] ; G16   ; 7A       ; 80           ; 81           ; 0            ; no              ; no                     ; 1         ; no              ; no         ; no            ; no       ; Off          ; 2.5 V        ; Default          ; Series 50 Ohm without Calibration ; --                        ; no                         ; no                          ; 0                   ; Off                         ; Fitter               ; -                    ; -                   ;
; WriteData[24] ; C19   ; 7A       ; 78           ; 81           ; 34           ; no              ; no                     ; 1         ; no              ; no         ; no            ; no       ; Off          ; 2.5 V        ; Default          ; Series 50 Ohm without Calibration ; --                        ; no                         ; no                          ; 0                   ; Off                         ; Fitter               ; -                    ; -                   ;
; WriteData[25] ; K11   ; 7A       ; 68           ; 81           ; 17           ; no              ; no                     ; 1         ; no              ; no         ; no            ; no       ; Off          ; 2.5 V        ; Default          ; Series 50 Ohm without Calibration ; --                        ; no                         ; no                          ; 0                   ; Off                         ; Fitter               ; -                    ; -                   ;
; WriteData[26] ; C17   ; 7A       ; 72           ; 81           ; 34           ; no              ; no                     ; 1         ; no              ; no         ; no            ; no       ; Off          ; 2.5 V        ; Default          ; Series 50 Ohm without Calibration ; --                        ; no                         ; no                          ; 0                   ; Off                         ; Fitter               ; -                    ; -                   ;
; WriteData[27] ; C12   ; 7A       ; 52           ; 81           ; 51           ; no              ; no                     ; 1         ; no              ; no         ; no            ; no       ; Off          ; 2.5 V        ; Default          ; Series 50 Ohm without Calibration ; --                        ; no                         ; no                          ; 0                   ; Off                         ; Fitter               ; -                    ; -                   ;
; WriteData[28] ; D15   ; 7A       ; 66           ; 81           ; 57           ; no              ; no                     ; 1         ; no              ; no         ; no            ; no       ; Off          ; 2.5 V        ; Default          ; Series 50 Ohm without Calibration ; --                        ; no                         ; no                          ; 0                   ; Off                         ; Fitter               ; -                    ; -                   ;
; WriteData[29] ; B21   ; 7A       ; 82           ; 81           ; 74           ; no              ; no                     ; 1         ; no              ; no         ; no            ; no       ; Off          ; 2.5 V        ; Default          ; Series 50 Ohm without Calibration ; --                        ; no                         ; no                          ; 0                   ; Off                         ; Fitter               ; -                    ; -                   ;
; WriteData[2]  ; D18   ; 7A       ; 74           ; 81           ; 40           ; no              ; no                     ; 1         ; no              ; no         ; no            ; no       ; Off          ; 2.5 V        ; Default          ; Series 50 Ohm without Calibration ; --                        ; no                         ; no                          ; 0                   ; Off                         ; Fitter               ; -                    ; -                   ;
; WriteData[30] ; B9    ; 7A       ; 64           ; 81           ; 51           ; no              ; no                     ; 1         ; no              ; no         ; no            ; no       ; Off          ; 2.5 V        ; Default          ; Series 50 Ohm without Calibration ; --                        ; no                         ; no                          ; 0                   ; Off                         ; Fitter               ; -                    ; -                   ;
; WriteData[31] ; E10   ; 7A       ; 58           ; 81           ; 74           ; no              ; no                     ; 1         ; no              ; no         ; no            ; no       ; Off          ; 2.5 V        ; Default          ; Series 50 Ohm without Calibration ; --                        ; no                         ; no                          ; 0                   ; Off                         ; Fitter               ; -                    ; -                   ;
; WriteData[3]  ; A14   ; 7A       ; 70           ; 81           ; 34           ; no              ; no                     ; 1         ; no              ; no         ; no            ; no       ; Off          ; 2.5 V        ; Default          ; Series 50 Ohm without Calibration ; --                        ; no                         ; no                          ; 0                   ; Off                         ; Fitter               ; -                    ; -                   ;
; WriteData[4]  ; H14   ; 7A       ; 72           ; 81           ; 0            ; no              ; no                     ; 1         ; no              ; no         ; no            ; no       ; Off          ; 2.5 V        ; Default          ; Series 50 Ohm without Calibration ; --                        ; no                         ; no                          ; 0                   ; Off                         ; Fitter               ; -                    ; -                   ;
; WriteData[5]  ; B25   ; 6A       ; 89           ; 65           ; 77           ; no              ; no                     ; 1         ; no              ; no         ; no            ; no       ; Off          ; 2.5 V        ; Default          ; Series 50 Ohm without Calibration ; --                        ; no                         ; no                          ; 0                   ; Off                         ; Fitter               ; -                    ; -                   ;
; WriteData[6]  ; E18   ; 7A       ; 70           ; 81           ; 0            ; no              ; no                     ; 1         ; no              ; no         ; no            ; no       ; Off          ; 2.5 V        ; Default          ; Series 50 Ohm without Calibration ; --                        ; no                         ; no                          ; 0                   ; Off                         ; Fitter               ; -                    ; -                   ;
; WriteData[7]  ; M12   ; 7A       ; 60           ; 81           ; 17           ; no              ; no                     ; 1         ; no              ; no         ; no            ; no       ; Off          ; 2.5 V        ; Default          ; Series 50 Ohm without Calibration ; --                        ; no                         ; no                          ; 0                   ; Off                         ; Fitter               ; -                    ; -                   ;
; WriteData[8]  ; U20   ; 5A       ; 89           ; 9            ; 20           ; no              ; no                     ; 1         ; no              ; no         ; no            ; no       ; Off          ; 2.5 V        ; Default          ; Series 50 Ohm without Calibration ; --                        ; no                         ; no                          ; 0                   ; Off                         ; Fitter               ; -                    ; -                   ;
; WriteData[9]  ; A17   ; 7A       ; 74           ; 81           ; 74           ; no              ; no                     ; 1         ; no              ; no         ; no            ; no       ; Off          ; 2.5 V        ; Default          ; Series 50 Ohm without Calibration ; --                        ; no                         ; no                          ; 0                   ; Off                         ; Fitter               ; -                    ; -                   ;
+---------------+-------+----------+--------------+--------------+--------------+-----------------+------------------------+-----------+-----------------+------------+---------------+----------+--------------+--------------+------------------+-----------------------------------+---------------------------+----------------------------+-----------------------------+---------------------+-----------------------------+----------------------+----------------------+---------------------+


+-----------------------------------------------------------------------------+
; I/O Bank Usage                                                              ;
+----------+-------------------+---------------+--------------+---------------+
; I/O Bank ; Usage             ; VCCIO Voltage ; VREF Voltage ; VCCPD Voltage ;
+----------+-------------------+---------------+--------------+---------------+
; B2L      ; 0 / 14 ( 0 % )    ; --            ; --           ; --            ;
; B1L      ; 0 / 14 ( 0 % )    ; --            ; --           ; --            ;
; B0L      ; 0 / 14 ( 0 % )    ; --            ; --           ; --            ;
; 3A       ; 1 / 16 ( 6 % )    ; 2.5V          ; --           ; 2.5V          ;
; 3B       ; 4 / 32 ( 13 % )   ; 2.5V          ; --           ; 2.5V          ;
; 4A       ; 45 / 80 ( 56 % )  ; 2.5V          ; --           ; 2.5V          ;
; 5A       ; 7 / 16 ( 44 % )   ; 2.5V          ; --           ; 2.5V          ;
; 5B       ; 32 / 32 ( 100 % ) ; 2.5V          ; --           ; 2.5V          ;
; 6A       ; 46 / 48 ( 96 % )  ; 2.5V          ; --           ; 2.5V          ;
; 7A       ; 68 / 80 ( 85 % )  ; 2.5V          ; --           ; 2.5V          ;
; 8A       ; 25 / 32 ( 78 % )  ; 2.5V          ; --           ; 2.5V          ;
+----------+-------------------+---------------+--------------+---------------+


+-----------------------------------------------------------------------------------------------------------------------------------------------------------------------------+
; All Package Pins                                                                                                                                                            ;
+----------+------------+----------+---------------------------------+--------+--------------+---------------------+--------------+-----------------+----------+--------------+
; Location ; Pad Number ; I/O Bank ; Pin Name/Usage                  ; Dir.   ; I/O Standard ; Voltage             ; I/O Type     ; User Assignment ; Bus Hold ; Weak Pull Up ;
+----------+------------+----------+---------------------------------+--------+--------------+---------------------+--------------+-----------------+----------+--------------+
; A2       ; 538        ; 9A       ; ^MSEL2                          ;        ;              ;                     ; --           ;                 ; --       ; --           ;
; A3       ;            ;          ; DNU                             ;        ;              ;                     ; --           ;                 ; --       ; --           ;
; A4       ;            ;          ; DNU                             ;        ;              ;                     ; --           ;                 ; --       ; --           ;
; A5       ; 454        ; 8A       ; Ext_WriteData[15]               ; input  ; 2.5 V        ;                     ; Column I/O   ; N               ; no       ; Off          ;
; A6       ; 534        ; 9A       ; ^CONF_DONE                      ;        ;              ;                     ; --           ;                 ; --       ; --           ;
; A7       ; 458        ; 8A       ; Ext_WriteData[10]               ; input  ; 2.5 V        ;                     ; Column I/O   ; N               ; no       ; Off          ;
; A8       ; 418        ; 7A       ; RESERVED_INPUT_WITH_WEAK_PULLUP ;        ;              ;                     ; Column I/O   ;                 ; no       ; On           ;
; A9       ; 420        ; 7A       ; WriteData[18]                   ; output ; 2.5 V        ;                     ; Column I/O   ; N               ; no       ; Off          ;
; A10      ;            ; 7A       ; VCCIO7A                         ; power  ;              ; 2.5V                ; --           ;                 ; --       ; --           ;
; A11      ; 432        ; 7A       ; Ext_DataAdr[11]                 ; input  ; 2.5 V        ;                     ; Column I/O   ; N               ; no       ; Off          ;
; A12      ; 442        ; 7A       ; Ext_WriteData[7]                ; input  ; 2.5 V        ;                     ; Column I/O   ; N               ; no       ; Off          ;
; A13      ; 440        ; 7A       ; MemWrite                        ; output ; 2.5 V        ;                     ; Column I/O   ; N               ; no       ; Off          ;
; A14      ; 410        ; 7A       ; WriteData[3]                    ; output ; 2.5 V        ;                     ; Column I/O   ; N               ; no       ; Off          ;
; A15      ;            ;          ; GND                             ; gnd    ;              ;                     ; --           ;                 ; --       ; --           ;
; A16      ; 404        ; 7A       ; WriteData[15]                   ; output ; 2.5 V        ;                     ; Column I/O   ; N               ; no       ; Off          ;
; A17      ; 402        ; 7A       ; WriteData[9]                    ; output ; 2.5 V        ;                     ; Column I/O   ; N               ; no       ; Off          ;
; A18      ; 400        ; 7A       ; WriteData[12]                   ; output ; 2.5 V        ;                     ; Column I/O   ; N               ; no       ; Off          ;
; A19      ; 398        ; 7A       ; Result[7]                       ; output ; 2.5 V        ;                     ; Column I/O   ; N               ; no       ; Off          ;
; A20      ;            ; 7A       ; VCCIO7A                         ; power  ;              ; 2.5V                ; --           ;                 ; --       ; --           ;
; A21      ; 384        ; 7A       ; RESERVED_INPUT_WITH_WEAK_PULLUP ;        ;              ;                     ; Column I/O   ;                 ; no       ; On           ;
; A22      ; 380        ; 7A       ; Ext_WriteData[8]                ; input  ; 2.5 V        ;                     ; Column I/O   ; N               ; no       ; Off          ;
; A23      ; 378        ; 7A       ; Ext_MemWrite                    ; input  ; 2.5 V        ;                     ; Column I/O   ; N               ; no       ; Off          ;
; A24      ; 379        ; 7A       ; DataAdr[16]                     ; output ; 2.5 V        ;                     ; Column I/O   ; N               ; no       ; Off          ;
; A25      ;            ;          ; GND                             ; gnd    ;              ;                     ; --           ;                 ; --       ; --           ;
; AA1      ;            ;          ; GND                             ; gnd    ;              ;                     ; --           ;                 ; --       ; --           ;
; AA2      ;            ;          ; GND                             ; gnd    ;              ;                     ; --           ;                 ; --       ; --           ;
; AA3      ; 28         ; B0L      ; GXB_NC                          ;        ;              ;                     ; --           ;                 ; --       ; --           ;
; AA4      ; 29         ; B0L      ; GXB_NC                          ;        ;              ;                     ; --           ;                 ; --       ; --           ;
; AA5      ;            ;          ; GND                             ; gnd    ;              ;                     ; --           ;                 ; --       ; --           ;
; AA6      ; 59         ; 3A       ; RESERVED_INPUT_WITH_WEAK_PULLUP ;        ;              ;                     ; Column I/O   ;                 ; no       ; On           ;
; AA7      ; 61         ; 3A       ; RESERVED_INPUT_WITH_WEAK_PULLUP ;        ;              ;                     ; Column I/O   ;                 ; no       ; On           ;
; AA8      ;            ; --       ; VCC_AUX                         ; power  ;              ; 2.5V                ; --           ;                 ; --       ; --           ;
; AA9      ;            ; --       ; VCCPGM                          ; power  ;              ; 1.8V/2.5V/3.0V/3.3V ; --           ;                 ; --       ; --           ;
; AA10     ;            ; 3B       ; VCCIO3B                         ; power  ;              ; 2.5V                ; --           ;                 ; --       ; --           ;
; AA11     ;            ; 3B, 4A   ; VCCPD3B4A                       ; power  ;              ; 2.5V                ; --           ;                 ; --       ; --           ;
; AA12     ;            ;          ; DNU                             ;        ;              ;                     ; --           ;                 ; --       ; --           ;
; AA13     ;            ; 3B, 4A   ; VCCPD3B4A                       ; power  ;              ; 2.5V                ; --           ;                 ; --       ; --           ;
; AA14     ; 133        ; 4A       ; Ext_WriteData[22]               ; input  ; 2.5 V        ;                     ; Column I/O   ; N               ; no       ; Off          ;
; AA15     ;            ;          ; GND                             ; gnd    ;              ;                     ; --           ;                 ; --       ; --           ;
; AA16     ; 159        ; 4A       ; Ext_DataAdr[18]                 ; input  ; 2.5 V        ;                     ; Column I/O   ; N               ; no       ; Off          ;
; AA17     ;            ; 3B, 4A   ; VCCPD3B4A                       ; power  ;              ; 2.5V                ; --           ;                 ; --       ; --           ;
; AA18     ; 197        ; 4A       ; RESERVED_INPUT_WITH_WEAK_PULLUP ;        ;              ;                     ; Column I/O   ;                 ; no       ; On           ;
; AA19     ;            ; 3B, 4A   ; VCCPD3B4A                       ; power  ;              ; 2.5V                ; --           ;                 ; --       ; --           ;
; AA20     ;            ; 4A       ; VCCIO4A                         ; power  ;              ; 2.5V                ; --           ;                 ; --       ; --           ;
; AA21     ; 209        ; 4A       ; RESERVED_INPUT_WITH_WEAK_PULLUP ;        ;              ;                     ; Column I/O   ;                 ; no       ; On           ;
; AA22     ; 216        ; 5A       ; RESERVED_INPUT_WITH_WEAK_PULLUP ;        ;              ;                     ; Row I/O      ;                 ; no       ; On           ;
; AA23     ; 218        ; 5A       ; RESERVED_INPUT_WITH_WEAK_PULLUP ;        ;              ;                     ; Row I/O      ;                 ; no       ; On           ;
; AA24     ; 265        ; 5B       ; ReadData[9]                     ; output ; 2.5 V        ;                     ; Row I/O      ; N               ; no       ; Off          ;
; AA25     ;            ;          ; GND                             ; gnd    ;              ;                     ; --           ;                 ; --       ; --           ;
; AA26     ; 279        ; 5B       ; Result[8]                       ; output ; 2.5 V        ;                     ; Row I/O      ; N               ; no       ; Off          ;
; AB1      ; 35         ; B0L      ; GND                             ;        ;              ;                     ; --           ;                 ; --       ; --           ;
; AB2      ; 34         ; B0L      ; GND                             ;        ;              ;                     ; --           ;                 ; --       ; --           ;
; AB3      ;            ;          ; GND                             ; gnd    ;              ;                     ; --           ;                 ; --       ; --           ;
; AB4      ;            ;          ; GND                             ; gnd    ;              ;                     ; --           ;                 ; --       ; --           ;
; AB5      ; 47         ; 3A       ; ^AS_DATA2, DATA2                ;        ;              ;                     ; Weak Pull Up ;                 ; --       ; On           ;
; AB6      ; 57         ; 3A       ; RESERVED_INPUT_WITH_WEAK_PULLUP ;        ;              ;                     ; Column I/O   ;                 ; no       ; On           ;
; AB7      ;            ;          ; DNU                             ;        ;              ;                     ; --           ;                 ; --       ; --           ;
; AB8      ;            ;          ; GND                             ; gnd    ;              ;                     ; --           ;                 ; --       ; --           ;
; AB9      ;            ; 3A       ; VCCPD3A                         ; power  ;              ; 2.5V                ; --           ;                 ; --       ; --           ;
; AB10     ; 107        ; 3B       ; RESERVED_INPUT_WITH_WEAK_PULLUP ;        ;              ;                     ; Column I/O   ;                 ; no       ; On           ;
; AB11     ; 109        ; 3B       ; RESERVED_INPUT_WITH_WEAK_PULLUP ;        ;              ;                     ; Column I/O   ;                 ; no       ; On           ;
; AB12     ; 111        ; 3B       ; RESERVED_INPUT_WITH_WEAK_PULLUP ;        ;              ;                     ; Column I/O   ;                 ; no       ; On           ;
; AB13     ;            ; 4A       ; VCCIO4A                         ; power  ;              ; 2.5V                ; --           ;                 ; --       ; --           ;
; AB14     ;            ; --       ; VCC_AUX                         ; power  ;              ; 2.5V                ; --           ;                 ; --       ; --           ;
; AB15     ; 151        ; 4A       ; Ext_DataAdr[28]                 ; input  ; 2.5 V        ;                     ; Column I/O   ; N               ; no       ; Off          ;
; AB16     ; 157        ; 4A       ; DataAdr[26]                     ; output ; 2.5 V        ;                     ; Column I/O   ; N               ; no       ; Off          ;
; AB17     ; 175        ; 4A       ; Ext_DataAdr[26]                 ; input  ; 2.5 V        ;                     ; Column I/O   ; N               ; no       ; Off          ;
; AB18     ;            ;          ; GND                             ; gnd    ;              ;                     ; --           ;                 ; --       ; --           ;
; AB19     ; 206        ; 4A       ; RESERVED_INPUT_WITH_WEAK_PULLUP ;        ;              ;                     ; Column I/O   ;                 ; no       ; On           ;
; AB20     ;            ; --       ; VCC_AUX                         ; power  ;              ; 2.5V                ; --           ;                 ; --       ; --           ;
; AB21     ;            ; 3B, 4A   ; VCCPD3B4A                       ; power  ;              ; 2.5V                ; --           ;                 ; --       ; --           ;
; AB22     ; 211        ; 4A       ; RESERVED_INPUT_WITH_WEAK_PULLUP ;        ;              ;                     ; Column I/O   ;                 ; no       ; On           ;
; AB23     ;            ; 5A       ; VCCIO5A                         ; power  ;              ; 2.5V                ; --           ;                 ; --       ; --           ;
; AB24     ; 222        ; 5A       ; RESERVED_INPUT_WITH_WEAK_PULLUP ;        ;              ;                     ; Row I/O      ;                 ; no       ; On           ;
; AB25     ; 267        ; 5B       ; DataAdr[0]                      ; output ; 2.5 V        ;                     ; Row I/O      ; N               ; no       ; Off          ;
; AB26     ; 277        ; 5B       ; Result[17]                      ; output ; 2.5 V        ;                     ; Row I/O      ; N               ; no       ; Off          ;
; AC1      ;            ;          ; GND                             ; gnd    ;              ;                     ; --           ;                 ; --       ; --           ;
; AC2      ;            ;          ; GND                             ; gnd    ;              ;                     ; --           ;                 ; --       ; --           ;
; AC3      ; 32         ; B0L      ; GXB_NC                          ;        ;              ;                     ; --           ;                 ; --       ; --           ;
; AC4      ; 33         ; B0L      ; GXB_NC                          ;        ;              ;                     ; --           ;                 ; --       ; --           ;
; AC5      ;            ;          ; GND                             ; gnd    ;              ;                     ; --           ;                 ; --       ; --           ;
; AC6      ;            ; 3A       ; VCCIO3A                         ; power  ;              ; 2.5V                ; --           ;                 ; --       ; --           ;
; AC7      ;            ; 3A       ; VREFB3AN0                       ; power  ;              ;                     ; --           ;                 ; --       ; --           ;
; AC8      ; 108        ; 3B       ; RESERVED_INPUT_WITH_WEAK_PULLUP ;        ;              ;                     ; Column I/O   ;                 ; no       ; On           ;
; AC9      ; 110        ; 3B       ; RESERVED_INPUT_WITH_WEAK_PULLUP ;        ;              ;                     ; Column I/O   ;                 ; no       ; On           ;
; AC10     ; 105        ; 3B       ; RESERVED_INPUT_WITH_WEAK_PULLUP ;        ;              ;                     ; Column I/O   ;                 ; no       ; On           ;
; AC11     ;            ;          ; GND                             ; gnd    ;              ;                     ; --           ;                 ; --       ; --           ;
; AC12     ;            ; 3B       ; VREFB3BN0                       ; power  ;              ;                     ; --           ;                 ; --       ; --           ;
; AC13     ; 148        ; 4A       ; Result[10]                      ; output ; 2.5 V        ;                     ; Column I/O   ; N               ; no       ; Off          ;
; AC14     ; 150        ; 4A       ; DataAdr[15]                     ; output ; 2.5 V        ;                     ; Column I/O   ; N               ; no       ; Off          ;
; AC15     ; 149        ; 4A       ; DataAdr[21]                     ; output ; 2.5 V        ;                     ; Column I/O   ; N               ; no       ; Off          ;
; AC16     ;            ; 4A       ; VCCIO4A                         ; power  ;              ; 2.5V                ; --           ;                 ; --       ; --           ;
; AC17     ; 173        ; 4A       ; ReadData[20]                    ; output ; 2.5 V        ;                     ; Column I/O   ; N               ; no       ; Off          ;
; AC18     ; 166        ; 4A       ; DataAdr[17]                     ; output ; 2.5 V        ;                     ; Column I/O   ; N               ; no       ; Off          ;
; AC19     ; 204        ; 4A       ; RESERVED_INPUT_WITH_WEAK_PULLUP ;        ;              ;                     ; Column I/O   ;                 ; no       ; On           ;
; AC20     ; 182        ; 4A       ; Result[1]                       ; output ; 2.5 V        ;                     ; Column I/O   ; N               ; no       ; Off          ;
; AC21     ;            ;          ; GND                             ; gnd    ;              ;                     ; --           ;                 ; --       ; --           ;
; AC22     ; 212        ; 5A       ; RESERVED_INPUT_WITH_WEAK_PULLUP ;        ;              ;                     ; Row I/O      ;                 ; no       ; On           ;
; AC23     ; 214        ; 5A       ; Ext_DataAdr[5]                  ; input  ; 2.5 V        ;                     ; Row I/O      ; N               ; no       ; Off          ;
; AC24     ; 220        ; 5A       ; RESERVED_INPUT_WITH_WEAK_PULLUP ;        ;              ;                     ; Row I/O      ;                 ; no       ; On           ;
; AC25     ; 271        ; 5B       ; PC[18]                          ; output ; 2.5 V        ;                     ; Row I/O      ; N               ; no       ; Off          ;
; AC26     ;            ;          ; GND                             ; gnd    ;              ;                     ; --           ;                 ; --       ; --           ;
; AD1      ; 39         ; B0L      ; GND                             ;        ;              ;                     ; --           ;                 ; --       ; --           ;
; AD2      ; 38         ; B0L      ; GND                             ;        ;              ;                     ; --           ;                 ; --       ; --           ;
; AD3      ;            ;          ; GND                             ; gnd    ;              ;                     ; --           ;                 ; --       ; --           ;
; AD4      ;            ;          ; GND                             ; gnd    ;              ;                     ; --           ;                 ; --       ; --           ;
; AD5      ; 49         ; 3A       ; ^AS_DATA1, DATA1                ;        ;              ;                     ; Weak Pull Up ;                 ; --       ; On           ;
; AD6      ; 65         ; 3A       ; RESERVED_INPUT_WITH_WEAK_PULLUP ;        ;              ;                     ; Column I/O   ;                 ; no       ; On           ;
; AD7      ; 67         ; 3A       ; RESERVED_INPUT_WITH_WEAK_PULLUP ;        ;              ;                     ; Column I/O   ;                 ; no       ; On           ;
; AD8      ; 119        ; 3B       ; RESERVED_INPUT_WITH_WEAK_PULLUP ;        ;              ;                     ; Column I/O   ;                 ; no       ; On           ;
; AD9      ;            ; 3B       ; VCCIO3B                         ; power  ;              ; 2.5V                ; --           ;                 ; --       ; --           ;
; AD10     ; 142        ; 4A       ; RESERVED_INPUT_WITH_WEAK_PULLUP ;        ;              ;                     ; Column I/O   ;                 ; no       ; On           ;
; AD11     ; 134        ; 4A       ; PC[30]                          ; output ; 2.5 V        ;                     ; Column I/O   ; N               ; no       ; Off          ;
; AD12     ; 137        ; 4A       ; Ext_WriteData[19]               ; input  ; 2.5 V        ;                     ; Column I/O   ; N               ; no       ; Off          ;
; AD13     ; 139        ; 4A       ; ReadData[13]                    ; output ; 2.5 V        ;                     ; Column I/O   ; N               ; no       ; Off          ;
; AD14     ;            ;          ; GND                             ; gnd    ;              ;                     ; --           ;                 ; --       ; --           ;
; AD15     ;            ; 4A       ; VREFB4AN0                       ; power  ;              ;                     ; --           ;                 ; --       ; --           ;
; AD16     ; 165        ; 4A       ; DataAdr[30]                     ; output ; 2.5 V        ;                     ; Column I/O   ; N               ; no       ; Off          ;
; AD17     ; 167        ; 4A       ; Ext_DataAdr[17]                 ; input  ; 2.5 V        ;                     ; Column I/O   ; N               ; no       ; Off          ;
; AD18     ; 164        ; 4A       ; Ext_DataAdr[30]                 ; input  ; 2.5 V        ;                     ; Column I/O   ; N               ; no       ; Off          ;
; AD19     ;            ; 4A       ; VCCIO4A                         ; power  ;              ; 2.5V                ; --           ;                 ; --       ; --           ;
; AD20     ; 180        ; 4A       ; RESERVED_INPUT_WITH_WEAK_PULLUP ;        ;              ;                     ; Column I/O   ;                 ; no       ; On           ;
; AD21     ; 185        ; 4A       ; RESERVED_INPUT_WITH_WEAK_PULLUP ;        ;              ;                     ; Column I/O   ;                 ; no       ; On           ;
; AD22     ; 187        ; 4A       ; RESERVED_INPUT_WITH_WEAK_PULLUP ;        ;              ;                     ; Column I/O   ;                 ; no       ; On           ;
; AD23     ; 190        ; 4A       ; Result[25]                      ; output ; 2.5 V        ;                     ; Column I/O   ; N               ; no       ; Off          ;
; AD24     ;            ;          ; GND                             ; gnd    ;              ;                     ; --           ;                 ; --       ; --           ;
; AD25     ; 269        ; 5B       ; DataAdr[27]                     ; output ; 2.5 V        ;                     ; Row I/O      ; N               ; no       ; Off          ;
; AD26     ; 203        ; 4A       ; RESERVED_INPUT_WITH_WEAK_PULLUP ;        ;              ;                     ; Column I/O   ;                 ; no       ; On           ;
; AE1      ;            ;          ; GND                             ; gnd    ;              ;                     ; --           ;                 ; --       ; --           ;
; AE2      ;            ;          ; GND                             ; gnd    ;              ;                     ; --           ;                 ; --       ; --           ;
; AE3      ; 36         ; B0L      ; GXB_NC                          ;        ;              ;                     ; --           ;                 ; --       ; --           ;
; AE4      ; 37         ; B0L      ; GXB_NC                          ;        ;              ;                     ; --           ;                 ; --       ; --           ;
; AE5      ;            ;          ; GND                             ; gnd    ;              ;                     ; --           ;                 ; --       ; --           ;
; AE6      ; 131        ; 3B       ; PC[21]                          ; output ; 2.5 V        ;                     ; Column I/O   ; N               ; no       ; Off          ;
; AE7      ;            ;          ; GND                             ; gnd    ;              ;                     ; --           ;                 ; --       ; --           ;
; AE8      ; 117        ; 3B       ; RESERVED_INPUT_WITH_WEAK_PULLUP ;        ;              ;                     ; Column I/O   ;                 ; no       ; On           ;
; AE9      ; 123        ; 3B       ; RESERVED_INPUT_WITH_WEAK_PULLUP ;        ;              ;                     ; Column I/O   ;                 ; no       ; On           ;
; AE10     ; 140        ; 4A       ; PC[23]                          ; output ; 2.5 V        ;                     ; Column I/O   ; N               ; no       ; Off          ;
; AE11     ; 132        ; 4A       ; RESERVED_INPUT_WITH_WEAK_PULLUP ;        ;              ;                     ; Column I/O   ;                 ; no       ; On           ;
; AE12     ;            ; 4A       ; VCCIO4A                         ; power  ;              ; 2.5V                ; --           ;                 ; --       ; --           ;
; AE13     ; 155        ; 4A       ; Ext_DataAdr[21]                 ; input  ; 2.5 V        ;                     ; Column I/O   ; N               ; no       ; Off          ;
; AE14     ; 158        ; 4A       ; DataAdr[25]                     ; output ; 2.5 V        ;                     ; Column I/O   ; N               ; no       ; Off          ;
; AE15     ; 181        ; 4A       ; Result[4]                       ; output ; 2.5 V        ;                     ; Column I/O   ; N               ; no       ; Off          ;
; AE16     ; 183        ; 4A       ; RESERVED_INPUT_WITH_WEAK_PULLUP ;        ;              ;                     ; Column I/O   ;                 ; no       ; On           ;
; AE17     ;            ;          ; GND                             ; gnd    ;              ;                     ; --           ;                 ; --       ; --           ;
; AE18     ; 163        ; 4A       ; Ext_DataAdr[25]                 ; input  ; 2.5 V        ;                     ; Column I/O   ; N               ; no       ; Off          ;
; AE19     ; 171        ; 4A       ; RESERVED_INPUT_WITH_WEAK_PULLUP ;        ;              ;                     ; Column I/O   ;                 ; no       ; On           ;
; AE20     ; 179        ; 4A       ; Ext_DataAdr[2]                  ; input  ; 2.5 V        ;                     ; Column I/O   ; N               ; no       ; Off          ;
; AE21     ; 177        ; 4A       ; RESERVED_INPUT_WITH_WEAK_PULLUP ;        ;              ;                     ; Column I/O   ;                 ; no       ; On           ;
; AE22     ;            ; 4A       ; VCCIO4A                         ; power  ;              ; 2.5V                ; --           ;                 ; --       ; --           ;
; AE23     ; 188        ; 4A       ; PC[6]                           ; output ; 2.5 V        ;                     ; Column I/O   ; N               ; no       ; Off          ;
; AE24     ; 195        ; 4A       ; RESERVED_INPUT_WITH_WEAK_PULLUP ;        ;              ;                     ; Column I/O   ;                 ; no       ; On           ;
; AE25     ; 198        ; 4A       ; RESERVED_INPUT_WITH_WEAK_PULLUP ;        ;              ;                     ; Column I/O   ;                 ; no       ; On           ;
; AE26     ; 201        ; 4A       ; Ext_WriteData[1]                ; input  ; 2.5 V        ;                     ; Column I/O   ; N               ; no       ; Off          ;
; AF2      ;            ;          ; GND                             ; gnd    ;              ;                     ; --           ;                 ; --       ; --           ;
; AF3      ;            ;          ; GND                             ; gnd    ;              ;                     ; --           ;                 ; --       ; --           ;
; AF4      ;            ;          ; GND                             ; gnd    ;              ;                     ; --           ;                 ; --       ; --           ;
; AF5      ; 51         ; 3A       ; ^AS_DATA0, ASDO, DATA0          ;        ;              ;                     ; Weak Pull Up ;                 ; --       ; On           ;
; AF6      ; 129        ; 3B       ; RESERVED_INPUT_WITH_WEAK_PULLUP ;        ;              ;                     ; Column I/O   ;                 ; no       ; On           ;
; AF7      ; 126        ; 3B       ; RESERVED_INPUT_WITH_WEAK_PULLUP ;        ;              ;                     ; Column I/O   ;                 ; no       ; On           ;
; AF8      ; 124        ; 3B       ; RESERVED_INPUT_WITH_WEAK_PULLUP ;        ;              ;                     ; Column I/O   ;                 ; no       ; On           ;
; AF9      ; 121        ; 3B       ; Ext_DataAdr[1]                  ; input  ; 2.5 V        ;                     ; Column I/O   ; N               ; no       ; Off          ;
; AF10     ;            ;          ; GND                             ; gnd    ;              ;                     ; --           ;                 ; --       ; --           ;
; AF11     ; 147        ; 4A       ; Ext_DataAdr[10]                 ; input  ; 2.5 V        ;                     ; Column I/O   ; N               ; no       ; Off          ;
; AF12     ; 145        ; 4A       ; Ext_DataAdr[20]                 ; input  ; 2.5 V        ;                     ; Column I/O   ; N               ; no       ; Off          ;
; AF13     ; 153        ; 4A       ; PC[25]                          ; output ; 2.5 V        ;                     ; Column I/O   ; N               ; no       ; Off          ;
; AF14     ; 156        ; 4A       ; PC[28]                          ; output ; 2.5 V        ;                     ; Column I/O   ; N               ; no       ; Off          ;
; AF15     ;            ; 4A       ; VCCIO4A                         ; power  ;              ; 2.5V                ; --           ;                 ; --       ; --           ;
; AF16     ; 189        ; 4A       ; RESERVED_INPUT_WITH_WEAK_PULLUP ;        ;              ;                     ; Column I/O   ;                 ; no       ; On           ;
; AF17     ; 191        ; 4A       ; ReadData[22]                    ; output ; 2.5 V        ;                     ; Column I/O   ; N               ; no       ; Off          ;
; AF18     ; 161        ; 4A       ; Result[18]                      ; output ; 2.5 V        ;                     ; Column I/O   ; N               ; no       ; Off          ;
; AF19     ; 169        ; 4A       ; DataAdr[18]                     ; output ; 2.5 V        ;                     ; Column I/O   ; N               ; no       ; Off          ;
; AF20     ;            ;          ; GND                             ; gnd    ;              ;                     ; --           ;                 ; --       ; --           ;
; AF21     ; 174        ; 4A       ; Ext_DataAdr[29]                 ; input  ; 2.5 V        ;                     ; Column I/O   ; N               ; no       ; Off          ;
; AF22     ; 172        ; 4A       ; Ext_WriteData[18]               ; input  ; 2.5 V        ;                     ; Column I/O   ; N               ; no       ; Off          ;
; AF23     ; 193        ; 4A       ; RESERVED_INPUT_WITH_WEAK_PULLUP ;        ;              ;                     ; Column I/O   ;                 ; no       ; On           ;
; AF24     ; 196        ; 4A       ; RESERVED_INPUT_WITH_WEAK_PULLUP ;        ;              ;                     ; Column I/O   ;                 ; no       ; On           ;
; AF25     ;            ;          ; GND                             ; gnd    ;              ;                     ; --           ;                 ; --       ; --           ;
; B1       ;            ;          ; RREF                            ;        ;              ;                     ; --           ;                 ; --       ; --           ;
; B2       ;            ;          ; GND                             ; gnd    ;              ;                     ; --           ;                 ; --       ; --           ;
; B3       ;            ;          ; GND                             ; gnd    ;              ;                     ; --           ;                 ; --       ; --           ;
; B4       ;            ;          ; GND                             ; gnd    ;              ;                     ; --           ;                 ; --       ; --           ;
; B5       ; 536        ; 9A       ; ^nSTATUS                        ;        ;              ;                     ; --           ;                 ; --       ; --           ;
; B6       ; 456        ; 8A       ; Ext_WriteData[31]               ; input  ; 2.5 V        ;                     ; Column I/O   ; N               ; no       ; Off          ;
; B7       ; 460        ; 8A       ; Ext_WriteData[29]               ; input  ; 2.5 V        ;                     ; Column I/O   ; N               ; no       ; Off          ;
; B8       ;            ;          ; GND                             ; gnd    ;              ;                     ; --           ;                 ; --       ; --           ;
; B9       ; 424        ; 7A       ; WriteData[30]                   ; output ; 2.5 V        ;                     ; Column I/O   ; N               ; no       ; Off          ;
; B10      ; 430        ; 7A       ; RESERVED_INPUT_WITH_WEAK_PULLUP ;        ;              ;                     ; Column I/O   ;                 ; no       ; On           ;
; B11      ; 444        ; 7A       ; DataAdr[4]                      ; output ; 2.5 V        ;                     ; Column I/O   ; N               ; no       ; Off          ;
; B12      ; 438        ; 7A       ; Ext_DataAdr[13]                 ; input  ; 2.5 V        ;                     ; Column I/O   ; N               ; no       ; Off          ;
; B13      ;            ; 7A       ; VCCIO7A                         ; power  ;              ; 2.5V                ; --           ;                 ; --       ; --           ;
; B14      ; 412        ; 7A       ; WriteData[19]                   ; output ; 2.5 V        ;                     ; Column I/O   ; N               ; no       ; Off          ;
; B15      ; 414        ; 7A       ; RESERVED_INPUT_WITH_WEAK_PULLUP ;        ;              ;                     ; Column I/O   ;                 ; no       ; On           ;
; B16      ;            ; 7A       ; VREFB7AN0                       ; power  ;              ;                     ; --           ;                 ; --       ; --           ;
; B17      ; 408        ; 7A       ; WriteData[13]                   ; output ; 2.5 V        ;                     ; Column I/O   ; N               ; no       ; Off          ;
; B18      ;            ;          ; GND                             ; gnd    ;              ;                     ; --           ;                 ; --       ; --           ;
; B19      ; 392        ; 7A       ; RESERVED_INPUT_WITH_WEAK_PULLUP ;        ;              ;                     ; Column I/O   ;                 ; no       ; On           ;
; B20      ; 388        ; 7A       ; RESERVED_INPUT_WITH_WEAK_PULLUP ;        ;              ;                     ; Column I/O   ;                 ; no       ; On           ;
; B21      ; 386        ; 7A       ; WriteData[29]                   ; output ; 2.5 V        ;                     ; Column I/O   ; N               ; no       ; Off          ;
; B22      ; 382        ; 7A       ; ReadData[18]                    ; output ; 2.5 V        ;                     ; Column I/O   ; N               ; no       ; Off          ;
; B23      ;            ; 7A       ; VCCIO7A                         ; power  ;              ; 2.5V                ; --           ;                 ; --       ; --           ;
; B24      ; 377        ; 7A       ; DataAdr[14]                     ; output ; 2.5 V        ;                     ; Column I/O   ; N               ; no       ; Off          ;
; B25      ; 341        ; 6A       ; WriteData[5]                    ; output ; 2.5 V        ;                     ; Row I/O      ; N               ; no       ; Off          ;
; B26      ; 343        ; 6A       ; DataAdr[6]                      ; output ; 2.5 V        ;                     ; Row I/O      ; N               ; no       ; Off          ;
; C1       ;            ;          ; GND                             ; gnd    ;              ;                     ; --           ;                 ; --       ; --           ;
; C2       ;            ;          ; GND                             ; gnd    ;              ;                     ; --           ;                 ; --       ; --           ;
; C3       ; 0          ; B2L      ; GXB_NC                          ;        ;              ;                     ; --           ;                 ; --       ; --           ;
; C4       ; 1          ; B2L      ; GXB_NC                          ;        ;              ;                     ; --           ;                 ; --       ; --           ;
; C5       ;            ;          ; GND                             ; gnd    ;              ;                     ; --           ;                 ; --       ; --           ;
; C6       ;            ; 8A       ; VCCIO8A                         ; power  ;              ; 2.5V                ; --           ;                 ; --       ; --           ;
; C7       ; 468        ; 8A       ; ReadData[21]                    ; output ; 2.5 V        ;                     ; Column I/O   ; N               ; no       ; Off          ;
; C8       ;            ; 8A       ; VREFB8AN0                       ; power  ;              ;                     ; --           ;                 ; --       ; --           ;
; C9       ; 422        ; 7A       ; ReadData[6]                     ; output ; 2.5 V        ;                     ; Column I/O   ; N               ; no       ; Off          ;
; C10      ; 428        ; 7A       ; DataAdr[10]                     ; output ; 2.5 V        ;                     ; Column I/O   ; N               ; no       ; Off          ;
; C11      ;            ;          ; GND                             ; gnd    ;              ;                     ; --           ;                 ; --       ; --           ;
; C12      ; 448        ; 7A       ; WriteData[27]                   ; output ; 2.5 V        ;                     ; Column I/O   ; N               ; no       ; Off          ;
; C13      ; 446        ; 7A       ; Ext_WriteData[3]                ; input  ; 2.5 V        ;                     ; Column I/O   ; N               ; no       ; Off          ;
; C14      ; 417        ; 7A       ; WriteData[10]                   ; output ; 2.5 V        ;                     ; Column I/O   ; N               ; no       ; Off          ;
; C15      ; 416        ; 7A       ; WriteData[16]                   ; output ; 2.5 V        ;                     ; Column I/O   ; N               ; no       ; Off          ;
; C16      ;            ; 7A       ; VCCIO7A                         ; power  ;              ; 2.5V                ; --           ;                 ; --       ; --           ;
; C17      ; 406        ; 7A       ; WriteData[26]                   ; output ; 2.5 V        ;                     ; Column I/O   ; N               ; no       ; Off          ;
; C18      ; 396        ; 7A       ; Ext_DataAdr[8]                  ; input  ; 2.5 V        ;                     ; Column I/O   ; N               ; no       ; Off          ;
; C19      ; 394        ; 7A       ; WriteData[24]                   ; output ; 2.5 V        ;                     ; Column I/O   ; N               ; no       ; Off          ;
; C20      ; 390        ; 7A       ; ReadData[25]                    ; output ; 2.5 V        ;                     ; Column I/O   ; N               ; no       ; Off          ;
; C21      ;            ;          ; GND                             ; gnd    ;              ;                     ; --           ;                 ; --       ; --           ;
; C22      ; 376        ; 7A       ; RESERVED_INPUT_WITH_WEAK_PULLUP ;        ;              ;                     ; Column I/O   ;                 ; no       ; On           ;
; C23      ; 374        ; 7A       ; Ext_WriteData[5]                ; input  ; 2.5 V        ;                     ; Column I/O   ; N               ; no       ; Off          ;
; C24      ;            ;          ; DNU                             ;        ;              ;                     ; --           ;                 ; --       ; --           ;
; C25      ; 347        ; 6A       ; ReadData[16]                    ; output ; 2.5 V        ;                     ; Row I/O      ; N               ; no       ; Off          ;
; C26      ;            ; 6A       ; VCCIO6A                         ; power  ;              ; 2.5V                ; --           ;                 ; --       ; --           ;
; D1       ; 3          ; B2L      ; GND                             ;        ;              ;                     ; --           ;                 ; --       ; --           ;
; D2       ; 2          ; B2L      ; GND                             ;        ;              ;                     ; --           ;                 ; --       ; --           ;
; D3       ;            ;          ; GND                             ; gnd    ;              ;                     ; --           ;                 ; --       ; --           ;
; D4       ;            ;          ; GND                             ; gnd    ;              ;                     ; --           ;                 ; --       ; --           ;
; D5       ; 537        ; 9A       ; ^nCE                            ;        ;              ;                     ; --           ;                 ; --       ; --           ;
; D6       ; 462        ; 8A       ; PC[1]                           ; output ; 2.5 V        ;                     ; Column I/O   ; N               ; no       ; Off          ;
; D7       ; 466        ; 8A       ; ReadData[31]                    ; output ; 2.5 V        ;                     ; Column I/O   ; N               ; no       ; Off          ;
; D8       ; 482        ; 8A       ; RESERVED_INPUT_WITH_WEAK_PULLUP ;        ;              ;                     ; Column I/O   ;                 ; no       ; On           ;
; D9       ;            ; 8A       ; VCCIO8A                         ; power  ;              ; 2.5V                ; --           ;                 ; --       ; --           ;
; D10      ; 426        ; 7A       ; Result[11]                      ; output ; 2.5 V        ;                     ; Column I/O   ; N               ; no       ; Off          ;
; D11      ; 450        ; 7A       ; Ext_WriteData[4]                ; input  ; 2.5 V        ;                     ; Column I/O   ; N               ; no       ; Off          ;
; D12      ; 452        ; 7A       ; Ext_WriteData[27]               ; input  ; 2.5 V        ;                     ; Column I/O   ; N               ; no       ; Off          ;
; D13      ; 451        ; 7A       ; Ext_WriteData[24]               ; input  ; 2.5 V        ;                     ; Column I/O   ; N               ; no       ; Off          ;
; D14      ;            ;          ; GND                             ; gnd    ;              ;                     ; --           ;                 ; --       ; --           ;
; D15      ; 419        ; 7A       ; WriteData[28]                   ; output ; 2.5 V        ;                     ; Column I/O   ; N               ; no       ; Off          ;
; D16      ; 427        ; 7A       ; DataAdr[23]                     ; output ; 2.5 V        ;                     ; Column I/O   ; N               ; no       ; Off          ;
; D17      ; 403        ; 7A       ; RESERVED_INPUT_WITH_WEAK_PULLUP ;        ;              ;                     ; Column I/O   ;                 ; no       ; On           ;
; D18      ; 401        ; 7A       ; WriteData[2]                    ; output ; 2.5 V        ;                     ; Column I/O   ; N               ; no       ; Off          ;
; D19      ;            ; 7A       ; VCCIO7A                         ; power  ;              ; 2.5V                ; --           ;                 ; --       ; --           ;
; D20      ; 387        ; 7A       ; RESERVED_INPUT_WITH_WEAK_PULLUP ;        ;              ;                     ; Column I/O   ;                 ; no       ; On           ;
; D21      ; 385        ; 7A       ; Ext_DataAdr[7]                  ; input  ; 2.5 V        ;                     ; Column I/O   ; N               ; no       ; Off          ;
; D22      ; 349        ; 6A       ; DataAdr[3]                      ; output ; 2.5 V        ;                     ; Row I/O      ; N               ; no       ; Off          ;
; D23      ; 372        ; 7A       ; ^GND                            ;        ;              ;                     ; --           ;                 ; --       ; --           ;
; D24      ;            ;          ; GND                             ; gnd    ;              ;                     ; --           ;                 ; --       ; --           ;
; D25      ; 345        ; 6A       ; DataAdr[2]                      ; output ; 2.5 V        ;                     ; Row I/O      ; N               ; no       ; Off          ;
; D26      ; 305        ; 6A       ; Result[2]                       ; output ; 2.5 V        ;                     ; Row I/O      ; N               ; no       ; Off          ;
; E1       ;            ;          ; GND                             ; gnd    ;              ;                     ; --           ;                 ; --       ; --           ;
; E2       ;            ;          ; GND                             ; gnd    ;              ;                     ; --           ;                 ; --       ; --           ;
; E3       ; 4          ; B2L      ; GXB_NC                          ;        ;              ;                     ; --           ;                 ; --       ; --           ;
; E4       ; 5          ; B2L      ; GXB_NC                          ;        ;              ;                     ; --           ;                 ; --       ; --           ;
; E5       ;            ;          ; GND                             ; gnd    ;              ;                     ; --           ;                 ; --       ; --           ;
; E6       ; 464        ; 8A       ; ReadData[10]                    ; output ; 2.5 V        ;                     ; Column I/O   ; N               ; no       ; Off          ;
; E7       ;            ;          ; GND                             ; gnd    ;              ;                     ; --           ;                 ; --       ; --           ;
; E8       ;            ; --       ; VCCBAT                          ; power  ;              ; 1.2V                ; --           ;                 ; --       ; --           ;
; E9       ; 484        ; 8A       ; Ext_WriteData[11]               ; input  ; 2.5 V        ;                     ; Column I/O   ; N               ; no       ; Off          ;
; E10      ; 434        ; 7A       ; WriteData[31]                   ; output ; 2.5 V        ;                     ; Column I/O   ; N               ; no       ; Off          ;
; E11      ; 436        ; 7A       ; ReadData[24]                    ; output ; 2.5 V        ;                     ; Column I/O   ; N               ; no       ; Off          ;
; E12      ;            ; 7A       ; VCCIO7A                         ; power  ;              ; 2.5V                ; --           ;                 ; --       ; --           ;
; E13      ; 449        ; 7A       ; Ext_WriteData[0]                ; input  ; 2.5 V        ;                     ; Column I/O   ; N               ; no       ; Off          ;
; E14      ;            ; --       ; VCC_AUX                         ; power  ;              ; 2.5V                ; --           ;                 ; --       ; --           ;
; E15      ; 435        ; 7A       ; Ext_DataAdr[19]                 ; input  ; 2.5 V        ;                     ; Column I/O   ; N               ; no       ; Off          ;
; E16      ; 425        ; 7A       ; WriteData[0]                    ; output ; 2.5 V        ;                     ; Column I/O   ; N               ; no       ; Off          ;
; E17      ;            ;          ; GND                             ; gnd    ;              ;                     ; --           ;                 ; --       ; --           ;
; E18      ; 409        ; 7A       ; WriteData[6]                    ; output ; 2.5 V        ;                     ; Column I/O   ; N               ; no       ; Off          ;
; E19      ; 395        ; 7A       ; WriteData[22]                   ; output ; 2.5 V        ;                     ; Column I/O   ; N               ; no       ; Off          ;
; E20      ; 393        ; 7A       ; RESERVED_INPUT_WITH_WEAK_PULLUP ;        ;              ;                     ; Column I/O   ;                 ; no       ; On           ;
; E21      ; 353        ; 6A       ; RESERVED_INPUT_WITH_WEAK_PULLUP ;        ;              ;                     ; Row I/O      ;                 ; no       ; On           ;
; E22      ;            ; 6A       ; VCCIO6A                         ; power  ;              ; 2.5V                ; --           ;                 ; --       ; --           ;
; E23      ; 351        ; 6A       ; ReadData[17]                    ; output ; 2.5 V        ;                     ; Row I/O      ; N               ; no       ; Off          ;
; E24      ; 309        ; 6A       ; DataAdr[22]                     ; output ; 2.5 V        ;                     ; Row I/O      ; N               ; no       ; Off          ;
; E25      ; 311        ; 6A       ; ReadData[26]                    ; output ; 2.5 V        ;                     ; Row I/O      ; N               ; no       ; Off          ;
; E26      ; 307        ; 6A       ; Result[30]                      ; output ; 2.5 V        ;                     ; Row I/O      ; N               ; no       ; Off          ;
; F1       ; 7          ; B2L      ; GND                             ;        ;              ;                     ; --           ;                 ; --       ; --           ;
; F2       ; 6          ; B2L      ; GND                             ;        ;              ;                     ; --           ;                 ; --       ; --           ;
; F3       ;            ;          ; GND                             ; gnd    ;              ;                     ; --           ;                 ; --       ; --           ;
; F4       ;            ;          ; GND                             ; gnd    ;              ;                     ; --           ;                 ; --       ; --           ;
; F5       ; 540        ; 9A       ; ^nCONFIG                        ;        ;              ;                     ; --           ;                 ; --       ; --           ;
; F6       ; 470        ; 8A       ; DataAdr[1]                      ; output ; 2.5 V        ;                     ; Column I/O   ; N               ; no       ; Off          ;
; F7       ; 476        ; 8A       ; ReadData[23]                    ; output ; 2.5 V        ;                     ; Column I/O   ; N               ; no       ; Off          ;
; F8       ;            ; --       ; VCCPGM                          ; power  ;              ; 1.8V/2.5V/3.0V/3.3V ; --           ;                 ; --       ; --           ;
; F9       ;            ; 7A, 8A   ; VCCPD7A8A                       ; power  ;              ; 2.5V                ; --           ;                 ; --       ; --           ;
; F10      ;            ;          ; GND                             ; gnd    ;              ;                     ; --           ;                 ; --       ; --           ;
; F11      ;            ; 7A, 8A   ; VCCPD7A8A                       ; power  ;              ; 2.5V                ; --           ;                 ; --       ; --           ;
; F12      ; 443        ; 7A       ; Ext_DataAdr[14]                 ; input  ; 2.5 V        ;                     ; Column I/O   ; N               ; no       ; Off          ;
; F13      ;            ; 7A, 8A   ; VCCPD7A8A                       ; power  ;              ; 2.5V                ; --           ;                 ; --       ; --           ;
; F14      ;            ;          ; DNU                             ;        ;              ;                     ; --           ;                 ; --       ; --           ;
; F15      ;            ; 7A       ; VCCIO7A                         ; power  ;              ; 2.5V                ; --           ;                 ; --       ; --           ;
; F16      ; 433        ; 7A       ; DataAdr[19]                     ; output ; 2.5 V        ;                     ; Column I/O   ; N               ; no       ; Off          ;
; F17      ;            ; 7A, 8A   ; VCCPD7A8A                       ; power  ;              ; 2.5V                ; --           ;                 ; --       ; --           ;
; F18      ; 411        ; 7A       ; ReadData[0]                     ; output ; 2.5 V        ;                     ; Column I/O   ; N               ; no       ; Off          ;
; F19      ;            ; 7A, 8A   ; VCCPD7A8A                       ; power  ;              ; 2.5V                ; --           ;                 ; --       ; --           ;
; F20      ;            ;          ; GND                             ; gnd    ;              ;                     ; --           ;                 ; --       ; --           ;
; F21      ; 354        ; 6A       ; Ext_DataAdr[6]                  ; input  ; 2.5 V        ;                     ; Row I/O      ; N               ; no       ; Off          ;
; F22      ; 355        ; 6A       ; RESERVED_INPUT_WITH_WEAK_PULLUP ;        ;              ;                     ; Row I/O      ;                 ; no       ; On           ;
; F23      ; 321        ; 6A       ; PC[16]                          ; output ; 2.5 V        ;                     ; Row I/O      ; N               ; no       ; Off          ;
; F24      ; 313        ; 6A       ; Ext_DataAdr[4]                  ; input  ; 2.5 V        ;                     ; Row I/O      ; N               ; no       ; Off          ;
; F25      ;            ; 6A       ; VCCIO6A                         ; power  ;              ; 2.5V                ; --           ;                 ; --       ; --           ;
; F26      ; 297        ; 6A       ; Result[3]                       ; output ; 2.5 V        ;                     ; Row I/O      ; N               ; no       ; Off          ;
; G1       ;            ;          ; GND                             ; gnd    ;              ;                     ; --           ;                 ; --       ; --           ;
; G2       ;            ;          ; GND                             ; gnd    ;              ;                     ; --           ;                 ; --       ; --           ;
; G3       ; 8          ; B2L      ; GXB_NC                          ;        ;              ;                     ; --           ;                 ; --       ; --           ;
; G4       ; 9          ; B2L      ; GXB_NC                          ;        ;              ;                     ; --           ;                 ; --       ; --           ;
; G5       ;            ;          ; GND                             ; gnd    ;              ;                     ; --           ;                 ; --       ; --           ;
; G6       ; 472        ; 8A       ; DataAdr[8]                      ; output ; 2.5 V        ;                     ; Column I/O   ; N               ; no       ; Off          ;
; G7       ; 474        ; 8A       ; ReadData[8]                     ; output ; 2.5 V        ;                     ; Column I/O   ; N               ; no       ; Off          ;
; G8       ;            ; 8A       ; VCCIO8A                         ; power  ;              ; 2.5V                ; --           ;                 ; --       ; --           ;
; G9       ;            ; --       ; VCC_AUX                         ; power  ;              ; 2.5V                ; --           ;                 ; --       ; --           ;
; G10      ; 467        ; 8A       ; Ext_WriteData[9]                ; input  ; 2.5 V        ;                     ; Column I/O   ; N               ; no       ; Off          ;
; G11      ; 439        ; 7A       ; DataAdr[11]                     ; output ; 2.5 V        ;                     ; Column I/O   ; N               ; no       ; Off          ;
; G12      ; 441        ; 7A       ; ReadData[11]                    ; output ; 2.5 V        ;                     ; Column I/O   ; N               ; no       ; Off          ;
; G13      ;            ;          ; GND                             ; gnd    ;              ;                     ; --           ;                 ; --       ; --           ;
; G14      ; 423        ; 7A       ; ReadData[15]                    ; output ; 2.5 V        ;                     ; Column I/O   ; N               ; no       ; Off          ;
; G15      ; 421        ; 7A       ; WriteData[21]                   ; output ; 2.5 V        ;                     ; Column I/O   ; N               ; no       ; Off          ;
; G16      ; 389        ; 7A       ; WriteData[23]                   ; output ; 2.5 V        ;                     ; Column I/O   ; N               ; no       ; Off          ;
; G17      ; 391        ; 7A       ; ReadData[2]                     ; output ; 2.5 V        ;                     ; Column I/O   ; N               ; no       ; Off          ;
; G18      ;            ; 7A       ; VCCIO7A                         ; power  ;              ; 2.5V                ; --           ;                 ; --       ; --           ;
; G19      ;            ; --       ; VCC_AUX                         ; power  ;              ; 2.5V                ; --           ;                 ; --       ; --           ;
; G20      ; 352        ; 6A       ; Ext_DataAdr[27]                 ; input  ; 2.5 V        ;                     ; Row I/O      ; N               ; no       ; Off          ;
; G21      ;            ; --       ; VCCA_FPLL                       ; power  ;              ; 2.5V                ; --           ;                 ; --       ; --           ;
; G22      ; 323        ; 6A       ; Ext_WriteData[17]               ; input  ; 2.5 V        ;                     ; Row I/O      ; N               ; no       ; Off          ;
; G23      ;            ;          ; GND                             ; gnd    ;              ;                     ; --           ;                 ; --       ; --           ;
; G24      ; 315        ; 6A       ; Ext_DataAdr[3]                  ; input  ; 2.5 V        ;                     ; Row I/O      ; N               ; no       ; Off          ;
; G25      ; 301        ; 6A       ; PC[5]                           ; output ; 2.5 V        ;                     ; Row I/O      ; N               ; no       ; Off          ;
; G26      ; 299        ; 6A       ; Result[23]                      ; output ; 2.5 V        ;                     ; Row I/O      ; N               ; no       ; Off          ;
; H1       ; 11         ; B2L      ; GND                             ;        ;              ;                     ; --           ;                 ; --       ; --           ;
; H2       ; 10         ; B2L      ; GND                             ;        ;              ;                     ; --           ;                 ; --       ; --           ;
; H3       ;            ;          ; GND                             ; gnd    ;              ;                     ; --           ;                 ; --       ; --           ;
; H4       ;            ;          ; GND                             ; gnd    ;              ;                     ; --           ;                 ; --       ; --           ;
; H5       ; 542        ; 9A       ; ^GND                            ;        ;              ;                     ; --           ;                 ; --       ; --           ;
; H6       ;            ;          ; GND                             ; gnd    ;              ;                     ; --           ;                 ; --       ; --           ;
; H7       ; 478        ; 8A       ; ReadData[30]                    ; output ; 2.5 V        ;                     ; Column I/O   ; N               ; no       ; Off          ;
; H8       ; 457        ; 8A       ; Ext_DataAdr[12]                 ; input  ; 2.5 V        ;                     ; Column I/O   ; N               ; no       ; Off          ;
; H9       ; 459        ; 8A       ; Ext_WriteData[12]               ; input  ; 2.5 V        ;                     ; Column I/O   ; N               ; no       ; Off          ;
; H10      ; 465        ; 8A       ; Ext_WriteData[2]                ; input  ; 2.5 V        ;                     ; Column I/O   ; N               ; no       ; Off          ;
; H11      ;            ; 7A       ; VCCIO7A                         ; power  ;              ; 2.5V                ; --           ;                 ; --       ; --           ;
; H12      ; 437        ; 7A       ; Ext_WriteData[23]               ; input  ; 2.5 V        ;                     ; Column I/O   ; N               ; no       ; Off          ;
; H13      ; 407        ; 7A       ; WriteData[11]                   ; output ; 2.5 V        ;                     ; Column I/O   ; N               ; no       ; Off          ;
; H14      ; 405        ; 7A       ; WriteData[4]                    ; output ; 2.5 V        ;                     ; Column I/O   ; N               ; no       ; Off          ;
; H15      ; 373        ; 7A       ; ReadData[28]                    ; output ; 2.5 V        ;                     ; Column I/O   ; N               ; no       ; Off          ;
; H16      ;            ;          ; GND                             ; gnd    ;              ;                     ; --           ;                 ; --       ; --           ;
; H17      ; 383        ; 7A       ; ReadData[3]                     ; output ; 2.5 V        ;                     ; Column I/O   ; N               ; no       ; Off          ;
; H18      ; 381        ; 7A       ; DataAdr[20]                     ; output ; 2.5 V        ;                     ; Column I/O   ; N               ; no       ; Off          ;
; H19      ; 344        ; 6A       ; WriteData[1]                    ; output ; 2.5 V        ;                     ; Row I/O      ; N               ; no       ; Off          ;
; H20      ; 346        ; 6A       ; WriteData[20]                   ; output ; 2.5 V        ;                     ; Row I/O      ; N               ; no       ; Off          ;
; H21      ;            ; 6A       ; VCCIO6A                         ; power  ;              ; 2.5V                ; --           ;                 ; --       ; --           ;
; H22      ; 320        ; 6A       ; DataAdr[7]                      ; output ; 2.5 V        ;                     ; Row I/O      ; N               ; no       ; Off          ;
; H23      ; 317        ; 6A       ; ReadData[27]                    ; output ; 2.5 V        ;                     ; Row I/O      ; N               ; no       ; Off          ;
; H24      ; 319        ; 6A       ; ReadData[5]                     ; output ; 2.5 V        ;                     ; Row I/O      ; N               ; no       ; Off          ;
; H25      ; 303        ; 6A       ; PC[7]                           ; output ; 2.5 V        ;                     ; Row I/O      ; N               ; no       ; Off          ;
; H26      ;            ;          ; GND                             ; gnd    ;              ;                     ; --           ;                 ; --       ; --           ;
; J1       ;            ;          ; GND                             ; gnd    ;              ;                     ; --           ;                 ; --       ; --           ;
; J2       ;            ;          ; GND                             ; gnd    ;              ;                     ; --           ;                 ; --       ; --           ;
; J3       ;            ; --       ; VCCL_GXBL                       ; power  ;              ; 1.1V                ; --           ;                 ; --       ; --           ;
; J4       ;            ;          ; GND                             ; gnd    ;              ;                     ; --           ;                 ; --       ; --           ;
; J5       ; 541        ; 9A       ; ^MSEL4                          ;        ;              ;                     ; --           ;                 ; --       ; --           ;
; J6       ;            ; --       ; VCCA_FPLL                       ; power  ;              ; 2.5V                ; --           ;                 ; --       ; --           ;
; J7       ; 480        ; 8A       ; RESERVED_INPUT_WITH_WEAK_PULLUP ;        ;              ;                     ; Column I/O   ;                 ; no       ; On           ;
; J8       ; 475        ; 8A       ; Ext_WriteData[25]               ; input  ; 2.5 V        ;                     ; Column I/O   ; N               ; no       ; Off          ;
; J9       ;            ;          ; GND                             ; gnd    ;              ;                     ; --           ;                 ; --       ; --           ;
; J10      ; 479        ; 8A       ; ReadData[19]                    ; output ; 2.5 V        ;                     ; Column I/O   ; N               ; no       ; Off          ;
; J11      ; 399        ; 7A       ; Ext_WriteData[26]               ; input  ; 2.5 V        ;                     ; Column I/O   ; N               ; no       ; Off          ;
; J12      ; 397        ; 7A       ; Ext_WriteData[20]               ; input  ; 2.5 V        ;                     ; Column I/O   ; N               ; no       ; Off          ;
; J13      ;            ; --       ; VCC                             ; power  ;              ; 1.1V                ; --           ;                 ; --       ; --           ;
; J14      ;            ;          ; GND                             ; gnd    ;              ;                     ; --           ;                 ; --       ; --           ;
; J15      ;            ; --       ; VCC                             ; power  ;              ; 1.1V                ; --           ;                 ; --       ; --           ;
; J16      ; 375        ; 7A       ; RESERVED_INPUT_WITH_WEAK_PULLUP ;        ;              ;                     ; Column I/O   ;                 ; no       ; On           ;
; J17      ;            ; --       ; VCC                             ; power  ;              ; 1.1V                ; --           ;                 ; --       ; --           ;
; J18      ;            ;          ; GND                             ; gnd    ;              ;                     ; --           ;                 ; --       ; --           ;
; J19      ;            ; --       ; VCC                             ; power  ;              ; 1.1V                ; --           ;                 ; --       ; --           ;
; J20      ; 348        ; 6A       ; ReadData[1]                     ; output ; 2.5 V        ;                     ; Row I/O      ; N               ; no       ; Off          ;
; J21      ; 350        ; 6A       ; Ext_WriteData[14]               ; input  ; 2.5 V        ;                     ; Row I/O      ; N               ; no       ; Off          ;
; J22      ;            ; 6A       ; VCCPD6A                         ; power  ;              ; 2.5V                ; --           ;                 ; --       ; --           ;
; J23      ; 322        ; 6A       ; WriteData[17]                   ; output ; 2.5 V        ;                     ; Row I/O      ; N               ; no       ; Off          ;
; J24      ;            ; 6A       ; VCCIO6A                         ; power  ;              ; 2.5V                ; --           ;                 ; --       ; --           ;
; J25      ; 293        ; 6A       ; PC[26]                          ; output ; 2.5 V        ;                     ; Row I/O      ; N               ; no       ; Off          ;
; J26      ; 295        ; 6A       ; Result[31]                      ; output ; 2.5 V        ;                     ; Row I/O      ; N               ; no       ; Off          ;
; K1       ; 16         ; B1L      ; GXB_NC                          ;        ;              ;                     ; --           ;                 ; --       ; --           ;
; K2       ; 17         ; B1L      ; GXB_NC                          ;        ;              ;                     ; --           ;                 ; --       ; --           ;
; K3       ;            ;          ; GND                             ; gnd    ;              ;                     ; --           ;                 ; --       ; --           ;
; K4       ;            ; --       ; VCCE_GXBL                       ; power  ;              ; 1.1V                ; --           ;                 ; --       ; --           ;
; K5       ; 539        ; 9A       ; ^MSEL3                          ;        ;              ;                     ; --           ;                 ; --       ; --           ;
; K6       ; 483        ; 8A       ; RESERVED_INPUT_WITH_WEAK_PULLUP ;        ;              ;                     ; Column I/O   ;                 ; no       ; On           ;
; K7       ;            ; 8A       ; VCCIO8A                         ; power  ;              ; 2.5V                ; --           ;                 ; --       ; --           ;
; K8       ; 473        ; 8A       ; RESERVED_INPUT_WITH_WEAK_PULLUP ;        ;              ;                     ; Column I/O   ;                 ; no       ; On           ;
; K9       ; 471        ; 8A       ; Ext_WriteData[21]               ; input  ; 2.5 V        ;                     ; Column I/O   ; N               ; no       ; Off          ;
; K10      ; 477        ; 8A       ; ReadData[14]                    ; output ; 2.5 V        ;                     ; Column I/O   ; N               ; no       ; Off          ;
; K11      ; 415        ; 7A       ; WriteData[25]                   ; output ; 2.5 V        ;                     ; Column I/O   ; N               ; no       ; Off          ;
; K12      ;            ;          ; GND                             ; gnd    ;              ;                     ; --           ;                 ; --       ; --           ;
; K13      ;            ;          ; GND                             ; gnd    ;              ;                     ; --           ;                 ; --       ; --           ;
; K14      ;            ; --       ; VCC                             ; power  ;              ; 1.1V                ; --           ;                 ; --       ; --           ;
; K15      ;            ;          ; GND                             ; gnd    ;              ;                     ; --           ;                 ; --       ; --           ;
; K16      ;            ; --       ; VCC                             ; power  ;              ; 1.1V                ; --           ;                 ; --       ; --           ;
; K17      ;            ;          ; GND                             ; gnd    ;              ;                     ; --           ;                 ; --       ; --           ;
; K18      ;            ; --       ; VCC                             ; power  ;              ; 1.1V                ; --           ;                 ; --       ; --           ;
; K19      ;            ;          ; GND                             ; gnd    ;              ;                     ; --           ;                 ; --       ; --           ;
; K20      ;            ; --       ; VCC                             ; power  ;              ; 1.1V                ; --           ;                 ; --       ; --           ;
; K21      ; 342        ; 6A       ; WriteData[14]                   ; output ; 2.5 V        ;                     ; Row I/O      ; N               ; no       ; Off          ;
; K22      ;            ;          ; GND                             ; gnd    ;              ;                     ; --           ;                 ; --       ; --           ;
; K23      ; 314        ; 6A       ; PC[4]                           ; output ; 2.5 V        ;                     ; Row I/O      ; N               ; no       ; Off          ;
; K24      ; 312        ; 6A       ; PC[13]                          ; output ; 2.5 V        ;                     ; Row I/O      ; N               ; no       ; Off          ;
; K25      ; 308        ; 6A       ; Result[0]                       ; output ; 2.5 V        ;                     ; Row I/O      ; N               ; no       ; Off          ;
; K26      ; 310        ; 6A       ; Result[19]                      ; output ; 2.5 V        ;                     ; Row I/O      ; N               ; no       ; Off          ;
; L1       ;            ;          ; GND                             ; gnd    ;              ;                     ; --           ;                 ; --       ; --           ;
; L2       ;            ;          ; GND                             ; gnd    ;              ;                     ; --           ;                 ; --       ; --           ;
; L3       ;            ; --       ; VCCH_GXBL                       ; power  ;              ; 2.5V                ; --           ;                 ; --       ; --           ;
; L4       ;            ;          ; GND                             ; gnd    ;              ;                     ; --           ;                 ; --       ; --           ;
; L5       ; 13         ; B2L      ; GND                             ;        ;              ;                     ; Row I/O      ;                 ; --       ; --           ;
; L6       ; 535        ; 9A       ; ^MSEL1                          ;        ;              ;                     ; --           ;                 ; --       ; --           ;
; L7       ; 481        ; 8A       ; RESERVED_INPUT_WITH_WEAK_PULLUP ;        ;              ;                     ; Column I/O   ;                 ; no       ; On           ;
; L8       ; 469        ; 8A       ; RESERVED_INPUT_WITH_WEAK_PULLUP ;        ;              ;                     ; Column I/O   ;                 ; no       ; On           ;
; L9       ; 463        ; 8A       ; Ext_WriteData[6]                ; input  ; 2.5 V        ;                     ; Column I/O   ; N               ; no       ; Off          ;
; L10      ;            ;          ; GND                             ; gnd    ;              ;                     ; --           ;                 ; --       ; --           ;
; L11      ; 447        ; 7A       ; PC[9]                           ; output ; 2.5 V        ;                     ; Column I/O   ; N               ; no       ; Off          ;
; L12      ; 413        ; 7A       ; RESERVED_INPUT_WITH_WEAK_PULLUP ;        ;              ;                     ; Column I/O   ;                 ; no       ; On           ;
; L13      ;            ; --       ; VCC                             ; power  ;              ; 1.1V                ; --           ;                 ; --       ; --           ;
; L14      ;            ;          ; GND                             ; gnd    ;              ;                     ; --           ;                 ; --       ; --           ;
; L15      ;            ; --       ; VCC                             ; power  ;              ; 1.1V                ; --           ;                 ; --       ; --           ;
; L16      ;            ;          ; GND                             ; gnd    ;              ;                     ; --           ;                 ; --       ; --           ;
; L17      ;            ; --       ; VCC                             ; power  ;              ; 1.1V                ; --           ;                 ; --       ; --           ;
; L18      ;            ;          ; GND                             ; gnd    ;              ;                     ; --           ;                 ; --       ; --           ;
; L19      ;            ; --       ; VCC                             ; power  ;              ; 1.1V                ; --           ;                 ; --       ; --           ;
; L20      ;            ;          ; GND                             ; gnd    ;              ;                     ; --           ;                 ; --       ; --           ;
; L21      ;            ; 6A       ; VCCPD6A                         ; power  ;              ; 2.5V                ; --           ;                 ; --       ; --           ;
; L22      ; 340        ; 6A       ; DataAdr[5]                      ; output ; 2.5 V        ;                     ; Row I/O      ; N               ; no       ; Off          ;
; L23      ; 316        ; 6A       ; ReadData[12]                    ; output ; 2.5 V        ;                     ; Row I/O      ; N               ; no       ; Off          ;
; L24      ; 318        ; 6A       ; Ext_DataAdr[16]                 ; input  ; 2.5 V        ;                     ; Row I/O      ; N               ; no       ; Off          ;
; L25      ;            ;          ; GND                             ; gnd    ;              ;                     ; --           ;                 ; --       ; --           ;
; L26      ;            ; 6A       ; VREFB6AN0                       ; power  ;              ;                     ; --           ;                 ; --       ; --           ;
; M1       ; 19         ; B1L      ; GND                             ;        ;              ;                     ; --           ;                 ; --       ; --           ;
; M2       ; 18         ; B1L      ; GND                             ;        ;              ;                     ; --           ;                 ; --       ; --           ;
; M3       ;            ;          ; GND                             ; gnd    ;              ;                     ; --           ;                 ; --       ; --           ;
; M4       ;            ; --       ; VCCE_GXBL                       ; power  ;              ; 1.1V                ; --           ;                 ; --       ; --           ;
; M5       ;            ;          ; GND                             ; gnd    ;              ;                     ; --           ;                 ; --       ; --           ;
; M6       ; 12         ; B2L      ; GND                             ;        ;              ;                     ; Row I/O      ;                 ; --       ; --           ;
; M7       ; 533        ; 9A       ; ^MSEL0                          ;        ;              ;                     ; --           ;                 ; --       ; --           ;
; M8       ;            ;          ; GND                             ; gnd    ;              ;                     ; --           ;                 ; --       ; --           ;
; M9       ; 461        ; 8A       ; RESERVED_INPUT_WITH_WEAK_PULLUP ;        ;              ;                     ; Column I/O   ;                 ; no       ; On           ;
; M10      ; 455        ; 8A       ; PC[8]                           ; output ; 2.5 V        ;                     ; Column I/O   ; N               ; no       ; Off          ;
; M11      ; 445        ; 7A       ; Ext_WriteData[13]               ; input  ; 2.5 V        ;                     ; Column I/O   ; N               ; no       ; Off          ;
; M12      ; 431        ; 7A       ; WriteData[7]                    ; output ; 2.5 V        ;                     ; Column I/O   ; N               ; no       ; Off          ;
; M13      ;            ;          ; GND                             ; gnd    ;              ;                     ; --           ;                 ; --       ; --           ;
; M14      ;            ; --       ; VCC                             ; power  ;              ; 1.1V                ; --           ;                 ; --       ; --           ;
; M15      ;            ;          ; GND                             ; gnd    ;              ;                     ; --           ;                 ; --       ; --           ;
; M16      ;            ; --       ; VCC                             ; power  ;              ; 1.1V                ; --           ;                 ; --       ; --           ;
; M17      ;            ;          ; GND                             ; gnd    ;              ;                     ; --           ;                 ; --       ; --           ;
; M18      ;            ; --       ; VCC                             ; power  ;              ; 1.1V                ; --           ;                 ; --       ; --           ;
; M19      ;            ;          ; GND                             ; gnd    ;              ;                     ; --           ;                 ; --       ; --           ;
; M20      ;            ; --       ; VCC                             ; power  ;              ; 1.1V                ; --           ;                 ; --       ; --           ;
; M21      ; 294        ; 6A       ; Result[28]                      ; output ; 2.5 V        ;                     ; Row I/O      ; N               ; no       ; Off          ;
; M22      ; 302        ; 6A       ; PC[3]                           ; output ; 2.5 V        ;                     ; Row I/O      ; N               ; no       ; Off          ;
; M23      ;            ; 6A       ; VCCIO6A                         ; power  ;              ; 2.5V                ; --           ;                 ; --       ; --           ;
; M24      ; 298        ; 6A       ; Result[5]                       ; output ; 2.5 V        ;                     ; Row I/O      ; N               ; no       ; Off          ;
; M25      ; 304        ; 6A       ; PC[2]                           ; output ; 2.5 V        ;                     ; Row I/O      ; N               ; no       ; Off          ;
; M26      ; 306        ; 6A       ; ReadData[29]                    ; output ; 2.5 V        ;                     ; Row I/O      ; N               ; no       ; Off          ;
; N1       ;            ;          ; GND                             ; gnd    ;              ;                     ; --           ;                 ; --       ; --           ;
; N2       ;            ;          ; GND                             ; gnd    ;              ;                     ; --           ;                 ; --       ; --           ;
; N3       ;            ; --       ; VCCL_GXBL                       ; power  ;              ; 1.1V                ; --           ;                 ; --       ; --           ;
; N4       ;            ;          ; GND                             ; gnd    ;              ;                     ; --           ;                 ; --       ; --           ;
; N5       ;            ; --       ; VCCE_GXBL                       ; power  ;              ; 1.1V                ; --           ;                 ; --       ; --           ;
; N6       ;            ;          ; GND                             ; gnd    ;              ;                     ; --           ;                 ; --       ; --           ;
; N7       ; 15         ; B1L      ; GND                             ;        ;              ;                     ; Row I/O      ;                 ; --       ; --           ;
; N8       ; 50         ; 3A       ; ^DCLK                           ;        ;              ;                     ; Weak Pull Up ;                 ; --       ; On           ;
; N9       ; 453        ; 8A       ; Ext_WriteData[16]               ; input  ; 2.5 V        ;                     ; Column I/O   ; N               ; no       ; Off          ;
; N10      ; 122        ; 3B       ; RESERVED_INPUT_WITH_WEAK_PULLUP ;        ;              ;                     ; Column I/O   ;                 ; no       ; On           ;
; N11      ;            ;          ; GND                             ; gnd    ;              ;                     ; --           ;                 ; --       ; --           ;
; N12      ; 429        ; 7A       ; Ext_DataAdr[23]                 ; input  ; 2.5 V        ;                     ; Column I/O   ; N               ; no       ; Off          ;
; N13      ;            ; --       ; VCC                             ; power  ;              ; 1.1V                ; --           ;                 ; --       ; --           ;
; N14      ;            ;          ; GND                             ; gnd    ;              ;                     ; --           ;                 ; --       ; --           ;
; N15      ;            ; --       ; VCC                             ; power  ;              ; 1.1V                ; --           ;                 ; --       ; --           ;
; N16      ;            ;          ; GND                             ; gnd    ;              ;                     ; --           ;                 ; --       ; --           ;
; N17      ;            ; --       ; VCC                             ; power  ;              ; 1.1V                ; --           ;                 ; --       ; --           ;
; N18      ;            ;          ; GND                             ; gnd    ;              ;                     ; --           ;                 ; --       ; --           ;
; N19      ;            ; --       ; VCC                             ; power  ;              ; 1.1V                ; --           ;                 ; --       ; --           ;
; N20      ; 292        ; 6A       ; Result[15]                      ; output ; 2.5 V        ;                     ; Row I/O      ; N               ; no       ; Off          ;
; N21      ;            ;          ; GND                             ; gnd    ;              ;                     ; --           ;                 ; --       ; --           ;
; N22      ;            ; 5B       ; VCCPD5B                         ; power  ;              ; 2.5V                ; --           ;                 ; --       ; --           ;
; N23      ; 300        ; 6A       ; Result[12]                      ; output ; 2.5 V        ;                     ; Row I/O      ; N               ; no       ; Off          ;
; N24      ; 296        ; 6A       ; Result[26]                      ; output ; 2.5 V        ;                     ; Row I/O      ; N               ; no       ; Off          ;
; N25      ; 288        ; 5B       ; Result[14]                      ; output ; 2.5 V        ;                     ; Row I/O      ; N               ; no       ; Off          ;
; N26      ;            ; 5B       ; VCCIO5B                         ; power  ;              ; 2.5V                ; --           ;                 ; --       ; --           ;
; P1       ; 20         ; B1L      ; GXB_NC                          ;        ;              ;                     ; --           ;                 ; --       ; --           ;
; P2       ; 21         ; B1L      ; GXB_NC                          ;        ;              ;                     ; --           ;                 ; --       ; --           ;
; P3       ;            ;          ; GND                             ; gnd    ;              ;                     ; --           ;                 ; --       ; --           ;
; P4       ;            ; --       ; VCCE_GXBL                       ; power  ;              ; 1.1V                ; --           ;                 ; --       ; --           ;
; P5       ;            ;          ; GND                             ; gnd    ;              ;                     ; --           ;                 ; --       ; --           ;
; P6       ; 14         ; B1L      ; GND                             ;        ;              ;                     ; Row I/O      ;                 ; --       ; --           ;
; P7       ;            ;          ; GND                             ; gnd    ;              ;                     ; --           ;                 ; --       ; --           ;
; P8       ; 66         ; 3A       ; RESERVED_INPUT_WITH_WEAK_PULLUP ;        ;              ;                     ; Column I/O   ;                 ; no       ; On           ;
; P9       ;            ;          ; GND                             ; gnd    ;              ;                     ; --           ;                 ; --       ; --           ;
; P10      ; 120        ; 3B       ; RESERVED_INPUT_WITH_WEAK_PULLUP ;        ;              ;                     ; Column I/O   ;                 ; no       ; On           ;
; P11      ; 130        ; 3B       ; clk                             ; input  ; 2.5 V        ;                     ; Column I/O   ; N               ; no       ; Off          ;
; P12      ; 128        ; 3B       ; RESERVED_INPUT_WITH_WEAK_PULLUP ;        ;              ;                     ; Column I/O   ;                 ; no       ; On           ;
; P13      ;            ;          ; GND                             ; gnd    ;              ;                     ; --           ;                 ; --       ; --           ;
; P14      ;            ; --       ; VCC                             ; power  ;              ; 1.1V                ; --           ;                 ; --       ; --           ;
; P15      ;            ;          ; GND                             ; gnd    ;              ;                     ; --           ;                 ; --       ; --           ;
; P16      ;            ; --       ; VCC                             ; power  ;              ; 1.1V                ; --           ;                 ; --       ; --           ;
; P17      ;            ;          ; GND                             ; gnd    ;              ;                     ; --           ;                 ; --       ; --           ;
; P18      ;            ; --       ; VCC                             ; power  ;              ; 1.1V                ; --           ;                 ; --       ; --           ;
; P19      ;            ;          ; GND                             ; gnd    ;              ;                     ; --           ;                 ; --       ; --           ;
; P20      ; 278        ; 5B       ; PC[20]                          ; output ; 2.5 V        ;                     ; Row I/O      ; N               ; no       ; Off          ;
; P21      ; 284        ; 5B       ; Result[6]                       ; output ; 2.5 V        ;                     ; Row I/O      ; N               ; no       ; Off          ;
; P22      ; 286        ; 5B       ; Result[24]                      ; output ; 2.5 V        ;                     ; Row I/O      ; N               ; no       ; Off          ;
; P23      ; 270        ; 5B       ; PC[0]                           ; output ; 2.5 V        ;                     ; Row I/O      ; N               ; no       ; Off          ;
; P24      ;            ;          ; GND                             ; gnd    ;              ;                     ; --           ;                 ; --       ; --           ;
; P25      ;            ; 5B       ; VREFB5BN0                       ; power  ;              ;                     ; --           ;                 ; --       ; --           ;
; P26      ; 290        ; 5B       ; Result[13]                      ; output ; 2.5 V        ;                     ; Row I/O      ; N               ; no       ; Off          ;
; R1       ;            ;          ; GND                             ; gnd    ;              ;                     ; --           ;                 ; --       ; --           ;
; R2       ;            ;          ; GND                             ; gnd    ;              ;                     ; --           ;                 ; --       ; --           ;
; R3       ;            ; --       ; VCCH_GXBL                       ; power  ;              ; 2.5V                ; --           ;                 ; --       ; --           ;
; R4       ;            ;          ; GND                             ; gnd    ;              ;                     ; --           ;                 ; --       ; --           ;
; R5       ;            ; --       ; VCCE_GXBL                       ; power  ;              ; 1.1V                ; --           ;                 ; --       ; --           ;
; R6       ; 44         ; 3A       ; #TMS                            ; input  ;              ;                     ; --           ;                 ; --       ; --           ;
; R7       ;            ;          ; GND                             ; gnd    ;              ;                     ; --           ;                 ; --       ; --           ;
; R8       ; 64         ; 3A       ; RESERVED_INPUT_WITH_WEAK_PULLUP ;        ;              ;                     ; Column I/O   ;                 ; no       ; On           ;
; R9       ; 62         ; 3A       ; Ext_DataAdr[0]                  ; input  ; 2.5 V        ;                     ; Column I/O   ; N               ; no       ; Off          ;
; R10      ; 60         ; 3A       ; RESERVED_INPUT_WITH_WEAK_PULLUP ;        ;              ;                     ; Column I/O   ;                 ; no       ; On           ;
; R11      ; 106        ; 3B       ; RESERVED_INPUT_WITH_WEAK_PULLUP ;        ;              ;                     ; Column I/O   ;                 ; no       ; On           ;
; R12      ;            ;          ; GND                             ; gnd    ;              ;                     ; --           ;                 ; --       ; --           ;
; R13      ;            ; --       ; VCC                             ; power  ;              ; 1.1V                ; --           ;                 ; --       ; --           ;
; R14      ;            ;          ; GND                             ; gnd    ;              ;                     ; --           ;                 ; --       ; --           ;
; R15      ;            ; --       ; VCC                             ; power  ;              ; 1.1V                ; --           ;                 ; --       ; --           ;
; R16      ;            ;          ; GND                             ; gnd    ;              ;                     ; --           ;                 ; --       ; --           ;
; R17      ;            ; --       ; VCC                             ; power  ;              ; 1.1V                ; --           ;                 ; --       ; --           ;
; R18      ;            ;          ; GND                             ; gnd    ;              ;                     ; --           ;                 ; --       ; --           ;
; R19      ;            ; --       ; VCC                             ; power  ;              ; 1.1V                ; --           ;                 ; --       ; --           ;
; R20      ; 276        ; 5B       ; Ext_DataAdr[24]                 ; input  ; 2.5 V        ;                     ; Row I/O      ; N               ; no       ; Off          ;
; R21      ;            ; 5B       ; VCCPD5B                         ; power  ;              ; 2.5V                ; --           ;                 ; --       ; --           ;
; R22      ;            ; 5B       ; VCCIO5B                         ; power  ;              ; 2.5V                ; --           ;                 ; --       ; --           ;
; R23      ; 268        ; 5B       ; PC[19]                          ; output ; 2.5 V        ;                     ; Row I/O      ; N               ; no       ; Off          ;
; R24      ; 272        ; 5B       ; PC[24]                          ; output ; 2.5 V        ;                     ; Row I/O      ; N               ; no       ; Off          ;
; R25      ; 274        ; 5B       ; DataAdr[9]                      ; output ; 2.5 V        ;                     ; Row I/O      ; N               ; no       ; Off          ;
; R26      ; 282        ; 5B       ; Result[9]                       ; output ; 2.5 V        ;                     ; Row I/O      ; N               ; no       ; Off          ;
; T1       ; 23         ; B1L      ; GND                             ;        ;              ;                     ; --           ;                 ; --       ; --           ;
; T2       ; 22         ; B1L      ; GND                             ;        ;              ;                     ; --           ;                 ; --       ; --           ;
; T3       ;            ;          ; GND                             ; gnd    ;              ;                     ; --           ;                 ; --       ; --           ;
; T4       ;            ; --       ; VCCH_GXBL                       ; power  ;              ; 2.5V                ; --           ;                 ; --       ; --           ;
; T5       ;            ;          ; GND                             ; gnd    ;              ;                     ; --           ;                 ; --       ; --           ;
; T6       ; 48         ; 3A       ; #TDI                            ; input  ;              ;                     ; --           ;                 ; --       ; --           ;
; T7       ; 52         ; 3A       ; RESERVED_INPUT_WITH_WEAK_PULLUP ;        ;              ;                     ; Column I/O   ;                 ; no       ; On           ;
; T8       ; 54         ; 3A       ; RESERVED_INPUT_WITH_WEAK_PULLUP ;        ;              ;                     ; Column I/O   ;                 ; no       ; On           ;
; T9       ; 102        ; 3B       ; RESERVED_INPUT_WITH_WEAK_PULLUP ;        ;              ;                     ; Column I/O   ;                 ; no       ; On           ;
; T10      ;            ;          ; GND                             ; gnd    ;              ;                     ; --           ;                 ; --       ; --           ;
; T11      ; 104        ; 3B       ; RESERVED_INPUT_WITH_WEAK_PULLUP ;        ;              ;                     ; Column I/O   ;                 ; no       ; On           ;
; T12      ; 112        ; 3B       ; RESERVED_INPUT_WITH_WEAK_PULLUP ;        ;              ;                     ; Column I/O   ;                 ; no       ; On           ;
; T13      ; 114        ; 3B       ; RESERVED_INPUT_WITH_WEAK_PULLUP ;        ;              ;                     ; Column I/O   ;                 ; no       ; On           ;
; T14      ;            ; --       ; VCC                             ; power  ;              ; 1.1V                ; --           ;                 ; --       ; --           ;
; T15      ;            ;          ; GND                             ; gnd    ;              ;                     ; --           ;                 ; --       ; --           ;
; T16      ;            ; --       ; VCC                             ; power  ;              ; 1.1V                ; --           ;                 ; --       ; --           ;
; T17      ; 178        ; 4A       ; DataAdr[24]                     ; output ; 2.5 V        ;                     ; Column I/O   ; N               ; no       ; Off          ;
; T18      ;            ; --       ; VCC                             ; power  ;              ; 1.1V                ; --           ;                 ; --       ; --           ;
; T19      ; 225        ; 5A       ; Ext_DataAdr[9]                  ; input  ; 2.5 V        ;                     ; Row I/O      ; N               ; no       ; Off          ;
; T20      ;            ;          ; GND                             ; gnd    ;              ;                     ; --           ;                 ; --       ; --           ;
; T21      ; 260        ; 5B       ; reset                           ; input  ; 2.5 V        ;                     ; Row I/O      ; N               ; no       ; Off          ;
; T22      ; 262        ; 5B       ; PC[22]                          ; output ; 2.5 V        ;                     ; Row I/O      ; N               ; no       ; Off          ;
; T23      ; 264        ; 5B       ; PC[29]                          ; output ; 2.5 V        ;                     ; Row I/O      ; N               ; no       ; Off          ;
; T24      ; 266        ; 5B       ; DataAdr[12]                     ; output ; 2.5 V        ;                     ; Row I/O      ; N               ; no       ; Off          ;
; T25      ;            ; 5B       ; VCCIO5B                         ; power  ;              ; 2.5V                ; --           ;                 ; --       ; --           ;
; T26      ; 280        ; 5B       ; PC[10]                          ; output ; 2.5 V        ;                     ; Row I/O      ; N               ; no       ; Off          ;
; U1       ;            ;          ; GND                             ; gnd    ;              ;                     ; --           ;                 ; --       ; --           ;
; U2       ;            ;          ; GND                             ; gnd    ;              ;                     ; --           ;                 ; --       ; --           ;
; U3       ;            ; --       ; VCCL_GXBL                       ; power  ;              ; 1.1V                ; --           ;                 ; --       ; --           ;
; U4       ;            ;          ; GND                             ; gnd    ;              ;                     ; --           ;                 ; --       ; --           ;
; U5       ;            ; --       ; VCCE_GXBL                       ; power  ;              ; 1.1V                ; --           ;                 ; --       ; --           ;
; U6       ; 45         ; 3A       ; ^AS_DATA3, DATA3                ;        ;              ;                     ; Weak Pull Up ;                 ; --       ; On           ;
; U7       ; 53         ; 3A       ; RESERVED_INPUT_WITH_WEAK_PULLUP ;        ;              ;                     ; Column I/O   ;                 ; no       ; On           ;
; U8       ;            ; 3B       ; VCCIO3B                         ; power  ;              ; 2.5V                ; --           ;                 ; --       ; --           ;
; U9       ; 100        ; 3B       ; RESERVED_INPUT_WITH_WEAK_PULLUP ;        ;              ;                     ; Column I/O   ;                 ; no       ; On           ;
; U10      ; 127        ; 3B       ; PC[17]                          ; output ; 2.5 V        ;                     ; Column I/O   ; N               ; no       ; Off          ;
; U11      ; 125        ; 3B       ; RESERVED_INPUT_WITH_WEAK_PULLUP ;        ;              ;                     ; Column I/O   ;                 ; no       ; On           ;
; U12      ; 146        ; 4A       ; RESERVED_INPUT_WITH_WEAK_PULLUP ;        ;              ;                     ; Column I/O   ;                 ; no       ; On           ;
; U13      ;            ;          ; GND                             ; gnd    ;              ;                     ; --           ;                 ; --       ; --           ;
; U14      ; 154        ; 4A       ; DataAdr[28]                     ; output ; 2.5 V        ;                     ; Column I/O   ; N               ; no       ; Off          ;
; U15      ; 194        ; 4A       ; RESERVED_INPUT_WITH_WEAK_PULLUP ;        ;              ;                     ; Column I/O   ;                 ; no       ; On           ;
; U16      ; 192        ; 4A       ; RESERVED_INPUT_WITH_WEAK_PULLUP ;        ;              ;                     ; Column I/O   ;                 ; no       ; On           ;
; U17      ; 176        ; 4A       ; RESERVED_INPUT_WITH_WEAK_PULLUP ;        ;              ;                     ; Column I/O   ;                 ; no       ; On           ;
; U18      ;            ; 4A       ; VCCIO4A                         ; power  ;              ; 2.5V                ; --           ;                 ; --       ; --           ;
; U19      ; 213        ; 5A       ; RESERVED_INPUT_WITH_WEAK_PULLUP ;        ;              ;                     ; Row I/O      ;                 ; no       ; On           ;
; U20      ; 227        ; 5A       ; WriteData[8]                    ; output ; 2.5 V        ;                     ; Row I/O      ; N               ; no       ; Off          ;
; U21      ;            ; 5A       ; VCCPD5A                         ; power  ;              ; 2.5V                ; --           ;                 ; --       ; --           ;
; U22      ; 223        ; 5A       ; DataAdr[31]                     ; output ; 2.5 V        ;                     ; Row I/O      ; N               ; no       ; Off          ;
; U23      ;            ;          ; GND                             ; gnd    ;              ;                     ; --           ;                 ; --       ; --           ;
; U24      ; 273        ; 5B       ; PC[27]                          ; output ; 2.5 V        ;                     ; Row I/O      ; N               ; no       ; Off          ;
; U25      ; 289        ; 5B       ; Result[21]                      ; output ; 2.5 V        ;                     ; Row I/O      ; N               ; no       ; Off          ;
; U26      ; 291        ; 5B       ; Result[22]                      ; output ; 2.5 V        ;                     ; Row I/O      ; N               ; no       ; Off          ;
; V1       ; 27         ; B1L      ; GND                             ;        ;              ;                     ; --           ;                 ; --       ; --           ;
; V2       ; 26         ; B1L      ; GND                             ;        ;              ;                     ; --           ;                 ; --       ; --           ;
; V3       ;            ;          ; GND                             ; gnd    ;              ;                     ; --           ;                 ; --       ; --           ;
; V4       ;            ;          ; GND                             ; gnd    ;              ;                     ; --           ;                 ; --       ; --           ;
; V5       ;            ;          ; GND                             ; gnd    ;              ;                     ; --           ;                 ; --       ; --           ;
; V6       ; 40         ; B0L      ; GND                             ;        ;              ;                     ; Row I/O      ;                 ; --       ; --           ;
; V7       ; 42         ; 3A       ; #TDO                            ; output ;              ;                     ; --           ;                 ; --       ; --           ;
; V8       ; 55         ; 3A       ; RESERVED_INPUT_WITH_WEAK_PULLUP ;        ;              ;                     ; Column I/O   ;                 ; no       ; On           ;
; V9       ; 116        ; 3B       ; RESERVED_INPUT_WITH_WEAK_PULLUP ;        ;              ;                     ; Column I/O   ;                 ; no       ; On           ;
; V10      ; 118        ; 3B       ; RESERVED_INPUT_WITH_WEAK_PULLUP ;        ;              ;                     ; Column I/O   ;                 ; no       ; On           ;
; V11      ;            ; 3B       ; VCCIO3B                         ; power  ;              ; 2.5V                ; --           ;                 ; --       ; --           ;
; V12      ; 144        ; 4A       ; Ext_WriteData[30]               ; input  ; 2.5 V        ;                     ; Column I/O   ; N               ; no       ; Off          ;
; V13      ; 138        ; 4A       ; PC[12]                          ; output ; 2.5 V        ;                     ; Column I/O   ; N               ; no       ; Off          ;
; V14      ; 152        ; 4A       ; Ext_DataAdr[31]                 ; input  ; 2.5 V        ;                     ; Column I/O   ; N               ; no       ; Off          ;
; V15      ; 170        ; 4A       ; Result[16]                      ; output ; 2.5 V        ;                     ; Column I/O   ; N               ; no       ; Off          ;
; V16      ;            ;          ; GND                             ; gnd    ;              ;                     ; --           ;                 ; --       ; --           ;
; V17      ; 200        ; 4A       ; RESERVED_INPUT_WITH_WEAK_PULLUP ;        ;              ;                     ; Column I/O   ;                 ; no       ; On           ;
; V18      ; 202        ; 4A       ; RESERVED_INPUT_WITH_WEAK_PULLUP ;        ;              ;                     ; Column I/O   ;                 ; no       ; On           ;
; V19      ; 210        ; 4A       ; RESERVED_INPUT_WITH_WEAK_PULLUP ;        ;              ;                     ; Column I/O   ;                 ; no       ; On           ;
; V20      ; 215        ; 5A       ; Ext_WriteData[28]               ; input  ; 2.5 V        ;                     ; Row I/O      ; N               ; no       ; Off          ;
; V21      ;            ; 5A       ; VCCIO5A                         ; power  ;              ; 2.5V                ; --           ;                 ; --       ; --           ;
; V22      ; 221        ; 5A       ; RESERVED_INPUT_WITH_WEAK_PULLUP ;        ;              ;                     ; Row I/O      ;                 ; no       ; On           ;
; V23      ; 261        ; 5B       ; ReadData[4]                     ; output ; 2.5 V        ;                     ; Row I/O      ; N               ; no       ; Off          ;
; V24      ; 263        ; 5B       ; PC[11]                          ; output ; 2.5 V        ;                     ; Row I/O      ; N               ; no       ; Off          ;
; V25      ; 275        ; 5B       ; Ext_DataAdr[22]                 ; input  ; 2.5 V        ;                     ; Row I/O      ; N               ; no       ; Off          ;
; V26      ;            ;          ; GND                             ; gnd    ;              ;                     ; --           ;                 ; --       ; --           ;
; W1       ;            ;          ; GND                             ; gnd    ;              ;                     ; --           ;                 ; --       ; --           ;
; W2       ;            ;          ; GND                             ; gnd    ;              ;                     ; --           ;                 ; --       ; --           ;
; W3       ; 24         ; B1L      ; GXB_NC                          ;        ;              ;                     ; --           ;                 ; --       ; --           ;
; W4       ; 25         ; B1L      ; GXB_NC                          ;        ;              ;                     ; --           ;                 ; --       ; --           ;
; W5       ;            ;          ; GND                             ; gnd    ;              ;                     ; --           ;                 ; --       ; --           ;
; W6       ; 41         ; B0L      ; GND                             ;        ;              ;                     ; Row I/O      ;                 ; --       ; --           ;
; W7       ;            ; --       ; VCCA_FPLL                       ; power  ;              ; 2.5V                ; --           ;                 ; --       ; --           ;
; W8       ; 56         ; 3A       ; RESERVED_INPUT_WITH_WEAK_PULLUP ;        ;              ;                     ; Column I/O   ;                 ; no       ; On           ;
; W9       ;            ;          ; GND                             ; gnd    ;              ;                     ; --           ;                 ; --       ; --           ;
; W10      ; 115        ; 3B       ; RESERVED_INPUT_WITH_WEAK_PULLUP ;        ;              ;                     ; Column I/O   ;                 ; no       ; On           ;
; W11      ; 103        ; 3B       ; RESERVED_INPUT_WITH_WEAK_PULLUP ;        ;              ;                     ; Column I/O   ;                 ; no       ; On           ;
; W12      ; 143        ; 4A       ; RESERVED_INPUT_WITH_WEAK_PULLUP ;        ;              ;                     ; Column I/O   ;                 ; no       ; On           ;
; W13      ; 136        ; 4A       ; DataAdr[29]                     ; output ; 2.5 V        ;                     ; Column I/O   ; N               ; no       ; Off          ;
; W14      ;            ; 4A       ; VCCIO4A                         ; power  ;              ; 2.5V                ; --           ;                 ; --       ; --           ;
; W15      ; 168        ; 4A       ; RESERVED_INPUT_WITH_WEAK_PULLUP ;        ;              ;                     ; Column I/O   ;                 ; no       ; On           ;
; W16      ; 186        ; 4A       ; RESERVED_INPUT_WITH_WEAK_PULLUP ;        ;              ;                     ; Column I/O   ;                 ; no       ; On           ;
; W17      ; 184        ; 4A       ; RESERVED_INPUT_WITH_WEAK_PULLUP ;        ;              ;                     ; Column I/O   ;                 ; no       ; On           ;
; W18      ; 208        ; 4A       ; RESERVED_INPUT_WITH_WEAK_PULLUP ;        ;              ;                     ; Column I/O   ;                 ; no       ; On           ;
; W19      ;            ;          ; GND                             ; gnd    ;              ;                     ; --           ;                 ; --       ; --           ;
; W20      ; 217        ; 5A       ; RESERVED_INPUT_WITH_WEAK_PULLUP ;        ;              ;                     ; Row I/O      ;                 ; no       ; On           ;
; W21      ; 219        ; 5A       ; RESERVED_INPUT_WITH_WEAK_PULLUP ;        ;              ;                     ; Row I/O      ;                 ; no       ; On           ;
; W22      ;            ; --       ; VCCPGM                          ; power  ;              ; 1.8V/2.5V/3.0V/3.3V ; --           ;                 ; --       ; --           ;
; W23      ;            ; 5A       ; VREFB5AN0                       ; power  ;              ;                     ; --           ;                 ; --       ; --           ;
; W24      ;            ; 5B       ; VCCIO5B                         ; power  ;              ; 2.5V                ; --           ;                 ; --       ; --           ;
; W25      ; 285        ; 5B       ; Result[27]                      ; output ; 2.5 V        ;                     ; Row I/O      ; N               ; no       ; Off          ;
; W26      ; 287        ; 5B       ; Result[20]                      ; output ; 2.5 V        ;                     ; Row I/O      ; N               ; no       ; Off          ;
; Y1       ; 31         ; B0L      ; GND                             ;        ;              ;                     ; --           ;                 ; --       ; --           ;
; Y2       ; 30         ; B0L      ; GND                             ;        ;              ;                     ; --           ;                 ; --       ; --           ;
; Y3       ;            ;          ; GND                             ; gnd    ;              ;                     ; --           ;                 ; --       ; --           ;
; Y4       ;            ;          ; GND                             ; gnd    ;              ;                     ; --           ;                 ; --       ; --           ;
; Y5       ; 46         ; 3A       ; #TCK                            ; input  ;              ;                     ; --           ;                 ; --       ; --           ;
; Y6       ; 43         ; 3A       ; ^nCSO, DATA4                    ;        ;              ;                     ; Weak Pull Up ;                 ; --       ; On           ;
; Y7       ;            ; 3A       ; VCCIO3A                         ; power  ;              ; 2.5V                ; --           ;                 ; --       ; --           ;
; Y8       ; 63         ; 3A       ; RESERVED_INPUT_WITH_WEAK_PULLUP ;        ;              ;                     ; Column I/O   ;                 ; no       ; On           ;
; Y9       ; 58         ; 3A       ; RESERVED_INPUT_WITH_WEAK_PULLUP ;        ;              ;                     ; Column I/O   ;                 ; no       ; On           ;
; Y10      ; 113        ; 3B       ; RESERVED_INPUT_WITH_WEAK_PULLUP ;        ;              ;                     ; Column I/O   ;                 ; no       ; On           ;
; Y11      ; 101        ; 3B       ; RESERVED_INPUT_WITH_WEAK_PULLUP ;        ;              ;                     ; Column I/O   ;                 ; no       ; On           ;
; Y12      ;            ;          ; GND                             ; gnd    ;              ;                     ; --           ;                 ; --       ; --           ;
; Y13      ; 141        ; 4A       ; DataAdr[13]                     ; output ; 2.5 V        ;                     ; Column I/O   ; N               ; no       ; Off          ;
; Y14      ; 135        ; 4A       ; PC[31]                          ; output ; 2.5 V        ;                     ; Column I/O   ; N               ; no       ; Off          ;
; Y15      ; 162        ; 4A       ; Ext_DataAdr[15]                 ; input  ; 2.5 V        ;                     ; Column I/O   ; N               ; no       ; Off          ;
; Y16      ; 160        ; 4A       ; RESERVED_INPUT_WITH_WEAK_PULLUP ;        ;              ;                     ; Column I/O   ;                 ; no       ; On           ;
; Y17      ;            ; 4A       ; VCCIO4A                         ; power  ;              ; 2.5V                ; --           ;                 ; --       ; --           ;
; Y18      ; 199        ; 4A       ; RESERVED_INPUT_WITH_WEAK_PULLUP ;        ;              ;                     ; Column I/O   ;                 ; no       ; On           ;
; Y19      ; 205        ; 4A       ; RESERVED_INPUT_WITH_WEAK_PULLUP ;        ;              ;                     ; Column I/O   ;                 ; no       ; On           ;
; Y20      ; 207        ; 4A       ; RESERVED_INPUT_WITH_WEAK_PULLUP ;        ;              ;                     ; Column I/O   ;                 ; no       ; On           ;
; Y21      ;            ; --       ; VCCA_FPLL                       ; power  ;              ; 2.5V                ; --           ;                 ; --       ; --           ;
; Y22      ;            ;          ; GND                             ; gnd    ;              ;                     ; --           ;                 ; --       ; --           ;
; Y23      ; 224        ; 5A       ; PC[15]                          ; output ; 2.5 V        ;                     ; Row I/O      ; N               ; no       ; Off          ;
; Y24      ; 226        ; 5A       ; ReadData[7]                     ; output ; 2.5 V        ;                     ; Row I/O      ; N               ; no       ; Off          ;
; Y25      ; 281        ; 5B       ; PC[14]                          ; output ; 2.5 V        ;                     ; Row I/O      ; N               ; no       ; Off          ;
; Y26      ; 283        ; 5B       ; Result[29]                      ; output ; 2.5 V        ;                     ; Row I/O      ; N               ; no       ; Off          ;
+----------+------------+----------+---------------------------------+--------+--------------+---------------------+--------------+-----------------+----------+--------------+
Note: Pin directions (input, output or bidir) are based on device operating in user mode.


+---------------------------------------------------+
; I/O Assignment Warnings                           ;
+-------------------+-------------------------------+
; Pin Name          ; Reason                        ;
+-------------------+-------------------------------+
; MemWrite          ; Incomplete set of assignments ;
; WriteData[0]      ; Incomplete set of assignments ;
; WriteData[1]      ; Incomplete set of assignments ;
; WriteData[2]      ; Incomplete set of assignments ;
; WriteData[3]      ; Incomplete set of assignments ;
; WriteData[4]      ; Incomplete set of assignments ;
; WriteData[5]      ; Incomplete set of assignments ;
; WriteData[6]      ; Incomplete set of assignments ;
; WriteData[7]      ; Incomplete set of assignments ;
; WriteData[8]      ; Incomplete set of assignments ;
; WriteData[9]      ; Incomplete set of assignments ;
; WriteData[10]     ; Incomplete set of assignments ;
; WriteData[11]     ; Incomplete set of assignments ;
; WriteData[12]     ; Incomplete set of assignments ;
; WriteData[13]     ; Incomplete set of assignments ;
; WriteData[14]     ; Incomplete set of assignments ;
; WriteData[15]     ; Incomplete set of assignments ;
; WriteData[16]     ; Incomplete set of assignments ;
; WriteData[17]     ; Incomplete set of assignments ;
; WriteData[18]     ; Incomplete set of assignments ;
; WriteData[19]     ; Incomplete set of assignments ;
; WriteData[20]     ; Incomplete set of assignments ;
; WriteData[21]     ; Incomplete set of assignments ;
; WriteData[22]     ; Incomplete set of assignments ;
; WriteData[23]     ; Incomplete set of assignments ;
; WriteData[24]     ; Incomplete set of assignments ;
; WriteData[25]     ; Incomplete set of assignments ;
; WriteData[26]     ; Incomplete set of assignments ;
; WriteData[27]     ; Incomplete set of assignments ;
; WriteData[28]     ; Incomplete set of assignments ;
; WriteData[29]     ; Incomplete set of assignments ;
; WriteData[30]     ; Incomplete set of assignments ;
; WriteData[31]     ; Incomplete set of assignments ;
; DataAdr[0]        ; Incomplete set of assignments ;
; DataAdr[1]        ; Incomplete set of assignments ;
; DataAdr[2]        ; Incomplete set of assignments ;
; DataAdr[3]        ; Incomplete set of assignments ;
; DataAdr[4]        ; Incomplete set of assignments ;
; DataAdr[5]        ; Incomplete set of assignments ;
; DataAdr[6]        ; Incomplete set of assignments ;
; DataAdr[7]        ; Incomplete set of assignments ;
; DataAdr[8]        ; Incomplete set of assignments ;
; DataAdr[9]        ; Incomplete set of assignments ;
; DataAdr[10]       ; Incomplete set of assignments ;
; DataAdr[11]       ; Incomplete set of assignments ;
; DataAdr[12]       ; Incomplete set of assignments ;
; DataAdr[13]       ; Incomplete set of assignments ;
; DataAdr[14]       ; Incomplete set of assignments ;
; DataAdr[15]       ; Incomplete set of assignments ;
; DataAdr[16]       ; Incomplete set of assignments ;
; DataAdr[17]       ; Incomplete set of assignments ;
; DataAdr[18]       ; Incomplete set of assignments ;
; DataAdr[19]       ; Incomplete set of assignments ;
; DataAdr[20]       ; Incomplete set of assignments ;
; DataAdr[21]       ; Incomplete set of assignments ;
; DataAdr[22]       ; Incomplete set of assignments ;
; DataAdr[23]       ; Incomplete set of assignments ;
; DataAdr[24]       ; Incomplete set of assignments ;
; DataAdr[25]       ; Incomplete set of assignments ;
; DataAdr[26]       ; Incomplete set of assignments ;
; DataAdr[27]       ; Incomplete set of assignments ;
; DataAdr[28]       ; Incomplete set of assignments ;
; DataAdr[29]       ; Incomplete set of assignments ;
; DataAdr[30]       ; Incomplete set of assignments ;
; DataAdr[31]       ; Incomplete set of assignments ;
; ReadData[0]       ; Incomplete set of assignments ;
; ReadData[1]       ; Incomplete set of assignments ;
; ReadData[2]       ; Incomplete set of assignments ;
; ReadData[3]       ; Incomplete set of assignments ;
; ReadData[4]       ; Incomplete set of assignments ;
; ReadData[5]       ; Incomplete set of assignments ;
; ReadData[6]       ; Incomplete set of assignments ;
; ReadData[7]       ; Incomplete set of assignments ;
; ReadData[8]       ; Incomplete set of assignments ;
; ReadData[9]       ; Incomplete set of assignments ;
; ReadData[10]      ; Incomplete set of assignments ;
; ReadData[11]      ; Incomplete set of assignments ;
; ReadData[12]      ; Incomplete set of assignments ;
; ReadData[13]      ; Incomplete set of assignments ;
; ReadData[14]      ; Incomplete set of assignments ;
; ReadData[15]      ; Incomplete set of assignments ;
; ReadData[16]      ; Incomplete set of assignments ;
; ReadData[17]      ; Incomplete set of assignments ;
; ReadData[18]      ; Incomplete set of assignments ;
; ReadData[19]      ; Incomplete set of assignments ;
; ReadData[20]      ; Incomplete set of assignments ;
; ReadData[21]      ; Incomplete set of assignments ;
; ReadData[22]      ; Incomplete set of assignments ;
; ReadData[23]      ; Incomplete set of assignments ;
; ReadData[24]      ; Incomplete set of assignments ;
; ReadData[25]      ; Incomplete set of assignments ;
; ReadData[26]      ; Incomplete set of assignments ;
; ReadData[27]      ; Incomplete set of assignments ;
; ReadData[28]      ; Incomplete set of assignments ;
; ReadData[29]      ; Incomplete set of assignments ;
; ReadData[30]      ; Incomplete set of assignments ;
; ReadData[31]      ; Incomplete set of assignments ;
; PC[0]             ; Incomplete set of assignments ;
; PC[1]             ; Incomplete set of assignments ;
; PC[2]             ; Incomplete set of assignments ;
; PC[3]             ; Incomplete set of assignments ;
; PC[4]             ; Incomplete set of assignments ;
; PC[5]             ; Incomplete set of assignments ;
; PC[6]             ; Incomplete set of assignments ;
; PC[7]             ; Incomplete set of assignments ;
; PC[8]             ; Incomplete set of assignments ;
; PC[9]             ; Incomplete set of assignments ;
; PC[10]            ; Incomplete set of assignments ;
; PC[11]            ; Incomplete set of assignments ;
; PC[12]            ; Incomplete set of assignments ;
; PC[13]            ; Incomplete set of assignments ;
; PC[14]            ; Incomplete set of assignments ;
; PC[15]            ; Incomplete set of assignments ;
; PC[16]            ; Incomplete set of assignments ;
; PC[17]            ; Incomplete set of assignments ;
; PC[18]            ; Incomplete set of assignments ;
; PC[19]            ; Incomplete set of assignments ;
; PC[20]            ; Incomplete set of assignments ;
; PC[21]            ; Incomplete set of assignments ;
; PC[22]            ; Incomplete set of assignments ;
; PC[23]            ; Incomplete set of assignments ;
; PC[24]            ; Incomplete set of assignments ;
; PC[25]            ; Incomplete set of assignments ;
; PC[26]            ; Incomplete set of assignments ;
; PC[27]            ; Incomplete set of assignments ;
; PC[28]            ; Incomplete set of assignments ;
; PC[29]            ; Incomplete set of assignments ;
; PC[30]            ; Incomplete set of assignments ;
; PC[31]            ; Incomplete set of assignments ;
; Result[0]         ; Incomplete set of assignments ;
; Result[1]         ; Incomplete set of assignments ;
; Result[2]         ; Incomplete set of assignments ;
; Result[3]         ; Incomplete set of assignments ;
; Result[4]         ; Incomplete set of assignments ;
; Result[5]         ; Incomplete set of assignments ;
; Result[6]         ; Incomplete set of assignments ;
; Result[7]         ; Incomplete set of assignments ;
; Result[8]         ; Incomplete set of assignments ;
; Result[9]         ; Incomplete set of assignments ;
; Result[10]        ; Incomplete set of assignments ;
; Result[11]        ; Incomplete set of assignments ;
; Result[12]        ; Incomplete set of assignments ;
; Result[13]        ; Incomplete set of assignments ;
; Result[14]        ; Incomplete set of assignments ;
; Result[15]        ; Incomplete set of assignments ;
; Result[16]        ; Incomplete set of assignments ;
; Result[17]        ; Incomplete set of assignments ;
; Result[18]        ; Incomplete set of assignments ;
; Result[19]        ; Incomplete set of assignments ;
; Result[20]        ; Incomplete set of assignments ;
; Result[21]        ; Incomplete set of assignments ;
; Result[22]        ; Incomplete set of assignments ;
; Result[23]        ; Incomplete set of assignments ;
; Result[24]        ; Incomplete set of assignments ;
; Result[25]        ; Incomplete set of assignments ;
; Result[26]        ; Incomplete set of assignments ;
; Result[27]        ; Incomplete set of assignments ;
; Result[28]        ; Incomplete set of assignments ;
; Result[29]        ; Incomplete set of assignments ;
; Result[30]        ; Incomplete set of assignments ;
; Result[31]        ; Incomplete set of assignments ;
; reset             ; Incomplete set of assignments ;
; Ext_MemWrite      ; Incomplete set of assignments ;
; Ext_WriteData[0]  ; Incomplete set of assignments ;
; Ext_WriteData[1]  ; Incomplete set of assignments ;
; Ext_WriteData[2]  ; Incomplete set of assignments ;
; Ext_WriteData[3]  ; Incomplete set of assignments ;
; Ext_WriteData[4]  ; Incomplete set of assignments ;
; Ext_WriteData[5]  ; Incomplete set of assignments ;
; Ext_WriteData[6]  ; Incomplete set of assignments ;
; Ext_WriteData[7]  ; Incomplete set of assignments ;
; Ext_WriteData[8]  ; Incomplete set of assignments ;
; Ext_WriteData[9]  ; Incomplete set of assignments ;
; Ext_WriteData[10] ; Incomplete set of assignments ;
; Ext_WriteData[11] ; Incomplete set of assignments ;
; Ext_WriteData[12] ; Incomplete set of assignments ;
; Ext_WriteData[13] ; Incomplete set of assignments ;
; Ext_WriteData[14] ; Incomplete set of assignments ;
; Ext_WriteData[15] ; Incomplete set of assignments ;
; Ext_WriteData[16] ; Incomplete set of assignments ;
; Ext_WriteData[17] ; Incomplete set of assignments ;
; Ext_WriteData[18] ; Incomplete set of assignments ;
; Ext_WriteData[19] ; Incomplete set of assignments ;
; Ext_WriteData[20] ; Incomplete set of assignments ;
; Ext_WriteData[21] ; Incomplete set of assignments ;
; Ext_WriteData[22] ; Incomplete set of assignments ;
; Ext_WriteData[23] ; Incomplete set of assignments ;
; Ext_WriteData[24] ; Incomplete set of assignments ;
; Ext_WriteData[25] ; Incomplete set of assignments ;
; Ext_WriteData[26] ; Incomplete set of assignments ;
; Ext_WriteData[27] ; Incomplete set of assignments ;
; Ext_WriteData[28] ; Incomplete set of assignments ;
; Ext_WriteData[29] ; Incomplete set of assignments ;
; Ext_WriteData[30] ; Incomplete set of assignments ;
; Ext_WriteData[31] ; Incomplete set of assignments ;
; Ext_DataAdr[0]    ; Incomplete set of assignments ;
; Ext_DataAdr[1]    ; Incomplete set of assignments ;
; Ext_DataAdr[2]    ; Incomplete set of assignments ;
; Ext_DataAdr[3]    ; Incomplete set of assignments ;
; Ext_DataAdr[4]    ; Incomplete set of assignments ;
; Ext_DataAdr[5]    ; Incomplete set of assignments ;
; Ext_DataAdr[6]    ; Incomplete set of assignments ;
; Ext_DataAdr[7]    ; Incomplete set of assignments ;
; Ext_DataAdr[8]    ; Incomplete set of assignments ;
; Ext_DataAdr[9]    ; Incomplete set of assignments ;
; Ext_DataAdr[10]   ; Incomplete set of assignments ;
; Ext_DataAdr[11]   ; Incomplete set of assignments ;
; Ext_DataAdr[12]   ; Incomplete set of assignments ;
; Ext_DataAdr[13]   ; Incomplete set of assignments ;
; Ext_DataAdr[14]   ; Incomplete set of assignments ;
; Ext_DataAdr[15]   ; Incomplete set of assignments ;
; Ext_DataAdr[16]   ; Incomplete set of assignments ;
; Ext_DataAdr[17]   ; Incomplete set of assignments ;
; Ext_DataAdr[18]   ; Incomplete set of assignments ;
; Ext_DataAdr[19]   ; Incomplete set of assignments ;
; Ext_DataAdr[20]   ; Incomplete set of assignments ;
; Ext_DataAdr[21]   ; Incomplete set of assignments ;
; Ext_DataAdr[22]   ; Incomplete set of assignments ;
; Ext_DataAdr[23]   ; Incomplete set of assignments ;
; Ext_DataAdr[24]   ; Incomplete set of assignments ;
; Ext_DataAdr[25]   ; Incomplete set of assignments ;
; Ext_DataAdr[26]   ; Incomplete set of assignments ;
; Ext_DataAdr[27]   ; Incomplete set of assignments ;
; Ext_DataAdr[28]   ; Incomplete set of assignments ;
; Ext_DataAdr[29]   ; Incomplete set of assignments ;
; Ext_DataAdr[30]   ; Incomplete set of assignments ;
; Ext_DataAdr[31]   ; Incomplete set of assignments ;
; clk               ; Incomplete set of assignments ;
; MemWrite          ; Missing location assignment   ;
; WriteData[0]      ; Missing location assignment   ;
; WriteData[1]      ; Missing location assignment   ;
; WriteData[2]      ; Missing location assignment   ;
; WriteData[3]      ; Missing location assignment   ;
; WriteData[4]      ; Missing location assignment   ;
; WriteData[5]      ; Missing location assignment   ;
; WriteData[6]      ; Missing location assignment   ;
; WriteData[7]      ; Missing location assignment   ;
; WriteData[8]      ; Missing location assignment   ;
; WriteData[9]      ; Missing location assignment   ;
; WriteData[10]     ; Missing location assignment   ;
; WriteData[11]     ; Missing location assignment   ;
; WriteData[12]     ; Missing location assignment   ;
; WriteData[13]     ; Missing location assignment   ;
; WriteData[14]     ; Missing location assignment   ;
; WriteData[15]     ; Missing location assignment   ;
; WriteData[16]     ; Missing location assignment   ;
; WriteData[17]     ; Missing location assignment   ;
; WriteData[18]     ; Missing location assignment   ;
; WriteData[19]     ; Missing location assignment   ;
; WriteData[20]     ; Missing location assignment   ;
; WriteData[21]     ; Missing location assignment   ;
; WriteData[22]     ; Missing location assignment   ;
; WriteData[23]     ; Missing location assignment   ;
; WriteData[24]     ; Missing location assignment   ;
; WriteData[25]     ; Missing location assignment   ;
; WriteData[26]     ; Missing location assignment   ;
; WriteData[27]     ; Missing location assignment   ;
; WriteData[28]     ; Missing location assignment   ;
; WriteData[29]     ; Missing location assignment   ;
; WriteData[30]     ; Missing location assignment   ;
; WriteData[31]     ; Missing location assignment   ;
; DataAdr[0]        ; Missing location assignment   ;
; DataAdr[1]        ; Missing location assignment   ;
; DataAdr[2]        ; Missing location assignment   ;
; DataAdr[3]        ; Missing location assignment   ;
; DataAdr[4]        ; Missing location assignment   ;
; DataAdr[5]        ; Missing location assignment   ;
; DataAdr[6]        ; Missing location assignment   ;
; DataAdr[7]        ; Missing location assignment   ;
; DataAdr[8]        ; Missing location assignment   ;
; DataAdr[9]        ; Missing location assignment   ;
; DataAdr[10]       ; Missing location assignment   ;
; DataAdr[11]       ; Missing location assignment   ;
; DataAdr[12]       ; Missing location assignment   ;
; DataAdr[13]       ; Missing location assignment   ;
; DataAdr[14]       ; Missing location assignment   ;
; DataAdr[15]       ; Missing location assignment   ;
; DataAdr[16]       ; Missing location assignment   ;
; DataAdr[17]       ; Missing location assignment   ;
; DataAdr[18]       ; Missing location assignment   ;
; DataAdr[19]       ; Missing location assignment   ;
; DataAdr[20]       ; Missing location assignment   ;
; DataAdr[21]       ; Missing location assignment   ;
; DataAdr[22]       ; Missing location assignment   ;
; DataAdr[23]       ; Missing location assignment   ;
; DataAdr[24]       ; Missing location assignment   ;
; DataAdr[25]       ; Missing location assignment   ;
; DataAdr[26]       ; Missing location assignment   ;
; DataAdr[27]       ; Missing location assignment   ;
; DataAdr[28]       ; Missing location assignment   ;
; DataAdr[29]       ; Missing location assignment   ;
; DataAdr[30]       ; Missing location assignment   ;
; DataAdr[31]       ; Missing location assignment   ;
; ReadData[0]       ; Missing location assignment   ;
; ReadData[1]       ; Missing location assignment   ;
; ReadData[2]       ; Missing location assignment   ;
; ReadData[3]       ; Missing location assignment   ;
; ReadData[4]       ; Missing location assignment   ;
; ReadData[5]       ; Missing location assignment   ;
; ReadData[6]       ; Missing location assignment   ;
; ReadData[7]       ; Missing location assignment   ;
; ReadData[8]       ; Missing location assignment   ;
; ReadData[9]       ; Missing location assignment   ;
; ReadData[10]      ; Missing location assignment   ;
; ReadData[11]      ; Missing location assignment   ;
; ReadData[12]      ; Missing location assignment   ;
; ReadData[13]      ; Missing location assignment   ;
; ReadData[14]      ; Missing location assignment   ;
; ReadData[15]      ; Missing location assignment   ;
; ReadData[16]      ; Missing location assignment   ;
; ReadData[17]      ; Missing location assignment   ;
; ReadData[18]      ; Missing location assignment   ;
; ReadData[19]      ; Missing location assignment   ;
; ReadData[20]      ; Missing location assignment   ;
; ReadData[21]      ; Missing location assignment   ;
; ReadData[22]      ; Missing location assignment   ;
; ReadData[23]      ; Missing location assignment   ;
; ReadData[24]      ; Missing location assignment   ;
; ReadData[25]      ; Missing location assignment   ;
; ReadData[26]      ; Missing location assignment   ;
; ReadData[27]      ; Missing location assignment   ;
; ReadData[28]      ; Missing location assignment   ;
; ReadData[29]      ; Missing location assignment   ;
; ReadData[30]      ; Missing location assignment   ;
; ReadData[31]      ; Missing location assignment   ;
; PC[0]             ; Missing location assignment   ;
; PC[1]             ; Missing location assignment   ;
; PC[2]             ; Missing location assignment   ;
; PC[3]             ; Missing location assignment   ;
; PC[4]             ; Missing location assignment   ;
; PC[5]             ; Missing location assignment   ;
; PC[6]             ; Missing location assignment   ;
; PC[7]             ; Missing location assignment   ;
; PC[8]             ; Missing location assignment   ;
; PC[9]             ; Missing location assignment   ;
; PC[10]            ; Missing location assignment   ;
; PC[11]            ; Missing location assignment   ;
; PC[12]            ; Missing location assignment   ;
; PC[13]            ; Missing location assignment   ;
; PC[14]            ; Missing location assignment   ;
; PC[15]            ; Missing location assignment   ;
; PC[16]            ; Missing location assignment   ;
; PC[17]            ; Missing location assignment   ;
; PC[18]            ; Missing location assignment   ;
; PC[19]            ; Missing location assignment   ;
; PC[20]            ; Missing location assignment   ;
; PC[21]            ; Missing location assignment   ;
; PC[22]            ; Missing location assignment   ;
; PC[23]            ; Missing location assignment   ;
; PC[24]            ; Missing location assignment   ;
; PC[25]            ; Missing location assignment   ;
; PC[26]            ; Missing location assignment   ;
; PC[27]            ; Missing location assignment   ;
; PC[28]            ; Missing location assignment   ;
; PC[29]            ; Missing location assignment   ;
; PC[30]            ; Missing location assignment   ;
; PC[31]            ; Missing location assignment   ;
; Result[0]         ; Missing location assignment   ;
; Result[1]         ; Missing location assignment   ;
; Result[2]         ; Missing location assignment   ;
; Result[3]         ; Missing location assignment   ;
; Result[4]         ; Missing location assignment   ;
; Result[5]         ; Missing location assignment   ;
; Result[6]         ; Missing location assignment   ;
; Result[7]         ; Missing location assignment   ;
; Result[8]         ; Missing location assignment   ;
; Result[9]         ; Missing location assignment   ;
; Result[10]        ; Missing location assignment   ;
; Result[11]        ; Missing location assignment   ;
; Result[12]        ; Missing location assignment   ;
; Result[13]        ; Missing location assignment   ;
; Result[14]        ; Missing location assignment   ;
; Result[15]        ; Missing location assignment   ;
; Result[16]        ; Missing location assignment   ;
; Result[17]        ; Missing location assignment   ;
; Result[18]        ; Missing location assignment   ;
; Result[19]        ; Missing location assignment   ;
; Result[20]        ; Missing location assignment   ;
; Result[21]        ; Missing location assignment   ;
; Result[22]        ; Missing location assignment   ;
; Result[23]        ; Missing location assignment   ;
; Result[24]        ; Missing location assignment   ;
; Result[25]        ; Missing location assignment   ;
; Result[26]        ; Missing location assignment   ;
; Result[27]        ; Missing location assignment   ;
; Result[28]        ; Missing location assignment   ;
; Result[29]        ; Missing location assignment   ;
; Result[30]        ; Missing location assignment   ;
; Result[31]        ; Missing location assignment   ;
; reset             ; Missing location assignment   ;
; Ext_MemWrite      ; Missing location assignment   ;
; Ext_WriteData[0]  ; Missing location assignment   ;
; Ext_WriteData[1]  ; Missing location assignment   ;
; Ext_WriteData[2]  ; Missing location assignment   ;
; Ext_WriteData[3]  ; Missing location assignment   ;
; Ext_WriteData[4]  ; Missing location assignment   ;
; Ext_WriteData[5]  ; Missing location assignment   ;
; Ext_WriteData[6]  ; Missing location assignment   ;
; Ext_WriteData[7]  ; Missing location assignment   ;
; Ext_WriteData[8]  ; Missing location assignment   ;
; Ext_WriteData[9]  ; Missing location assignment   ;
; Ext_WriteData[10] ; Missing location assignment   ;
; Ext_WriteData[11] ; Missing location assignment   ;
; Ext_WriteData[12] ; Missing location assignment   ;
; Ext_WriteData[13] ; Missing location assignment   ;
; Ext_WriteData[14] ; Missing location assignment   ;
; Ext_WriteData[15] ; Missing location assignment   ;
; Ext_WriteData[16] ; Missing location assignment   ;
; Ext_WriteData[17] ; Missing location assignment   ;
; Ext_WriteData[18] ; Missing location assignment   ;
; Ext_WriteData[19] ; Missing location assignment   ;
; Ext_WriteData[20] ; Missing location assignment   ;
; Ext_WriteData[21] ; Missing location assignment   ;
; Ext_WriteData[22] ; Missing location assignment   ;
; Ext_WriteData[23] ; Missing location assignment   ;
; Ext_WriteData[24] ; Missing location assignment   ;
; Ext_WriteData[25] ; Missing location assignment   ;
; Ext_WriteData[26] ; Missing location assignment   ;
; Ext_WriteData[27] ; Missing location assignment   ;
; Ext_WriteData[28] ; Missing location assignment   ;
; Ext_WriteData[29] ; Missing location assignment   ;
; Ext_WriteData[30] ; Missing location assignment   ;
; Ext_WriteData[31] ; Missing location assignment   ;
; Ext_DataAdr[0]    ; Missing location assignment   ;
; Ext_DataAdr[1]    ; Missing location assignment   ;
; Ext_DataAdr[2]    ; Missing location assignment   ;
; Ext_DataAdr[3]    ; Missing location assignment   ;
; Ext_DataAdr[4]    ; Missing location assignment   ;
; Ext_DataAdr[5]    ; Missing location assignment   ;
; Ext_DataAdr[6]    ; Missing location assignment   ;
; Ext_DataAdr[7]    ; Missing location assignment   ;
; Ext_DataAdr[8]    ; Missing location assignment   ;
; Ext_DataAdr[9]    ; Missing location assignment   ;
; Ext_DataAdr[10]   ; Missing location assignment   ;
; Ext_DataAdr[11]   ; Missing location assignment   ;
; Ext_DataAdr[12]   ; Missing location assignment   ;
; Ext_DataAdr[13]   ; Missing location assignment   ;
; Ext_DataAdr[14]   ; Missing location assignment   ;
; Ext_DataAdr[15]   ; Missing location assignment   ;
; Ext_DataAdr[16]   ; Missing location assignment   ;
; Ext_DataAdr[17]   ; Missing location assignment   ;
; Ext_DataAdr[18]   ; Missing location assignment   ;
; Ext_DataAdr[19]   ; Missing location assignment   ;
; Ext_DataAdr[20]   ; Missing location assignment   ;
; Ext_DataAdr[21]   ; Missing location assignment   ;
; Ext_DataAdr[22]   ; Missing location assignment   ;
; Ext_DataAdr[23]   ; Missing location assignment   ;
; Ext_DataAdr[24]   ; Missing location assignment   ;
; Ext_DataAdr[25]   ; Missing location assignment   ;
; Ext_DataAdr[26]   ; Missing location assignment   ;
; Ext_DataAdr[27]   ; Missing location assignment   ;
; Ext_DataAdr[28]   ; Missing location assignment   ;
; Ext_DataAdr[29]   ; Missing location assignment   ;
; Ext_DataAdr[30]   ; Missing location assignment   ;
; Ext_DataAdr[31]   ; Missing location assignment   ;
; clk               ; Missing location assignment   ;
+-------------------+-------------------------------+


+----------------------------------------------------------------------------------------------------------------------------------------------------------------------------------------------------------------------------------------------------------------------------------------------------------------------------------------------------------------------------------------------------------------------------------------------------------------------------------------------------------------------------------------------------+
; Fitter Resource Utilization by Entity                                                                                                                                                                                                                                                                                                                                                                                                                                                                                                              ;
+-------------------------------------------------+----------------------+----------------------------------+---------------------------------------------------+----------------------------------+----------------------+---------------------+---------------------------+---------------+-------------------+-------+------------+------+--------------+----------------------------------------------------------------------------------------------------------------------------------------------------+---------------------+--------------+
; Compilation Hierarchy Node                      ; ALMs needed [=A-B+C] ; [A] ALMs used in final placement ; [B] Estimate of ALMs recoverable by dense packing ; [C] Estimate of ALMs unavailable ; ALMs used for memory ; Combinational ALUTs ; Dedicated Logic Registers ; I/O Registers ; Block Memory Bits ; M10Ks ; DSP Blocks ; Pins ; Virtual Pins ; Full Hierarchy Name                                                                                                                                ; Entity Name         ; Library Name ;
+-------------------------------------------------+----------------------+----------------------------------+---------------------------------------------------+----------------------------------+----------------------+---------------------+---------------------------+---------------+-------------------+-------+------------+------+--------------+----------------------------------------------------------------------------------------------------------------------------------------------------+---------------------+--------------+
; |t1c_riscv_cpu                                  ; 4334.0 (35.1)        ; 4727.0 (41.6)                    ; 694.0 (7.6)                                       ; 301.0 (1.1)                      ; 0.0 (0.0)            ; 6068 (67)           ; 3117 (0)                  ; 0 (0)         ; 0                 ; 0     ; 2          ; 228  ; 0            ; |t1c_riscv_cpu                                                                                                                                     ; t1c_riscv_cpu       ; work         ;
;    |data_mem:datamem|                           ; 835.9 (835.9)        ; 1253.6 (1253.6)                  ; 422.6 (422.6)                                     ; 4.9 (4.9)                        ; 0.0 (0.0)            ; 800 (800)           ; 2048 (2048)               ; 0 (0)         ; 0                 ; 0     ; 0          ; 0    ; 0            ; |t1c_riscv_cpu|data_mem:datamem                                                                                                                    ; data_mem            ; work         ;
;    |instr_mem:instrmem|                         ; 73.6 (73.6)          ; 75.9 (75.9)                      ; 2.4 (2.4)                                         ; 0.1 (0.1)                        ; 0.0 (0.0)            ; 125 (125)           ; 0 (0)                     ; 0 (0)         ; 0                 ; 0     ; 0          ; 0    ; 0            ; |t1c_riscv_cpu|instr_mem:instrmem                                                                                                                  ; instr_mem           ; work         ;
;    |riscv_cpu:rvcpu|                            ; 3389.4 (0.0)         ; 3355.9 (0.0)                     ; 261.4 (0.0)                                       ; 294.9 (0.0)                      ; 0.0 (0.0)            ; 5076 (0)            ; 1069 (0)                  ; 0 (0)         ; 0                 ; 0     ; 2          ; 0    ; 0            ; |t1c_riscv_cpu|riscv_cpu:rvcpu                                                                                                                     ; riscv_cpu           ; work         ;
;       |controller:c|                            ; 22.8 (2.2)           ; 23.0 (2.5)                       ; 0.2 (0.3)                                         ; 0.0 (0.0)                        ; 0.0 (0.0)            ; 36 (3)              ; 0 (0)                     ; 0 (0)         ; 0                 ; 0     ; 0          ; 0    ; 0            ; |t1c_riscv_cpu|riscv_cpu:rvcpu|controller:c                                                                                                        ; controller          ; work         ;
;          |alu_decoder:ad|                       ; 11.7 (11.7)          ; 11.7 (11.7)                      ; 0.0 (0.0)                                         ; 0.0 (0.0)                        ; 0.0 (0.0)            ; 18 (18)             ; 0 (0)                     ; 0 (0)         ; 0                 ; 0     ; 0          ; 0    ; 0            ; |t1c_riscv_cpu|riscv_cpu:rvcpu|controller:c|alu_decoder:ad                                                                                         ; alu_decoder         ; work         ;
;          |main_decoder:md|                      ; 8.7 (8.7)            ; 8.8 (8.8)                        ; 0.2 (0.2)                                         ; 0.0 (0.0)                        ; 0.0 (0.0)            ; 15 (15)             ; 0 (0)                     ; 0 (0)         ; 0                 ; 0     ; 0          ; 0    ; 0            ; |t1c_riscv_cpu|riscv_cpu:rvcpu|controller:c|main_decoder:md                                                                                        ; main_decoder        ; work         ;
;       |datapath:dp|                             ; 3366.6 (0.5)         ; 3332.9 (0.5)                     ; 261.2 (0.0)                                       ; 294.9 (0.0)                      ; 0.0 (0.0)            ; 5040 (2)            ; 1069 (0)                  ; 0 (0)         ; 0                 ; 0     ; 2          ; 0    ; 0            ; |t1c_riscv_cpu|riscv_cpu:rvcpu|datapath:dp                                                                                                         ; datapath            ; work         ;
;          |adder:aupicadder|                     ; 10.3 (10.3)          ; 10.0 (10.0)                      ; 0.0 (0.0)                                         ; 0.3 (0.3)                        ; 0.0 (0.0)            ; 20 (20)             ; 0 (0)                     ; 0 (0)         ; 0                 ; 0     ; 0          ; 0    ; 0            ; |t1c_riscv_cpu|riscv_cpu:rvcpu|datapath:dp|adder:aupicadder                                                                                        ; adder               ; work         ;
;          |adder:pcadd4|                         ; 13.7 (13.7)          ; 13.7 (13.7)                      ; 0.0 (0.0)                                         ; 0.0 (0.0)                        ; 0.0 (0.0)            ; 30 (30)             ; 0 (0)                     ; 0 (0)         ; 0                 ; 0     ; 0          ; 0    ; 0            ; |t1c_riscv_cpu|riscv_cpu:rvcpu|datapath:dp|adder:pcadd4                                                                                            ; adder               ; work         ;
;          |adder:pcaddbranch|                    ; 15.3 (15.3)          ; 15.3 (15.3)                      ; 0.0 (0.0)                                         ; 0.0 (0.0)                        ; 0.0 (0.0)            ; 32 (32)             ; 0 (0)                     ; 0 (0)         ; 0                 ; 0     ; 0          ; 0    ; 0            ; |t1c_riscv_cpu|riscv_cpu:rvcpu|datapath:dp|adder:pcaddbranch                                                                                       ; adder               ; work         ;
;          |alu:alu|                              ; 2439.4 (481.0)       ; 2206.0 (494.7)                   ; 32.5 (23.3)                                       ; 265.9 (9.7)                      ; 0.0 (0.0)            ; 4075 (679)          ; 0 (0)                     ; 0 (0)         ; 0                 ; 0     ; 2          ; 0    ; 0            ; |t1c_riscv_cpu|riscv_cpu:rvcpu|datapath:dp|alu:alu                                                                                                 ; alu                 ; work         ;
;             |lpm_divide:Div0|                   ; 681.1 (0.0)          ; 613.5 (0.0)                      ; 3.8 (0.0)                                         ; 71.5 (0.0)                       ; 0.0 (0.0)            ; 1212 (0)            ; 0 (0)                     ; 0 (0)         ; 0                 ; 0     ; 0          ; 0    ; 0            ; |t1c_riscv_cpu|riscv_cpu:rvcpu|datapath:dp|alu:alu|lpm_divide:Div0                                                                                 ; lpm_divide          ; work         ;
;                |lpm_divide_rqo:auto_generated|  ; 681.1 (0.0)          ; 613.5 (0.0)                      ; 3.8 (0.0)                                         ; 71.5 (0.0)                       ; 0.0 (0.0)            ; 1212 (0)            ; 0 (0)                     ; 0 (0)         ; 0                 ; 0     ; 0          ; 0    ; 0            ; |t1c_riscv_cpu|riscv_cpu:rvcpu|datapath:dp|alu:alu|lpm_divide:Div0|lpm_divide_rqo:auto_generated                                                   ; lpm_divide_rqo      ; work         ;
;                   |abs_divider_4dg:divider|     ; 681.1 (16.0)         ; 613.5 (16.0)                     ; 3.8 (0.0)                                         ; 71.5 (0.0)                       ; 0.0 (0.0)            ; 1212 (32)           ; 0 (0)                     ; 0 (0)         ; 0                 ; 0     ; 0          ; 0    ; 0            ; |t1c_riscv_cpu|riscv_cpu:rvcpu|datapath:dp|alu:alu|lpm_divide:Div0|lpm_divide_rqo:auto_generated|abs_divider_4dg:divider                           ; abs_divider_4dg     ; work         ;
;                      |alt_u_div_o2f:divider|    ; 633.1 (633.1)        ; 565.5 (565.5)                    ; 3.8 (3.8)                                         ; 71.5 (71.5)                      ; 0.0 (0.0)            ; 1116 (1116)         ; 0 (0)                     ; 0 (0)         ; 0                 ; 0     ; 0          ; 0    ; 0            ; |t1c_riscv_cpu|riscv_cpu:rvcpu|datapath:dp|alu:alu|lpm_divide:Div0|lpm_divide_rqo:auto_generated|abs_divider_4dg:divider|alt_u_div_o2f:divider     ; alt_u_div_o2f       ; work         ;
;                      |lpm_abs_4p9:my_abs_den|   ; 16.0 (16.0)          ; 16.0 (16.0)                      ; 0.0 (0.0)                                         ; 0.0 (0.0)                        ; 0.0 (0.0)            ; 32 (32)             ; 0 (0)                     ; 0 (0)         ; 0                 ; 0     ; 0          ; 0    ; 0            ; |t1c_riscv_cpu|riscv_cpu:rvcpu|datapath:dp|alu:alu|lpm_divide:Div0|lpm_divide_rqo:auto_generated|abs_divider_4dg:divider|lpm_abs_4p9:my_abs_den    ; lpm_abs_4p9         ; work         ;
;                      |lpm_abs_4p9:my_abs_num|   ; 16.0 (16.0)          ; 16.0 (16.0)                      ; 0.0 (0.0)                                         ; 0.0 (0.0)                        ; 0.0 (0.0)            ; 32 (32)             ; 0 (0)                     ; 0 (0)         ; 0                 ; 0     ; 0          ; 0    ; 0            ; |t1c_riscv_cpu|riscv_cpu:rvcpu|datapath:dp|alu:alu|lpm_divide:Div0|lpm_divide_rqo:auto_generated|abs_divider_4dg:divider|lpm_abs_4p9:my_abs_num    ; lpm_abs_4p9         ; work         ;
;             |lpm_divide:Div1|                   ; 634.3 (0.0)          ; 549.3 (0.0)                      ; 2.3 (0.0)                                         ; 87.3 (0.0)                       ; 0.0 (0.0)            ; 1093 (0)            ; 0 (0)                     ; 0 (0)         ; 0                 ; 0     ; 0          ; 0    ; 0            ; |t1c_riscv_cpu|riscv_cpu:rvcpu|datapath:dp|alu:alu|lpm_divide:Div1                                                                                 ; lpm_divide          ; work         ;
;                |lpm_divide_3dm:auto_generated|  ; 634.3 (0.0)          ; 549.3 (0.0)                      ; 2.3 (0.0)                                         ; 87.3 (0.0)                       ; 0.0 (0.0)            ; 1093 (0)            ; 0 (0)                     ; 0 (0)         ; 0                 ; 0     ; 0          ; 0    ; 0            ; |t1c_riscv_cpu|riscv_cpu:rvcpu|datapath:dp|alu:alu|lpm_divide:Div1|lpm_divide_3dm:auto_generated                                                   ; lpm_divide_3dm      ; work         ;
;                   |sign_div_unsign_9nh:divider| ; 634.3 (0.0)          ; 549.3 (0.0)                      ; 2.3 (0.0)                                         ; 87.3 (0.0)                       ; 0.0 (0.0)            ; 1093 (0)            ; 0 (0)                     ; 0 (0)         ; 0                 ; 0     ; 0          ; 0    ; 0            ; |t1c_riscv_cpu|riscv_cpu:rvcpu|datapath:dp|alu:alu|lpm_divide:Div1|lpm_divide_3dm:auto_generated|sign_div_unsign_9nh:divider                       ; sign_div_unsign_9nh ; work         ;
;                      |alt_u_div_o2f:divider|    ; 634.3 (634.3)        ; 549.3 (549.3)                    ; 2.3 (2.3)                                         ; 87.3 (87.3)                      ; 0.0 (0.0)            ; 1093 (1093)         ; 0 (0)                     ; 0 (0)         ; 0                 ; 0     ; 0          ; 0    ; 0            ; |t1c_riscv_cpu|riscv_cpu:rvcpu|datapath:dp|alu:alu|lpm_divide:Div1|lpm_divide_3dm:auto_generated|sign_div_unsign_9nh:divider|alt_u_div_o2f:divider ; alt_u_div_o2f       ; work         ;
;             |lpm_divide:Mod0|                   ; 642.9 (0.0)          ; 548.5 (0.0)                      ; 3.0 (0.0)                                         ; 97.4 (0.0)                       ; 0.0 (0.0)            ; 1091 (0)            ; 0 (0)                     ; 0 (0)         ; 0                 ; 0     ; 0          ; 0    ; 0            ; |t1c_riscv_cpu|riscv_cpu:rvcpu|datapath:dp|alu:alu|lpm_divide:Mod0                                                                                 ; lpm_divide          ; work         ;
;                |lpm_divide_65m:auto_generated|  ; 642.9 (0.0)          ; 548.5 (0.0)                      ; 3.0 (0.0)                                         ; 97.4 (0.0)                       ; 0.0 (0.0)            ; 1091 (0)            ; 0 (0)                     ; 0 (0)         ; 0                 ; 0     ; 0          ; 0    ; 0            ; |t1c_riscv_cpu|riscv_cpu:rvcpu|datapath:dp|alu:alu|lpm_divide:Mod0|lpm_divide_65m:auto_generated                                                   ; lpm_divide_65m      ; work         ;
;                   |sign_div_unsign_9nh:divider| ; 642.9 (0.0)          ; 548.5 (0.0)                      ; 3.0 (0.0)                                         ; 97.4 (0.0)                       ; 0.0 (0.0)            ; 1091 (0)            ; 0 (0)                     ; 0 (0)         ; 0                 ; 0     ; 0          ; 0    ; 0            ; |t1c_riscv_cpu|riscv_cpu:rvcpu|datapath:dp|alu:alu|lpm_divide:Mod0|lpm_divide_65m:auto_generated|sign_div_unsign_9nh:divider                       ; sign_div_unsign_9nh ; work         ;
;                      |alt_u_div_o2f:divider|    ; 642.9 (642.9)        ; 548.5 (548.5)                    ; 3.0 (3.0)                                         ; 97.4 (97.4)                      ; 0.0 (0.0)            ; 1091 (1091)         ; 0 (0)                     ; 0 (0)         ; 0                 ; 0     ; 0          ; 0    ; 0            ; |t1c_riscv_cpu|riscv_cpu:rvcpu|datapath:dp|alu:alu|lpm_divide:Mod0|lpm_divide_65m:auto_generated|sign_div_unsign_9nh:divider|alt_u_div_o2f:divider ; alt_u_div_o2f       ; work         ;
;          |imm_extend:ext|                       ; 14.7 (14.7)          ; 14.7 (14.7)                      ; 0.0 (0.0)                                         ; 0.0 (0.0)                        ; 0.0 (0.0)            ; 29 (29)             ; 0 (0)                     ; 0 (0)         ; 0                 ; 0     ; 0          ; 0    ; 0            ; |t1c_riscv_cpu|riscv_cpu:rvcpu|datapath:dp|imm_extend:ext                                                                                          ; imm_extend          ; work         ;
;          |mux2:jalrmux|                         ; 18.8 (18.8)          ; 18.8 (18.8)                      ; 0.0 (0.0)                                         ; 0.0 (0.0)                        ; 0.0 (0.0)            ; 32 (32)             ; 0 (0)                     ; 0 (0)         ; 0                 ; 0     ; 0          ; 0    ; 0            ; |t1c_riscv_cpu|riscv_cpu:rvcpu|datapath:dp|mux2:jalrmux                                                                                            ; mux2                ; work         ;
;          |mux2:shamt_mux|                       ; 0.7 (0.7)            ; 0.7 (0.7)                        ; 0.0 (0.0)                                         ; 0.0 (0.0)                        ; 0.0 (0.0)            ; 1 (1)               ; 0 (0)                     ; 0 (0)         ; 0                 ; 0     ; 0          ; 0    ; 0            ; |t1c_riscv_cpu|riscv_cpu:rvcpu|datapath:dp|mux2:shamt_mux                                                                                          ; mux2                ; work         ;
;          |mux2:srcbmux|                         ; 27.9 (27.9)          ; 28.7 (28.7)                      ; 1.0 (1.0)                                         ; 0.2 (0.2)                        ; 0.0 (0.0)            ; 50 (50)             ; 0 (0)                     ; 0 (0)         ; 0                 ; 0     ; 0          ; 0    ; 0            ; |t1c_riscv_cpu|riscv_cpu:rvcpu|datapath:dp|mux2:srcbmux                                                                                            ; mux2                ; work         ;
;          |mux4:resultmux|                       ; 51.7 (51.7)          ; 56.0 (56.0)                      ; 5.0 (5.0)                                         ; 0.7 (0.7)                        ; 0.0 (0.0)            ; 84 (84)             ; 0 (0)                     ; 0 (0)         ; 0                 ; 0     ; 0          ; 0    ; 0            ; |t1c_riscv_cpu|riscv_cpu:rvcpu|datapath:dp|mux4:resultmux                                                                                          ; mux4                ; work         ;
;          |reg_file:rf|                          ; 755.5 (755.5)        ; 954.7 (954.7)                    ; 227.0 (227.0)                                     ; 27.8 (27.8)                      ; 0.0 (0.0)            ; 684 (684)           ; 1024 (1024)               ; 0 (0)         ; 0                 ; 0     ; 0          ; 0    ; 0            ; |t1c_riscv_cpu|riscv_cpu:rvcpu|datapath:dp|reg_file:rf                                                                                             ; reg_file            ; work         ;
;          |reset_ff:pcreg|                       ; 11.7 (11.7)          ; 13.8 (13.8)                      ; 2.2 (2.2)                                         ; 0.0 (0.0)                        ; 0.0 (0.0)            ; 1 (1)               ; 45 (45)                   ; 0 (0)         ; 0                 ; 0     ; 0          ; 0    ; 0            ; |t1c_riscv_cpu|riscv_cpu:rvcpu|datapath:dp|reset_ff:pcreg                                                                                          ; reset_ff            ; work         ;
+-------------------------------------------------+----------------------+----------------------------------+---------------------------------------------------+----------------------------------+----------------------+---------------------+---------------------------+---------------+-------------------+-------+------------+------+--------------+----------------------------------------------------------------------------------------------------------------------------------------------------+---------------------+--------------+
Note: For table entries with two numbers listed, the numbers in parentheses indicate the number of resources of the given type used by the specific entity alone. The numbers listed outside of parentheses indicate the total resources of the given type used by the specific entity and all of its sub-entities in the hierarchy.


+----------------------------------------------------------------------------------------------------------------------------------+
; Delay Chain Summary                                                                                                              ;
+-------------------+----------+----+------+------+----+------+-------+--------+------------------------+--------------------------+
; Name              ; Pin Type ; D1 ; D3_0 ; D3_1 ; D4 ; D5   ; D5 OE ; D5 OCT ; T11 (Postamble Gating) ; T11 (Postamble Ungating) ;
+-------------------+----------+----+------+------+----+------+-------+--------+------------------------+--------------------------+
; MemWrite          ; Output   ; -- ; --   ; --   ; -- ; (0)  ; (31)  ; --     ; --                     ; --                       ;
; WriteData[0]      ; Output   ; -- ; --   ; --   ; -- ; (0)  ; (31)  ; --     ; --                     ; --                       ;
; WriteData[1]      ; Output   ; -- ; --   ; --   ; -- ; (0)  ; (31)  ; --     ; --                     ; --                       ;
; WriteData[2]      ; Output   ; -- ; --   ; --   ; -- ; (0)  ; (31)  ; --     ; --                     ; --                       ;
; WriteData[3]      ; Output   ; -- ; --   ; --   ; -- ; (0)  ; (31)  ; --     ; --                     ; --                       ;
; WriteData[4]      ; Output   ; -- ; --   ; --   ; -- ; (0)  ; (31)  ; --     ; --                     ; --                       ;
; WriteData[5]      ; Output   ; -- ; --   ; --   ; -- ; (0)  ; (31)  ; --     ; --                     ; --                       ;
; WriteData[6]      ; Output   ; -- ; --   ; --   ; -- ; (0)  ; (31)  ; --     ; --                     ; --                       ;
; WriteData[7]      ; Output   ; -- ; --   ; --   ; -- ; (0)  ; (31)  ; --     ; --                     ; --                       ;
; WriteData[8]      ; Output   ; -- ; --   ; --   ; -- ; (0)  ; (31)  ; --     ; --                     ; --                       ;
; WriteData[9]      ; Output   ; -- ; --   ; --   ; -- ; (0)  ; (31)  ; --     ; --                     ; --                       ;
; WriteData[10]     ; Output   ; -- ; --   ; --   ; -- ; (0)  ; (31)  ; --     ; --                     ; --                       ;
; WriteData[11]     ; Output   ; -- ; --   ; --   ; -- ; (0)  ; (31)  ; --     ; --                     ; --                       ;
; WriteData[12]     ; Output   ; -- ; --   ; --   ; -- ; (0)  ; (31)  ; --     ; --                     ; --                       ;
; WriteData[13]     ; Output   ; -- ; --   ; --   ; -- ; (0)  ; (31)  ; --     ; --                     ; --                       ;
; WriteData[14]     ; Output   ; -- ; --   ; --   ; -- ; (0)  ; (31)  ; --     ; --                     ; --                       ;
; WriteData[15]     ; Output   ; -- ; --   ; --   ; -- ; (0)  ; (31)  ; --     ; --                     ; --                       ;
; WriteData[16]     ; Output   ; -- ; --   ; --   ; -- ; (0)  ; (31)  ; --     ; --                     ; --                       ;
; WriteData[17]     ; Output   ; -- ; --   ; --   ; -- ; (0)  ; (31)  ; --     ; --                     ; --                       ;
; WriteData[18]     ; Output   ; -- ; --   ; --   ; -- ; (0)  ; (31)  ; --     ; --                     ; --                       ;
; WriteData[19]     ; Output   ; -- ; --   ; --   ; -- ; (0)  ; (31)  ; --     ; --                     ; --                       ;
; WriteData[20]     ; Output   ; -- ; --   ; --   ; -- ; (0)  ; (31)  ; --     ; --                     ; --                       ;
; WriteData[21]     ; Output   ; -- ; --   ; --   ; -- ; (0)  ; (31)  ; --     ; --                     ; --                       ;
; WriteData[22]     ; Output   ; -- ; --   ; --   ; -- ; (0)  ; (31)  ; --     ; --                     ; --                       ;
; WriteData[23]     ; Output   ; -- ; --   ; --   ; -- ; (0)  ; (31)  ; --     ; --                     ; --                       ;
; WriteData[24]     ; Output   ; -- ; --   ; --   ; -- ; (0)  ; (31)  ; --     ; --                     ; --                       ;
; WriteData[25]     ; Output   ; -- ; --   ; --   ; -- ; (0)  ; (31)  ; --     ; --                     ; --                       ;
; WriteData[26]     ; Output   ; -- ; --   ; --   ; -- ; (0)  ; (31)  ; --     ; --                     ; --                       ;
; WriteData[27]     ; Output   ; -- ; --   ; --   ; -- ; (0)  ; (31)  ; --     ; --                     ; --                       ;
; WriteData[28]     ; Output   ; -- ; --   ; --   ; -- ; (0)  ; (31)  ; --     ; --                     ; --                       ;
; WriteData[29]     ; Output   ; -- ; --   ; --   ; -- ; (0)  ; (31)  ; --     ; --                     ; --                       ;
; WriteData[30]     ; Output   ; -- ; --   ; --   ; -- ; (0)  ; (31)  ; --     ; --                     ; --                       ;
; WriteData[31]     ; Output   ; -- ; --   ; --   ; -- ; (0)  ; (31)  ; --     ; --                     ; --                       ;
; DataAdr[0]        ; Output   ; -- ; --   ; --   ; -- ; (0)  ; (31)  ; --     ; --                     ; --                       ;
; DataAdr[1]        ; Output   ; -- ; --   ; --   ; -- ; (0)  ; (31)  ; --     ; --                     ; --                       ;
; DataAdr[2]        ; Output   ; -- ; --   ; --   ; -- ; (0)  ; (31)  ; --     ; --                     ; --                       ;
; DataAdr[3]        ; Output   ; -- ; --   ; --   ; -- ; (0)  ; (31)  ; --     ; --                     ; --                       ;
; DataAdr[4]        ; Output   ; -- ; --   ; --   ; -- ; (0)  ; (31)  ; --     ; --                     ; --                       ;
; DataAdr[5]        ; Output   ; -- ; --   ; --   ; -- ; (0)  ; (31)  ; --     ; --                     ; --                       ;
; DataAdr[6]        ; Output   ; -- ; --   ; --   ; -- ; (0)  ; (31)  ; --     ; --                     ; --                       ;
; DataAdr[7]        ; Output   ; -- ; --   ; --   ; -- ; (0)  ; (31)  ; --     ; --                     ; --                       ;
; DataAdr[8]        ; Output   ; -- ; --   ; --   ; -- ; (0)  ; (31)  ; --     ; --                     ; --                       ;
; DataAdr[9]        ; Output   ; -- ; --   ; --   ; -- ; (0)  ; (31)  ; --     ; --                     ; --                       ;
; DataAdr[10]       ; Output   ; -- ; --   ; --   ; -- ; (0)  ; (31)  ; --     ; --                     ; --                       ;
; DataAdr[11]       ; Output   ; -- ; --   ; --   ; -- ; (0)  ; (31)  ; --     ; --                     ; --                       ;
; DataAdr[12]       ; Output   ; -- ; --   ; --   ; -- ; (0)  ; (31)  ; --     ; --                     ; --                       ;
; DataAdr[13]       ; Output   ; -- ; --   ; --   ; -- ; (0)  ; (31)  ; --     ; --                     ; --                       ;
; DataAdr[14]       ; Output   ; -- ; --   ; --   ; -- ; (0)  ; (31)  ; --     ; --                     ; --                       ;
; DataAdr[15]       ; Output   ; -- ; --   ; --   ; -- ; (0)  ; (31)  ; --     ; --                     ; --                       ;
; DataAdr[16]       ; Output   ; -- ; --   ; --   ; -- ; (0)  ; (31)  ; --     ; --                     ; --                       ;
; DataAdr[17]       ; Output   ; -- ; --   ; --   ; -- ; (0)  ; (31)  ; --     ; --                     ; --                       ;
; DataAdr[18]       ; Output   ; -- ; --   ; --   ; -- ; (0)  ; (31)  ; --     ; --                     ; --                       ;
; DataAdr[19]       ; Output   ; -- ; --   ; --   ; -- ; (0)  ; (31)  ; --     ; --                     ; --                       ;
; DataAdr[20]       ; Output   ; -- ; --   ; --   ; -- ; (0)  ; (31)  ; --     ; --                     ; --                       ;
; DataAdr[21]       ; Output   ; -- ; --   ; --   ; -- ; (0)  ; (31)  ; --     ; --                     ; --                       ;
; DataAdr[22]       ; Output   ; -- ; --   ; --   ; -- ; (0)  ; (31)  ; --     ; --                     ; --                       ;
; DataAdr[23]       ; Output   ; -- ; --   ; --   ; -- ; (0)  ; (31)  ; --     ; --                     ; --                       ;
; DataAdr[24]       ; Output   ; -- ; --   ; --   ; -- ; (0)  ; (31)  ; --     ; --                     ; --                       ;
; DataAdr[25]       ; Output   ; -- ; --   ; --   ; -- ; (0)  ; (31)  ; --     ; --                     ; --                       ;
; DataAdr[26]       ; Output   ; -- ; --   ; --   ; -- ; (0)  ; (31)  ; --     ; --                     ; --                       ;
; DataAdr[27]       ; Output   ; -- ; --   ; --   ; -- ; (0)  ; (31)  ; --     ; --                     ; --                       ;
; DataAdr[28]       ; Output   ; -- ; --   ; --   ; -- ; (0)  ; (31)  ; --     ; --                     ; --                       ;
; DataAdr[29]       ; Output   ; -- ; --   ; --   ; -- ; (0)  ; (31)  ; --     ; --                     ; --                       ;
; DataAdr[30]       ; Output   ; -- ; --   ; --   ; -- ; (0)  ; (31)  ; --     ; --                     ; --                       ;
; DataAdr[31]       ; Output   ; -- ; --   ; --   ; -- ; (0)  ; (31)  ; --     ; --                     ; --                       ;
; ReadData[0]       ; Output   ; -- ; --   ; --   ; -- ; (0)  ; (31)  ; --     ; --                     ; --                       ;
; ReadData[1]       ; Output   ; -- ; --   ; --   ; -- ; (0)  ; (31)  ; --     ; --                     ; --                       ;
; ReadData[2]       ; Output   ; -- ; --   ; --   ; -- ; (0)  ; (31)  ; --     ; --                     ; --                       ;
; ReadData[3]       ; Output   ; -- ; --   ; --   ; -- ; (0)  ; (31)  ; --     ; --                     ; --                       ;
; ReadData[4]       ; Output   ; -- ; --   ; --   ; -- ; (0)  ; (31)  ; --     ; --                     ; --                       ;
; ReadData[5]       ; Output   ; -- ; --   ; --   ; -- ; (0)  ; (31)  ; --     ; --                     ; --                       ;
; ReadData[6]       ; Output   ; -- ; --   ; --   ; -- ; (0)  ; (31)  ; --     ; --                     ; --                       ;
; ReadData[7]       ; Output   ; -- ; --   ; --   ; -- ; (0)  ; (31)  ; --     ; --                     ; --                       ;
; ReadData[8]       ; Output   ; -- ; --   ; --   ; -- ; (0)  ; (31)  ; --     ; --                     ; --                       ;
; ReadData[9]       ; Output   ; -- ; --   ; --   ; -- ; (0)  ; (31)  ; --     ; --                     ; --                       ;
; ReadData[10]      ; Output   ; -- ; --   ; --   ; -- ; (0)  ; (31)  ; --     ; --                     ; --                       ;
; ReadData[11]      ; Output   ; -- ; --   ; --   ; -- ; (0)  ; (31)  ; --     ; --                     ; --                       ;
; ReadData[12]      ; Output   ; -- ; --   ; --   ; -- ; (0)  ; (31)  ; --     ; --                     ; --                       ;
; ReadData[13]      ; Output   ; -- ; --   ; --   ; -- ; (0)  ; (31)  ; --     ; --                     ; --                       ;
; ReadData[14]      ; Output   ; -- ; --   ; --   ; -- ; (0)  ; (31)  ; --     ; --                     ; --                       ;
; ReadData[15]      ; Output   ; -- ; --   ; --   ; -- ; (0)  ; (31)  ; --     ; --                     ; --                       ;
; ReadData[16]      ; Output   ; -- ; --   ; --   ; -- ; (0)  ; (31)  ; --     ; --                     ; --                       ;
; ReadData[17]      ; Output   ; -- ; --   ; --   ; -- ; (0)  ; (31)  ; --     ; --                     ; --                       ;
; ReadData[18]      ; Output   ; -- ; --   ; --   ; -- ; (0)  ; (31)  ; --     ; --                     ; --                       ;
; ReadData[19]      ; Output   ; -- ; --   ; --   ; -- ; (0)  ; (31)  ; --     ; --                     ; --                       ;
; ReadData[20]      ; Output   ; -- ; --   ; --   ; -- ; (0)  ; (31)  ; --     ; --                     ; --                       ;
; ReadData[21]      ; Output   ; -- ; --   ; --   ; -- ; (0)  ; (31)  ; --     ; --                     ; --                       ;
; ReadData[22]      ; Output   ; -- ; --   ; --   ; -- ; (0)  ; (31)  ; --     ; --                     ; --                       ;
; ReadData[23]      ; Output   ; -- ; --   ; --   ; -- ; (0)  ; (31)  ; --     ; --                     ; --                       ;
; ReadData[24]      ; Output   ; -- ; --   ; --   ; -- ; (0)  ; (31)  ; --     ; --                     ; --                       ;
; ReadData[25]      ; Output   ; -- ; --   ; --   ; -- ; (0)  ; (31)  ; --     ; --                     ; --                       ;
; ReadData[26]      ; Output   ; -- ; --   ; --   ; -- ; (0)  ; (31)  ; --     ; --                     ; --                       ;
; ReadData[27]      ; Output   ; -- ; --   ; --   ; -- ; (0)  ; (31)  ; --     ; --                     ; --                       ;
; ReadData[28]      ; Output   ; -- ; --   ; --   ; -- ; (0)  ; (31)  ; --     ; --                     ; --                       ;
; ReadData[29]      ; Output   ; -- ; --   ; --   ; -- ; (0)  ; (31)  ; --     ; --                     ; --                       ;
; ReadData[30]      ; Output   ; -- ; --   ; --   ; -- ; (0)  ; (31)  ; --     ; --                     ; --                       ;
; ReadData[31]      ; Output   ; -- ; --   ; --   ; -- ; (0)  ; (31)  ; --     ; --                     ; --                       ;
; PC[0]             ; Output   ; -- ; --   ; --   ; -- ; (0)  ; (31)  ; --     ; --                     ; --                       ;
; PC[1]             ; Output   ; -- ; --   ; --   ; -- ; (0)  ; (31)  ; --     ; --                     ; --                       ;
; PC[2]             ; Output   ; -- ; --   ; --   ; -- ; (0)  ; (31)  ; --     ; --                     ; --                       ;
; PC[3]             ; Output   ; -- ; --   ; --   ; -- ; (0)  ; (31)  ; --     ; --                     ; --                       ;
; PC[4]             ; Output   ; -- ; --   ; --   ; -- ; (0)  ; (31)  ; --     ; --                     ; --                       ;
; PC[5]             ; Output   ; -- ; --   ; --   ; -- ; (0)  ; (31)  ; --     ; --                     ; --                       ;
; PC[6]             ; Output   ; -- ; --   ; --   ; -- ; (0)  ; (31)  ; --     ; --                     ; --                       ;
; PC[7]             ; Output   ; -- ; --   ; --   ; -- ; (0)  ; (31)  ; --     ; --                     ; --                       ;
; PC[8]             ; Output   ; -- ; --   ; --   ; -- ; (0)  ; (31)  ; --     ; --                     ; --                       ;
; PC[9]             ; Output   ; -- ; --   ; --   ; -- ; (0)  ; (31)  ; --     ; --                     ; --                       ;
; PC[10]            ; Output   ; -- ; --   ; --   ; -- ; (0)  ; (31)  ; --     ; --                     ; --                       ;
; PC[11]            ; Output   ; -- ; --   ; --   ; -- ; (0)  ; (31)  ; --     ; --                     ; --                       ;
; PC[12]            ; Output   ; -- ; --   ; --   ; -- ; (0)  ; (31)  ; --     ; --                     ; --                       ;
; PC[13]            ; Output   ; -- ; --   ; --   ; -- ; (0)  ; (31)  ; --     ; --                     ; --                       ;
; PC[14]            ; Output   ; -- ; --   ; --   ; -- ; (0)  ; (31)  ; --     ; --                     ; --                       ;
; PC[15]            ; Output   ; -- ; --   ; --   ; -- ; (0)  ; (31)  ; --     ; --                     ; --                       ;
; PC[16]            ; Output   ; -- ; --   ; --   ; -- ; (0)  ; (31)  ; --     ; --                     ; --                       ;
; PC[17]            ; Output   ; -- ; --   ; --   ; -- ; (0)  ; (31)  ; --     ; --                     ; --                       ;
; PC[18]            ; Output   ; -- ; --   ; --   ; -- ; (0)  ; (31)  ; --     ; --                     ; --                       ;
; PC[19]            ; Output   ; -- ; --   ; --   ; -- ; (0)  ; (31)  ; --     ; --                     ; --                       ;
; PC[20]            ; Output   ; -- ; --   ; --   ; -- ; (0)  ; (31)  ; --     ; --                     ; --                       ;
; PC[21]            ; Output   ; -- ; --   ; --   ; -- ; (0)  ; (31)  ; --     ; --                     ; --                       ;
; PC[22]            ; Output   ; -- ; --   ; --   ; -- ; (0)  ; (31)  ; --     ; --                     ; --                       ;
; PC[23]            ; Output   ; -- ; --   ; --   ; -- ; (0)  ; (31)  ; --     ; --                     ; --                       ;
; PC[24]            ; Output   ; -- ; --   ; --   ; -- ; (0)  ; (31)  ; --     ; --                     ; --                       ;
; PC[25]            ; Output   ; -- ; --   ; --   ; -- ; (0)  ; (31)  ; --     ; --                     ; --                       ;
; PC[26]            ; Output   ; -- ; --   ; --   ; -- ; (0)  ; (31)  ; --     ; --                     ; --                       ;
; PC[27]            ; Output   ; -- ; --   ; --   ; -- ; (0)  ; (31)  ; --     ; --                     ; --                       ;
; PC[28]            ; Output   ; -- ; --   ; --   ; -- ; (0)  ; (31)  ; --     ; --                     ; --                       ;
; PC[29]            ; Output   ; -- ; --   ; --   ; -- ; (0)  ; (31)  ; --     ; --                     ; --                       ;
; PC[30]            ; Output   ; -- ; --   ; --   ; -- ; (0)  ; (31)  ; --     ; --                     ; --                       ;
; PC[31]            ; Output   ; -- ; --   ; --   ; -- ; (0)  ; (31)  ; --     ; --                     ; --                       ;
; Result[0]         ; Output   ; -- ; --   ; --   ; -- ; (0)  ; (31)  ; --     ; --                     ; --                       ;
; Result[1]         ; Output   ; -- ; --   ; --   ; -- ; (0)  ; (31)  ; --     ; --                     ; --                       ;
; Result[2]         ; Output   ; -- ; --   ; --   ; -- ; (0)  ; (31)  ; --     ; --                     ; --                       ;
; Result[3]         ; Output   ; -- ; --   ; --   ; -- ; (0)  ; (31)  ; --     ; --                     ; --                       ;
; Result[4]         ; Output   ; -- ; --   ; --   ; -- ; (0)  ; (31)  ; --     ; --                     ; --                       ;
; Result[5]         ; Output   ; -- ; --   ; --   ; -- ; (0)  ; (31)  ; --     ; --                     ; --                       ;
; Result[6]         ; Output   ; -- ; --   ; --   ; -- ; (0)  ; (31)  ; --     ; --                     ; --                       ;
; Result[7]         ; Output   ; -- ; --   ; --   ; -- ; (0)  ; (31)  ; --     ; --                     ; --                       ;
; Result[8]         ; Output   ; -- ; --   ; --   ; -- ; (0)  ; (31)  ; --     ; --                     ; --                       ;
; Result[9]         ; Output   ; -- ; --   ; --   ; -- ; (0)  ; (31)  ; --     ; --                     ; --                       ;
; Result[10]        ; Output   ; -- ; --   ; --   ; -- ; (0)  ; (31)  ; --     ; --                     ; --                       ;
; Result[11]        ; Output   ; -- ; --   ; --   ; -- ; (0)  ; (31)  ; --     ; --                     ; --                       ;
; Result[12]        ; Output   ; -- ; --   ; --   ; -- ; (0)  ; (31)  ; --     ; --                     ; --                       ;
; Result[13]        ; Output   ; -- ; --   ; --   ; -- ; (0)  ; (31)  ; --     ; --                     ; --                       ;
; Result[14]        ; Output   ; -- ; --   ; --   ; -- ; (0)  ; (31)  ; --     ; --                     ; --                       ;
; Result[15]        ; Output   ; -- ; --   ; --   ; -- ; (0)  ; (31)  ; --     ; --                     ; --                       ;
; Result[16]        ; Output   ; -- ; --   ; --   ; -- ; (0)  ; (31)  ; --     ; --                     ; --                       ;
; Result[17]        ; Output   ; -- ; --   ; --   ; -- ; (0)  ; (31)  ; --     ; --                     ; --                       ;
; Result[18]        ; Output   ; -- ; --   ; --   ; -- ; (0)  ; (31)  ; --     ; --                     ; --                       ;
; Result[19]        ; Output   ; -- ; --   ; --   ; -- ; (0)  ; (31)  ; --     ; --                     ; --                       ;
; Result[20]        ; Output   ; -- ; --   ; --   ; -- ; (0)  ; (31)  ; --     ; --                     ; --                       ;
; Result[21]        ; Output   ; -- ; --   ; --   ; -- ; (0)  ; (31)  ; --     ; --                     ; --                       ;
; Result[22]        ; Output   ; -- ; --   ; --   ; -- ; (0)  ; (31)  ; --     ; --                     ; --                       ;
; Result[23]        ; Output   ; -- ; --   ; --   ; -- ; (0)  ; (31)  ; --     ; --                     ; --                       ;
; Result[24]        ; Output   ; -- ; --   ; --   ; -- ; (0)  ; (31)  ; --     ; --                     ; --                       ;
; Result[25]        ; Output   ; -- ; --   ; --   ; -- ; (0)  ; (31)  ; --     ; --                     ; --                       ;
; Result[26]        ; Output   ; -- ; --   ; --   ; -- ; (0)  ; (31)  ; --     ; --                     ; --                       ;
; Result[27]        ; Output   ; -- ; --   ; --   ; -- ; (0)  ; (31)  ; --     ; --                     ; --                       ;
; Result[28]        ; Output   ; -- ; --   ; --   ; -- ; (0)  ; (31)  ; --     ; --                     ; --                       ;
; Result[29]        ; Output   ; -- ; --   ; --   ; -- ; (0)  ; (31)  ; --     ; --                     ; --                       ;
; Result[30]        ; Output   ; -- ; --   ; --   ; -- ; (0)  ; (31)  ; --     ; --                     ; --                       ;
; Result[31]        ; Output   ; -- ; --   ; --   ; -- ; (0)  ; (31)  ; --     ; --                     ; --                       ;
; reset             ; Input    ; -- ; --   ; (0)  ; -- ; --   ; --    ; --     ; --                     ; --                       ;
; Ext_MemWrite      ; Input    ; -- ; --   ; (0)  ; -- ; --   ; --    ; --     ; --                     ; --                       ;
; Ext_WriteData[0]  ; Input    ; -- ; --   ; (0)  ; -- ; --   ; --    ; --     ; --                     ; --                       ;
; Ext_WriteData[1]  ; Input    ; -- ; (0)  ; --   ; -- ; --   ; --    ; --     ; --                     ; --                       ;
; Ext_WriteData[2]  ; Input    ; -- ; (0)  ; --   ; -- ; --   ; --    ; --     ; --                     ; --                       ;
; Ext_WriteData[3]  ; Input    ; -- ; --   ; (0)  ; -- ; --   ; --    ; --     ; --                     ; --                       ;
; Ext_WriteData[4]  ; Input    ; -- ; (0)  ; --   ; -- ; --   ; --    ; --     ; --                     ; --                       ;
; Ext_WriteData[5]  ; Input    ; -- ; (0)  ; --   ; -- ; --   ; --    ; --     ; --                     ; --                       ;
; Ext_WriteData[6]  ; Input    ; -- ; (0)  ; --   ; -- ; --   ; --    ; --     ; --                     ; --                       ;
; Ext_WriteData[7]  ; Input    ; -- ; --   ; (0)  ; -- ; --   ; --    ; --     ; --                     ; --                       ;
; Ext_WriteData[8]  ; Input    ; -- ; (0)  ; --   ; -- ; --   ; --    ; --     ; --                     ; --                       ;
; Ext_WriteData[9]  ; Input    ; -- ; --   ; (0)  ; -- ; --   ; --    ; --     ; --                     ; --                       ;
; Ext_WriteData[10] ; Input    ; -- ; (0)  ; --   ; -- ; --   ; --    ; --     ; --                     ; --                       ;
; Ext_WriteData[11] ; Input    ; -- ; --   ; (0)  ; -- ; --   ; --    ; --     ; --                     ; --                       ;
; Ext_WriteData[12] ; Input    ; -- ; (0)  ; --   ; -- ; --   ; --    ; --     ; --                     ; --                       ;
; Ext_WriteData[13] ; Input    ; -- ; --   ; (0)  ; -- ; --   ; --    ; --     ; --                     ; --                       ;
; Ext_WriteData[14] ; Input    ; -- ; (0)  ; --   ; -- ; --   ; --    ; --     ; --                     ; --                       ;
; Ext_WriteData[15] ; Input    ; -- ; (0)  ; --   ; -- ; --   ; --    ; --     ; --                     ; --                       ;
; Ext_WriteData[16] ; Input    ; -- ; --   ; (0)  ; -- ; --   ; --    ; --     ; --                     ; --                       ;
; Ext_WriteData[17] ; Input    ; -- ; --   ; (0)  ; -- ; --   ; --    ; --     ; --                     ; --                       ;
; Ext_WriteData[18] ; Input    ; -- ; (0)  ; --   ; -- ; --   ; --    ; --     ; --                     ; --                       ;
; Ext_WriteData[19] ; Input    ; -- ; (0)  ; --   ; -- ; --   ; --    ; --     ; --                     ; --                       ;
; Ext_WriteData[20] ; Input    ; -- ; --   ; (0)  ; -- ; --   ; --    ; --     ; --                     ; --                       ;
; Ext_WriteData[21] ; Input    ; -- ; --   ; (0)  ; -- ; --   ; --    ; --     ; --                     ; --                       ;
; Ext_WriteData[22] ; Input    ; -- ; (0)  ; --   ; -- ; --   ; --    ; --     ; --                     ; --                       ;
; Ext_WriteData[23] ; Input    ; -- ; --   ; (0)  ; -- ; --   ; --    ; --     ; --                     ; --                       ;
; Ext_WriteData[24] ; Input    ; -- ; (0)  ; --   ; -- ; --   ; --    ; --     ; --                     ; --                       ;
; Ext_WriteData[25] ; Input    ; -- ; (0)  ; --   ; -- ; --   ; --    ; --     ; --                     ; --                       ;
; Ext_WriteData[26] ; Input    ; -- ; --   ; (0)  ; -- ; --   ; --    ; --     ; --                     ; --                       ;
; Ext_WriteData[27] ; Input    ; -- ; (0)  ; --   ; -- ; --   ; --    ; --     ; --                     ; --                       ;
; Ext_WriteData[28] ; Input    ; -- ; (0)  ; --   ; -- ; --   ; --    ; --     ; --                     ; --                       ;
; Ext_WriteData[29] ; Input    ; -- ; (0)  ; --   ; -- ; --   ; --    ; --     ; --                     ; --                       ;
; Ext_WriteData[30] ; Input    ; -- ; (0)  ; --   ; -- ; --   ; --    ; --     ; --                     ; --                       ;
; Ext_WriteData[31] ; Input    ; -- ; --   ; (0)  ; -- ; --   ; --    ; --     ; --                     ; --                       ;
; Ext_DataAdr[0]    ; Input    ; -- ; --   ; (0)  ; -- ; --   ; --    ; --     ; --                     ; --                       ;
; Ext_DataAdr[1]    ; Input    ; -- ; --   ; (0)  ; -- ; --   ; --    ; --     ; --                     ; --                       ;
; Ext_DataAdr[2]    ; Input    ; -- ; --   ; (0)  ; -- ; --   ; --    ; --     ; --                     ; --                       ;
; Ext_DataAdr[3]    ; Input    ; -- ; --   ; (0)  ; -- ; --   ; --    ; --     ; --                     ; --                       ;
; Ext_DataAdr[4]    ; Input    ; -- ; --   ; (0)  ; -- ; --   ; --    ; --     ; --                     ; --                       ;
; Ext_DataAdr[5]    ; Input    ; -- ; --   ; (0)  ; -- ; --   ; --    ; --     ; --                     ; --                       ;
; Ext_DataAdr[6]    ; Input    ; -- ; (0)  ; --   ; -- ; --   ; --    ; --     ; --                     ; --                       ;
; Ext_DataAdr[7]    ; Input    ; -- ; (0)  ; --   ; -- ; --   ; --    ; --     ; --                     ; --                       ;
; Ext_DataAdr[8]    ; Input    ; -- ; (0)  ; --   ; -- ; --   ; --    ; --     ; --                     ; --                       ;
; Ext_DataAdr[9]    ; Input    ; -- ; --   ; (0)  ; -- ; --   ; --    ; --     ; --                     ; --                       ;
; Ext_DataAdr[10]   ; Input    ; -- ; (0)  ; --   ; -- ; --   ; --    ; --     ; --                     ; --                       ;
; Ext_DataAdr[11]   ; Input    ; -- ; --   ; (0)  ; -- ; --   ; --    ; --     ; --                     ; --                       ;
; Ext_DataAdr[12]   ; Input    ; -- ; (0)  ; --   ; -- ; --   ; --    ; --     ; --                     ; --                       ;
; Ext_DataAdr[13]   ; Input    ; -- ; (0)  ; --   ; -- ; --   ; --    ; --     ; --                     ; --                       ;
; Ext_DataAdr[14]   ; Input    ; -- ; (0)  ; --   ; -- ; --   ; --    ; --     ; --                     ; --                       ;
; Ext_DataAdr[15]   ; Input    ; -- ; --   ; (0)  ; -- ; --   ; --    ; --     ; --                     ; --                       ;
; Ext_DataAdr[16]   ; Input    ; -- ; --   ; (0)  ; -- ; --   ; --    ; --     ; --                     ; --                       ;
; Ext_DataAdr[17]   ; Input    ; -- ; --   ; (0)  ; -- ; --   ; --    ; --     ; --                     ; --                       ;
; Ext_DataAdr[18]   ; Input    ; -- ; --   ; (0)  ; -- ; --   ; --    ; --     ; --                     ; --                       ;
; Ext_DataAdr[19]   ; Input    ; -- ; (0)  ; --   ; -- ; --   ; --    ; --     ; --                     ; --                       ;
; Ext_DataAdr[20]   ; Input    ; -- ; (0)  ; --   ; -- ; --   ; --    ; --     ; --                     ; --                       ;
; Ext_DataAdr[21]   ; Input    ; -- ; (0)  ; --   ; -- ; --   ; --    ; --     ; --                     ; --                       ;
; Ext_DataAdr[22]   ; Input    ; -- ; --   ; (0)  ; -- ; --   ; --    ; --     ; --                     ; --                       ;
; Ext_DataAdr[23]   ; Input    ; -- ; --   ; (0)  ; -- ; --   ; --    ; --     ; --                     ; --                       ;
; Ext_DataAdr[24]   ; Input    ; -- ; --   ; (0)  ; -- ; --   ; --    ; --     ; --                     ; --                       ;
; Ext_DataAdr[25]   ; Input    ; -- ; --   ; (0)  ; -- ; --   ; --    ; --     ; --                     ; --                       ;
; Ext_DataAdr[26]   ; Input    ; -- ; --   ; (0)  ; -- ; --   ; --    ; --     ; --                     ; --                       ;
; Ext_DataAdr[27]   ; Input    ; -- ; --   ; (0)  ; -- ; --   ; --    ; --     ; --                     ; --                       ;
; Ext_DataAdr[28]   ; Input    ; -- ; (0)  ; --   ; -- ; --   ; --    ; --     ; --                     ; --                       ;
; Ext_DataAdr[29]   ; Input    ; -- ; (0)  ; --   ; -- ; --   ; --    ; --     ; --                     ; --                       ;
; Ext_DataAdr[30]   ; Input    ; -- ; (0)  ; --   ; -- ; --   ; --    ; --     ; --                     ; --                       ;
; Ext_DataAdr[31]   ; Input    ; -- ; --   ; (0)  ; -- ; --   ; --    ; --     ; --                     ; --                       ;
; clk               ; Input    ; -- ; (0)  ; --   ; -- ; --   ; --    ; --     ; --                     ; --                       ;
+-------------------+----------+----+------+------+----+------+-------+--------+------------------------+--------------------------+


+-------------------------------------------------------------------------------------------------+
; Pad To Core Delay Chain Fanout                                                                  ;
+-------------------------------------------------------------------+-------------------+---------+
; Source Pin / Fanout                                               ; Pad To Core Index ; Setting ;
+-------------------------------------------------------------------+-------------------+---------+
; reset                                                             ;                   ;         ;
;      - riscv_cpu:rvcpu|datapath:dp|reset_ff:pcreg|q[3]            ; 1                 ; 0       ;
;      - riscv_cpu:rvcpu|datapath:dp|reset_ff:pcreg|q[2]            ; 1                 ; 0       ;
;      - riscv_cpu:rvcpu|datapath:dp|reset_ff:pcreg|q[8]            ; 1                 ; 0       ;
;      - riscv_cpu:rvcpu|datapath:dp|reset_ff:pcreg|q[4]            ; 1                 ; 0       ;
;      - riscv_cpu:rvcpu|datapath:dp|reset_ff:pcreg|q[7]            ; 1                 ; 0       ;
;      - riscv_cpu:rvcpu|datapath:dp|reset_ff:pcreg|q[6]            ; 1                 ; 0       ;
;      - riscv_cpu:rvcpu|datapath:dp|reset_ff:pcreg|q[5]            ; 1                 ; 0       ;
;      - riscv_cpu:rvcpu|datapath:dp|reset_ff:pcreg|q[10]           ; 1                 ; 0       ;
;      - riscv_cpu:rvcpu|datapath:dp|reset_ff:pcreg|q[9]            ; 1                 ; 0       ;
;      - MemWrite~0                                                 ; 1                 ; 0       ;
;      - WriteData~0                                                ; 1                 ; 0       ;
;      - WriteData~1                                                ; 1                 ; 0       ;
;      - WriteData~2                                                ; 1                 ; 0       ;
;      - WriteData~3                                                ; 1                 ; 0       ;
;      - WriteData~4                                                ; 1                 ; 0       ;
;      - WriteData~5                                                ; 1                 ; 0       ;
;      - WriteData~6                                                ; 1                 ; 0       ;
;      - WriteData~7                                                ; 1                 ; 0       ;
;      - WriteData~8                                                ; 1                 ; 0       ;
;      - WriteData~9                                                ; 1                 ; 0       ;
;      - WriteData~10                                               ; 1                 ; 0       ;
;      - WriteData~11                                               ; 1                 ; 0       ;
;      - WriteData~12                                               ; 1                 ; 0       ;
;      - WriteData~13                                               ; 1                 ; 0       ;
;      - WriteData~14                                               ; 1                 ; 0       ;
;      - WriteData~15                                               ; 1                 ; 0       ;
;      - WriteData~16                                               ; 1                 ; 0       ;
;      - WriteData~17                                               ; 1                 ; 0       ;
;      - WriteData~18                                               ; 1                 ; 0       ;
;      - WriteData~19                                               ; 1                 ; 0       ;
;      - WriteData~20                                               ; 1                 ; 0       ;
;      - WriteData~21                                               ; 1                 ; 0       ;
;      - WriteData~22                                               ; 1                 ; 0       ;
;      - WriteData~23                                               ; 1                 ; 0       ;
;      - WriteData~24                                               ; 1                 ; 0       ;
;      - WriteData~25                                               ; 1                 ; 0       ;
;      - WriteData~26                                               ; 1                 ; 0       ;
;      - WriteData~27                                               ; 1                 ; 0       ;
;      - WriteData~28                                               ; 1                 ; 0       ;
;      - WriteData~29                                               ; 1                 ; 0       ;
;      - WriteData~30                                               ; 1                 ; 0       ;
;      - WriteData~31                                               ; 1                 ; 0       ;
;      - DataAdr~0                                                  ; 1                 ; 0       ;
;      - DataAdr~1                                                  ; 1                 ; 0       ;
;      - DataAdr~2                                                  ; 1                 ; 0       ;
;      - DataAdr~3                                                  ; 1                 ; 0       ;
;      - DataAdr~4                                                  ; 1                 ; 0       ;
;      - DataAdr~5                                                  ; 1                 ; 0       ;
;      - DataAdr~6                                                  ; 1                 ; 0       ;
;      - DataAdr~7                                                  ; 1                 ; 0       ;
;      - DataAdr~8                                                  ; 1                 ; 0       ;
;      - DataAdr~9                                                  ; 1                 ; 0       ;
;      - DataAdr~10                                                 ; 1                 ; 0       ;
;      - DataAdr~11                                                 ; 1                 ; 0       ;
;      - DataAdr~12                                                 ; 1                 ; 0       ;
;      - DataAdr~13                                                 ; 1                 ; 0       ;
;      - DataAdr~14                                                 ; 1                 ; 0       ;
;      - DataAdr~15                                                 ; 1                 ; 0       ;
;      - DataAdr~16                                                 ; 1                 ; 0       ;
;      - DataAdr~17                                                 ; 1                 ; 0       ;
;      - DataAdr~18                                                 ; 1                 ; 0       ;
;      - DataAdr~19                                                 ; 1                 ; 0       ;
;      - DataAdr~20                                                 ; 1                 ; 0       ;
;      - DataAdr~21                                                 ; 1                 ; 0       ;
;      - DataAdr~22                                                 ; 1                 ; 0       ;
;      - DataAdr~23                                                 ; 1                 ; 0       ;
;      - DataAdr~24                                                 ; 1                 ; 0       ;
;      - DataAdr~25                                                 ; 1                 ; 0       ;
;      - DataAdr~26                                                 ; 1                 ; 0       ;
;      - DataAdr~27                                                 ; 1                 ; 0       ;
;      - DataAdr~28                                                 ; 1                 ; 0       ;
;      - DataAdr~29                                                 ; 1                 ; 0       ;
;      - DataAdr~30                                                 ; 1                 ; 0       ;
;      - DataAdr~31                                                 ; 1                 ; 0       ;
;      - riscv_cpu:rvcpu|datapath:dp|reset_ff:pcreg|q[0]            ; 1                 ; 0       ;
;      - riscv_cpu:rvcpu|datapath:dp|reset_ff:pcreg|q[1]            ; 1                 ; 0       ;
;      - riscv_cpu:rvcpu|datapath:dp|reset_ff:pcreg|q[11]           ; 1                 ; 0       ;
;      - riscv_cpu:rvcpu|datapath:dp|reset_ff:pcreg|q[12]           ; 1                 ; 0       ;
;      - riscv_cpu:rvcpu|datapath:dp|reset_ff:pcreg|q[13]           ; 1                 ; 0       ;
;      - riscv_cpu:rvcpu|datapath:dp|reset_ff:pcreg|q[14]           ; 1                 ; 0       ;
;      - riscv_cpu:rvcpu|datapath:dp|reset_ff:pcreg|q[15]           ; 1                 ; 0       ;
;      - riscv_cpu:rvcpu|datapath:dp|reset_ff:pcreg|q[16]           ; 1                 ; 0       ;
;      - riscv_cpu:rvcpu|datapath:dp|reset_ff:pcreg|q[17]           ; 1                 ; 0       ;
;      - riscv_cpu:rvcpu|datapath:dp|reset_ff:pcreg|q[18]           ; 1                 ; 0       ;
;      - riscv_cpu:rvcpu|datapath:dp|reset_ff:pcreg|q[19]           ; 1                 ; 0       ;
;      - riscv_cpu:rvcpu|datapath:dp|reset_ff:pcreg|q[20]           ; 1                 ; 0       ;
;      - riscv_cpu:rvcpu|datapath:dp|reset_ff:pcreg|q[21]           ; 1                 ; 0       ;
;      - riscv_cpu:rvcpu|datapath:dp|reset_ff:pcreg|q[22]           ; 1                 ; 0       ;
;      - riscv_cpu:rvcpu|datapath:dp|reset_ff:pcreg|q[23]           ; 1                 ; 0       ;
;      - riscv_cpu:rvcpu|datapath:dp|reset_ff:pcreg|q[24]           ; 1                 ; 0       ;
;      - riscv_cpu:rvcpu|datapath:dp|reset_ff:pcreg|q[25]           ; 1                 ; 0       ;
;      - riscv_cpu:rvcpu|datapath:dp|reset_ff:pcreg|q[26]           ; 1                 ; 0       ;
;      - riscv_cpu:rvcpu|datapath:dp|reset_ff:pcreg|q[27]           ; 1                 ; 0       ;
;      - riscv_cpu:rvcpu|datapath:dp|reset_ff:pcreg|q[28]           ; 1                 ; 0       ;
;      - riscv_cpu:rvcpu|datapath:dp|reset_ff:pcreg|q[29]           ; 1                 ; 0       ;
;      - riscv_cpu:rvcpu|datapath:dp|reset_ff:pcreg|q[30]           ; 1                 ; 0       ;
;      - riscv_cpu:rvcpu|datapath:dp|reset_ff:pcreg|q[31]           ; 1                 ; 0       ;
;      - DataAdr~32                                                 ; 1                 ; 0       ;
;      - riscv_cpu:rvcpu|datapath:dp|reset_ff:pcreg|q[3]~DUPLICATE  ; 1                 ; 0       ;
;      - riscv_cpu:rvcpu|datapath:dp|reset_ff:pcreg|q[2]~DUPLICATE  ; 1                 ; 0       ;
;      - riscv_cpu:rvcpu|datapath:dp|reset_ff:pcreg|q[8]~DUPLICATE  ; 1                 ; 0       ;
;      - riscv_cpu:rvcpu|datapath:dp|reset_ff:pcreg|q[4]~DUPLICATE  ; 1                 ; 0       ;
;      - riscv_cpu:rvcpu|datapath:dp|reset_ff:pcreg|q[7]~DUPLICATE  ; 1                 ; 0       ;
;      - riscv_cpu:rvcpu|datapath:dp|reset_ff:pcreg|q[6]~DUPLICATE  ; 1                 ; 0       ;
;      - riscv_cpu:rvcpu|datapath:dp|reset_ff:pcreg|q[5]~DUPLICATE  ; 1                 ; 0       ;
;      - riscv_cpu:rvcpu|datapath:dp|reset_ff:pcreg|q[10]~DUPLICATE ; 1                 ; 0       ;
;      - riscv_cpu:rvcpu|datapath:dp|reset_ff:pcreg|q[9]~DUPLICATE  ; 1                 ; 0       ;
;      - riscv_cpu:rvcpu|datapath:dp|reset_ff:pcreg|q[1]~DUPLICATE  ; 1                 ; 0       ;
;      - riscv_cpu:rvcpu|datapath:dp|reset_ff:pcreg|q[11]~DUPLICATE ; 1                 ; 0       ;
;      - riscv_cpu:rvcpu|datapath:dp|reset_ff:pcreg|q[17]~DUPLICATE ; 1                 ; 0       ;
;      - riscv_cpu:rvcpu|datapath:dp|reset_ff:pcreg|q[30]~DUPLICATE ; 1                 ; 0       ;
; Ext_MemWrite                                                      ;                   ;         ;
;      - MemWrite~0                                                 ; 1                 ; 0       ;
;      - WriteData~0                                                ; 1                 ; 0       ;
;      - WriteData~1                                                ; 1                 ; 0       ;
;      - WriteData~2                                                ; 1                 ; 0       ;
;      - WriteData~3                                                ; 1                 ; 0       ;
;      - WriteData~4                                                ; 1                 ; 0       ;
;      - WriteData~5                                                ; 1                 ; 0       ;
;      - WriteData~6                                                ; 1                 ; 0       ;
;      - WriteData~7                                                ; 1                 ; 0       ;
;      - WriteData~8                                                ; 1                 ; 0       ;
;      - WriteData~9                                                ; 1                 ; 0       ;
;      - WriteData~10                                               ; 1                 ; 0       ;
;      - WriteData~11                                               ; 1                 ; 0       ;
;      - WriteData~12                                               ; 1                 ; 0       ;
;      - WriteData~13                                               ; 1                 ; 0       ;
;      - WriteData~14                                               ; 1                 ; 0       ;
;      - WriteData~15                                               ; 1                 ; 0       ;
;      - WriteData~16                                               ; 1                 ; 0       ;
;      - WriteData~17                                               ; 1                 ; 0       ;
;      - WriteData~18                                               ; 1                 ; 0       ;
;      - WriteData~19                                               ; 1                 ; 0       ;
;      - WriteData~20                                               ; 1                 ; 0       ;
;      - WriteData~21                                               ; 1                 ; 0       ;
;      - WriteData~22                                               ; 1                 ; 0       ;
;      - WriteData~23                                               ; 1                 ; 0       ;
;      - WriteData~24                                               ; 1                 ; 0       ;
;      - WriteData~25                                               ; 1                 ; 0       ;
;      - WriteData~26                                               ; 1                 ; 0       ;
;      - WriteData~27                                               ; 1                 ; 0       ;
;      - WriteData~28                                               ; 1                 ; 0       ;
;      - WriteData~29                                               ; 1                 ; 0       ;
;      - WriteData~30                                               ; 1                 ; 0       ;
;      - WriteData~31                                               ; 1                 ; 0       ;
; Ext_WriteData[0]                                                  ;                   ;         ;
;      - WriteData~0                                                ; 1                 ; 0       ;
; Ext_WriteData[1]                                                  ;                   ;         ;
;      - WriteData~1                                                ; 0                 ; 0       ;
; Ext_WriteData[2]                                                  ;                   ;         ;
;      - WriteData~2                                                ; 0                 ; 0       ;
; Ext_WriteData[3]                                                  ;                   ;         ;
;      - WriteData~3                                                ; 1                 ; 0       ;
; Ext_WriteData[4]                                                  ;                   ;         ;
;      - WriteData~4                                                ; 0                 ; 0       ;
; Ext_WriteData[5]                                                  ;                   ;         ;
;      - WriteData~5                                                ; 0                 ; 0       ;
; Ext_WriteData[6]                                                  ;                   ;         ;
;      - WriteData~6                                                ; 0                 ; 0       ;
; Ext_WriteData[7]                                                  ;                   ;         ;
;      - WriteData~7                                                ; 1                 ; 0       ;
; Ext_WriteData[8]                                                  ;                   ;         ;
;      - WriteData~8                                                ; 0                 ; 0       ;
; Ext_WriteData[9]                                                  ;                   ;         ;
;      - WriteData~9                                                ; 1                 ; 0       ;
; Ext_WriteData[10]                                                 ;                   ;         ;
;      - WriteData~10                                               ; 0                 ; 0       ;
; Ext_WriteData[11]                                                 ;                   ;         ;
;      - WriteData~11                                               ; 1                 ; 0       ;
; Ext_WriteData[12]                                                 ;                   ;         ;
;      - WriteData~12                                               ; 0                 ; 0       ;
; Ext_WriteData[13]                                                 ;                   ;         ;
;      - WriteData~13                                               ; 1                 ; 0       ;
; Ext_WriteData[14]                                                 ;                   ;         ;
;      - WriteData~14                                               ; 0                 ; 0       ;
; Ext_WriteData[15]                                                 ;                   ;         ;
;      - WriteData~15                                               ; 0                 ; 0       ;
; Ext_WriteData[16]                                                 ;                   ;         ;
;      - WriteData~16                                               ; 1                 ; 0       ;
; Ext_WriteData[17]                                                 ;                   ;         ;
;      - WriteData~17                                               ; 1                 ; 0       ;
; Ext_WriteData[18]                                                 ;                   ;         ;
;      - WriteData~18                                               ; 0                 ; 0       ;
; Ext_WriteData[19]                                                 ;                   ;         ;
;      - WriteData~19                                               ; 0                 ; 0       ;
; Ext_WriteData[20]                                                 ;                   ;         ;
;      - WriteData~20                                               ; 1                 ; 0       ;
; Ext_WriteData[21]                                                 ;                   ;         ;
;      - WriteData~21                                               ; 1                 ; 0       ;
; Ext_WriteData[22]                                                 ;                   ;         ;
;      - WriteData~22                                               ; 0                 ; 0       ;
; Ext_WriteData[23]                                                 ;                   ;         ;
;      - WriteData~23                                               ; 1                 ; 0       ;
; Ext_WriteData[24]                                                 ;                   ;         ;
;      - WriteData~24                                               ; 0                 ; 0       ;
; Ext_WriteData[25]                                                 ;                   ;         ;
;      - WriteData~25                                               ; 0                 ; 0       ;
; Ext_WriteData[26]                                                 ;                   ;         ;
;      - WriteData~26                                               ; 1                 ; 0       ;
; Ext_WriteData[27]                                                 ;                   ;         ;
;      - WriteData~27                                               ; 0                 ; 0       ;
; Ext_WriteData[28]                                                 ;                   ;         ;
;      - WriteData~28                                               ; 0                 ; 0       ;
; Ext_WriteData[29]                                                 ;                   ;         ;
;      - WriteData~29                                               ; 0                 ; 0       ;
; Ext_WriteData[30]                                                 ;                   ;         ;
;      - WriteData~30                                               ; 0                 ; 0       ;
; Ext_WriteData[31]                                                 ;                   ;         ;
;      - WriteData~31                                               ; 1                 ; 0       ;
; Ext_DataAdr[0]                                                    ;                   ;         ;
;      - DataAdr~0                                                  ; 1                 ; 0       ;
; Ext_DataAdr[1]                                                    ;                   ;         ;
;      - DataAdr~1                                                  ; 1                 ; 0       ;
; Ext_DataAdr[2]                                                    ;                   ;         ;
;      - DataAdr~2                                                  ; 1                 ; 0       ;
; Ext_DataAdr[3]                                                    ;                   ;         ;
;      - DataAdr~32                                                 ; 1                 ; 0       ;
; Ext_DataAdr[4]                                                    ;                   ;         ;
;      - DataAdr~4                                                  ; 1                 ; 0       ;
; Ext_DataAdr[5]                                                    ;                   ;         ;
;      - DataAdr~5                                                  ; 1                 ; 0       ;
; Ext_DataAdr[6]                                                    ;                   ;         ;
;      - DataAdr~6                                                  ; 0                 ; 0       ;
; Ext_DataAdr[7]                                                    ;                   ;         ;
;      - DataAdr~7                                                  ; 0                 ; 0       ;
; Ext_DataAdr[8]                                                    ;                   ;         ;
;      - DataAdr~8                                                  ; 0                 ; 0       ;
; Ext_DataAdr[9]                                                    ;                   ;         ;
;      - DataAdr~9                                                  ; 1                 ; 0       ;
; Ext_DataAdr[10]                                                   ;                   ;         ;
;      - DataAdr~10                                                 ; 0                 ; 0       ;
; Ext_DataAdr[11]                                                   ;                   ;         ;
;      - DataAdr~11                                                 ; 1                 ; 0       ;
; Ext_DataAdr[12]                                                   ;                   ;         ;
;      - DataAdr~12                                                 ; 0                 ; 0       ;
; Ext_DataAdr[13]                                                   ;                   ;         ;
;      - DataAdr~13                                                 ; 0                 ; 0       ;
; Ext_DataAdr[14]                                                   ;                   ;         ;
;      - DataAdr~14                                                 ; 0                 ; 0       ;
; Ext_DataAdr[15]                                                   ;                   ;         ;
;      - DataAdr~15                                                 ; 1                 ; 0       ;
; Ext_DataAdr[16]                                                   ;                   ;         ;
;      - DataAdr~16                                                 ; 1                 ; 0       ;
; Ext_DataAdr[17]                                                   ;                   ;         ;
;      - DataAdr~17                                                 ; 1                 ; 0       ;
; Ext_DataAdr[18]                                                   ;                   ;         ;
;      - DataAdr~18                                                 ; 1                 ; 0       ;
; Ext_DataAdr[19]                                                   ;                   ;         ;
;      - DataAdr~19                                                 ; 0                 ; 0       ;
; Ext_DataAdr[20]                                                   ;                   ;         ;
;      - DataAdr~20                                                 ; 0                 ; 0       ;
; Ext_DataAdr[21]                                                   ;                   ;         ;
;      - DataAdr~21                                                 ; 0                 ; 0       ;
; Ext_DataAdr[22]                                                   ;                   ;         ;
;      - DataAdr~22                                                 ; 1                 ; 0       ;
; Ext_DataAdr[23]                                                   ;                   ;         ;
;      - DataAdr~23                                                 ; 1                 ; 0       ;
; Ext_DataAdr[24]                                                   ;                   ;         ;
;      - DataAdr~24                                                 ; 1                 ; 0       ;
; Ext_DataAdr[25]                                                   ;                   ;         ;
;      - DataAdr~25                                                 ; 1                 ; 0       ;
; Ext_DataAdr[26]                                                   ;                   ;         ;
;      - DataAdr~26                                                 ; 1                 ; 0       ;
; Ext_DataAdr[27]                                                   ;                   ;         ;
;      - DataAdr~27                                                 ; 1                 ; 0       ;
; Ext_DataAdr[28]                                                   ;                   ;         ;
;      - DataAdr~28                                                 ; 0                 ; 0       ;
; Ext_DataAdr[29]                                                   ;                   ;         ;
;      - DataAdr~29                                                 ; 0                 ; 0       ;
; Ext_DataAdr[30]                                                   ;                   ;         ;
;      - DataAdr~30                                                 ; 0                 ; 0       ;
; Ext_DataAdr[31]                                                   ;                   ;         ;
;      - DataAdr~31                                                 ; 1                 ; 0       ;
; clk                                                               ;                   ;         ;
+-------------------------------------------------------------------+-------------------+---------+


+------------------------------------------------------------------------------------------------------------------------------------------------------------------------------------------+
; Control Signals                                                                                                                                                                          ;
+-----------------------------------------------------------+----------------------+---------+--------------+--------+----------------------+------------------+---------------------------+
; Name                                                      ; Location             ; Fan-Out ; Usage        ; Global ; Global Resource Used ; Global Line Name ; Enable Signal Source Name ;
+-----------------------------------------------------------+----------------------+---------+--------------+--------+----------------------+------------------+---------------------------+
; clk                                                       ; PIN_P11              ; 3117    ; Clock        ; yes    ; Global Clock         ; GCLK6            ; --                        ;
; data_mem:datamem|data_ram~2721                            ; MLABCELL_X65_Y55_N6  ; 32      ; Clock enable ; no     ; --                   ; --               ; --                        ;
; data_mem:datamem|data_ram~2723                            ; LABCELL_X66_Y55_N0   ; 32      ; Clock enable ; no     ; --                   ; --               ; --                        ;
; data_mem:datamem|data_ram~2725                            ; LABCELL_X71_Y57_N39  ; 32      ; Clock enable ; no     ; --                   ; --               ; --                        ;
; data_mem:datamem|data_ram~2727                            ; MLABCELL_X65_Y57_N48 ; 32      ; Clock enable ; no     ; --                   ; --               ; --                        ;
; data_mem:datamem|data_ram~2729                            ; LABCELL_X66_Y59_N3   ; 32      ; Clock enable ; no     ; --                   ; --               ; --                        ;
; data_mem:datamem|data_ram~2731                            ; LABCELL_X67_Y59_N36  ; 32      ; Clock enable ; no     ; --                   ; --               ; --                        ;
; data_mem:datamem|data_ram~2733                            ; MLABCELL_X65_Y57_N51 ; 32      ; Clock enable ; no     ; --                   ; --               ; --                        ;
; data_mem:datamem|data_ram~2735                            ; LABCELL_X61_Y57_N21  ; 32      ; Clock enable ; no     ; --                   ; --               ; --                        ;
; data_mem:datamem|data_ram~2737                            ; LABCELL_X68_Y61_N21  ; 32      ; Clock enable ; no     ; --                   ; --               ; --                        ;
; data_mem:datamem|data_ram~2739                            ; LABCELL_X67_Y57_N18  ; 32      ; Clock enable ; no     ; --                   ; --               ; --                        ;
; data_mem:datamem|data_ram~2741                            ; LABCELL_X66_Y61_N21  ; 32      ; Clock enable ; no     ; --                   ; --               ; --                        ;
; data_mem:datamem|data_ram~2743                            ; LABCELL_X60_Y53_N15  ; 32      ; Clock enable ; no     ; --                   ; --               ; --                        ;
; data_mem:datamem|data_ram~2745                            ; LABCELL_X64_Y54_N12  ; 32      ; Clock enable ; no     ; --                   ; --               ; --                        ;
; data_mem:datamem|data_ram~2747                            ; LABCELL_X63_Y53_N12  ; 32      ; Clock enable ; no     ; --                   ; --               ; --                        ;
; data_mem:datamem|data_ram~2749                            ; LABCELL_X68_Y58_N0   ; 32      ; Clock enable ; no     ; --                   ; --               ; --                        ;
; data_mem:datamem|data_ram~2751                            ; LABCELL_X68_Y55_N3   ; 32      ; Clock enable ; no     ; --                   ; --               ; --                        ;
; data_mem:datamem|data_ram~2753                            ; LABCELL_X66_Y57_N24  ; 32      ; Clock enable ; no     ; --                   ; --               ; --                        ;
; data_mem:datamem|data_ram~2755                            ; LABCELL_X64_Y55_N0   ; 32      ; Clock enable ; no     ; --                   ; --               ; --                        ;
; data_mem:datamem|data_ram~2757                            ; MLABCELL_X65_Y58_N6  ; 32      ; Clock enable ; no     ; --                   ; --               ; --                        ;
; data_mem:datamem|data_ram~2759                            ; LABCELL_X60_Y53_N12  ; 32      ; Clock enable ; no     ; --                   ; --               ; --                        ;
; data_mem:datamem|data_ram~2761                            ; LABCELL_X62_Y54_N36  ; 32      ; Clock enable ; no     ; --                   ; --               ; --                        ;
; data_mem:datamem|data_ram~2763                            ; LABCELL_X63_Y55_N42  ; 32      ; Clock enable ; no     ; --                   ; --               ; --                        ;
; data_mem:datamem|data_ram~2765                            ; LABCELL_X63_Y60_N57  ; 32      ; Clock enable ; no     ; --                   ; --               ; --                        ;
; data_mem:datamem|data_ram~2767                            ; MLABCELL_X59_Y55_N30 ; 32      ; Clock enable ; no     ; --                   ; --               ; --                        ;
; data_mem:datamem|data_ram~2769                            ; LABCELL_X68_Y59_N9   ; 32      ; Clock enable ; no     ; --                   ; --               ; --                        ;
; data_mem:datamem|data_ram~2771                            ; LABCELL_X64_Y55_N3   ; 32      ; Clock enable ; no     ; --                   ; --               ; --                        ;
; data_mem:datamem|data_ram~2773                            ; MLABCELL_X72_Y52_N21 ; 32      ; Clock enable ; no     ; --                   ; --               ; --                        ;
; data_mem:datamem|data_ram~2775                            ; LABCELL_X64_Y56_N33  ; 32      ; Clock enable ; no     ; --                   ; --               ; --                        ;
; data_mem:datamem|data_ram~2777                            ; LABCELL_X64_Y54_N39  ; 32      ; Clock enable ; no     ; --                   ; --               ; --                        ;
; data_mem:datamem|data_ram~2779                            ; MLABCELL_X65_Y54_N45 ; 32      ; Clock enable ; no     ; --                   ; --               ; --                        ;
; data_mem:datamem|data_ram~2781                            ; MLABCELL_X65_Y55_N9  ; 32      ; Clock enable ; no     ; --                   ; --               ; --                        ;
; data_mem:datamem|data_ram~2783                            ; MLABCELL_X65_Y56_N6  ; 32      ; Clock enable ; no     ; --                   ; --               ; --                        ;
; data_mem:datamem|data_ram~2785                            ; MLABCELL_X72_Y56_N33 ; 32      ; Clock enable ; no     ; --                   ; --               ; --                        ;
; data_mem:datamem|data_ram~2787                            ; LABCELL_X62_Y53_N24  ; 32      ; Clock enable ; no     ; --                   ; --               ; --                        ;
; data_mem:datamem|data_ram~2789                            ; LABCELL_X60_Y61_N33  ; 32      ; Clock enable ; no     ; --                   ; --               ; --                        ;
; data_mem:datamem|data_ram~2791                            ; LABCELL_X70_Y57_N3   ; 32      ; Clock enable ; no     ; --                   ; --               ; --                        ;
; data_mem:datamem|data_ram~2793                            ; LABCELL_X64_Y57_N18  ; 32      ; Clock enable ; no     ; --                   ; --               ; --                        ;
; data_mem:datamem|data_ram~2795                            ; LABCELL_X63_Y57_N9   ; 32      ; Clock enable ; no     ; --                   ; --               ; --                        ;
; data_mem:datamem|data_ram~2797                            ; LABCELL_X67_Y56_N39  ; 32      ; Clock enable ; no     ; --                   ; --               ; --                        ;
; data_mem:datamem|data_ram~2799                            ; MLABCELL_X65_Y54_N42 ; 32      ; Clock enable ; no     ; --                   ; --               ; --                        ;
; data_mem:datamem|data_ram~2801                            ; MLABCELL_X65_Y61_N21 ; 32      ; Clock enable ; no     ; --                   ; --               ; --                        ;
; data_mem:datamem|data_ram~2803                            ; LABCELL_X63_Y61_N57  ; 32      ; Clock enable ; no     ; --                   ; --               ; --                        ;
; data_mem:datamem|data_ram~2805                            ; MLABCELL_X65_Y56_N39 ; 32      ; Clock enable ; no     ; --                   ; --               ; --                        ;
; data_mem:datamem|data_ram~2807                            ; MLABCELL_X65_Y53_N30 ; 32      ; Clock enable ; no     ; --                   ; --               ; --                        ;
; data_mem:datamem|data_ram~2809                            ; LABCELL_X60_Y55_N27  ; 32      ; Clock enable ; no     ; --                   ; --               ; --                        ;
; data_mem:datamem|data_ram~2811                            ; MLABCELL_X65_Y56_N3  ; 32      ; Clock enable ; no     ; --                   ; --               ; --                        ;
; data_mem:datamem|data_ram~2813                            ; MLABCELL_X59_Y54_N30 ; 32      ; Clock enable ; no     ; --                   ; --               ; --                        ;
; data_mem:datamem|data_ram~2815                            ; LABCELL_X66_Y53_N36  ; 32      ; Clock enable ; no     ; --                   ; --               ; --                        ;
; data_mem:datamem|data_ram~2817                            ; LABCELL_X53_Y53_N0   ; 32      ; Clock enable ; no     ; --                   ; --               ; --                        ;
; data_mem:datamem|data_ram~2819                            ; LABCELL_X64_Y52_N24  ; 32      ; Clock enable ; no     ; --                   ; --               ; --                        ;
; data_mem:datamem|data_ram~2821                            ; LABCELL_X66_Y54_N3   ; 32      ; Clock enable ; no     ; --                   ; --               ; --                        ;
; data_mem:datamem|data_ram~2823                            ; MLABCELL_X59_Y53_N24 ; 32      ; Clock enable ; no     ; --                   ; --               ; --                        ;
; data_mem:datamem|data_ram~2825                            ; LABCELL_X57_Y54_N21  ; 32      ; Clock enable ; no     ; --                   ; --               ; --                        ;
; data_mem:datamem|data_ram~2827                            ; LABCELL_X68_Y56_N36  ; 32      ; Clock enable ; no     ; --                   ; --               ; --                        ;
; data_mem:datamem|data_ram~2829                            ; LABCELL_X66_Y56_N18  ; 32      ; Clock enable ; no     ; --                   ; --               ; --                        ;
; data_mem:datamem|data_ram~2831                            ; MLABCELL_X65_Y56_N36 ; 32      ; Clock enable ; no     ; --                   ; --               ; --                        ;
; data_mem:datamem|data_ram~2833                            ; LABCELL_X67_Y55_N21  ; 32      ; Clock enable ; no     ; --                   ; --               ; --                        ;
; data_mem:datamem|data_ram~2835                            ; LABCELL_X67_Y61_N21  ; 32      ; Clock enable ; no     ; --                   ; --               ; --                        ;
; data_mem:datamem|data_ram~2837                            ; MLABCELL_X65_Y52_N6  ; 32      ; Clock enable ; no     ; --                   ; --               ; --                        ;
; data_mem:datamem|data_ram~2839                            ; LABCELL_X66_Y53_N51  ; 32      ; Clock enable ; no     ; --                   ; --               ; --                        ;
; data_mem:datamem|data_ram~2841                            ; MLABCELL_X65_Y53_N15 ; 32      ; Clock enable ; no     ; --                   ; --               ; --                        ;
; data_mem:datamem|data_ram~2843                            ; LABCELL_X64_Y56_N18  ; 32      ; Clock enable ; no     ; --                   ; --               ; --                        ;
; data_mem:datamem|data_ram~2845                            ; LABCELL_X63_Y56_N36  ; 32      ; Clock enable ; no     ; --                   ; --               ; --                        ;
; data_mem:datamem|data_ram~2847                            ; LABCELL_X66_Y53_N15  ; 32      ; Clock enable ; no     ; --                   ; --               ; --                        ;
; reset                                                     ; PIN_T21              ; 111     ; Async. clear ; no     ; --                   ; --               ; --                        ;
; riscv_cpu:rvcpu|datapath:dp|reg_file:rf|reg_file_arr~3134 ; LABCELL_X71_Y41_N33  ; 32      ; Clock enable ; no     ; --                   ; --               ; --                        ;
; riscv_cpu:rvcpu|datapath:dp|reg_file:rf|reg_file_arr~3136 ; LABCELL_X71_Y41_N15  ; 32      ; Clock enable ; no     ; --                   ; --               ; --                        ;
; riscv_cpu:rvcpu|datapath:dp|reg_file:rf|reg_file_arr~3138 ; LABCELL_X71_Y41_N12  ; 32      ; Clock enable ; no     ; --                   ; --               ; --                        ;
; riscv_cpu:rvcpu|datapath:dp|reg_file:rf|reg_file_arr~3140 ; LABCELL_X71_Y41_N39  ; 32      ; Clock enable ; no     ; --                   ; --               ; --                        ;
; riscv_cpu:rvcpu|datapath:dp|reg_file:rf|reg_file_arr~3142 ; LABCELL_X68_Y42_N57  ; 32      ; Clock enable ; no     ; --                   ; --               ; --                        ;
; riscv_cpu:rvcpu|datapath:dp|reg_file:rf|reg_file_arr~3144 ; LABCELL_X68_Y41_N42  ; 32      ; Clock enable ; no     ; --                   ; --               ; --                        ;
; riscv_cpu:rvcpu|datapath:dp|reg_file:rf|reg_file_arr~3146 ; LABCELL_X70_Y40_N12  ; 32      ; Clock enable ; no     ; --                   ; --               ; --                        ;
; riscv_cpu:rvcpu|datapath:dp|reg_file:rf|reg_file_arr~3148 ; LABCELL_X70_Y41_N48  ; 32      ; Clock enable ; no     ; --                   ; --               ; --                        ;
; riscv_cpu:rvcpu|datapath:dp|reg_file:rf|reg_file_arr~3149 ; LABCELL_X71_Y41_N30  ; 32      ; Clock enable ; no     ; --                   ; --               ; --                        ;
; riscv_cpu:rvcpu|datapath:dp|reg_file:rf|reg_file_arr~3151 ; LABCELL_X71_Y41_N48  ; 32      ; Clock enable ; no     ; --                   ; --               ; --                        ;
; riscv_cpu:rvcpu|datapath:dp|reg_file:rf|reg_file_arr~3152 ; LABCELL_X71_Y41_N45  ; 32      ; Clock enable ; no     ; --                   ; --               ; --                        ;
; riscv_cpu:rvcpu|datapath:dp|reg_file:rf|reg_file_arr~3153 ; LABCELL_X71_Y41_N6   ; 32      ; Clock enable ; no     ; --                   ; --               ; --                        ;
; riscv_cpu:rvcpu|datapath:dp|reg_file:rf|reg_file_arr~3154 ; LABCELL_X71_Y42_N30  ; 32      ; Clock enable ; no     ; --                   ; --               ; --                        ;
; riscv_cpu:rvcpu|datapath:dp|reg_file:rf|reg_file_arr~3155 ; LABCELL_X71_Y42_N3   ; 32      ; Clock enable ; no     ; --                   ; --               ; --                        ;
; riscv_cpu:rvcpu|datapath:dp|reg_file:rf|reg_file_arr~3156 ; LABCELL_X70_Y41_N42  ; 32      ; Clock enable ; no     ; --                   ; --               ; --                        ;
; riscv_cpu:rvcpu|datapath:dp|reg_file:rf|reg_file_arr~3157 ; LABCELL_X70_Y41_N33  ; 32      ; Clock enable ; no     ; --                   ; --               ; --                        ;
; riscv_cpu:rvcpu|datapath:dp|reg_file:rf|reg_file_arr~3160 ; MLABCELL_X72_Y42_N39 ; 32      ; Clock enable ; no     ; --                   ; --               ; --                        ;
; riscv_cpu:rvcpu|datapath:dp|reg_file:rf|reg_file_arr~3161 ; LABCELL_X71_Y42_N0   ; 32      ; Clock enable ; no     ; --                   ; --               ; --                        ;
; riscv_cpu:rvcpu|datapath:dp|reg_file:rf|reg_file_arr~3162 ; MLABCELL_X72_Y42_N33 ; 32      ; Clock enable ; no     ; --                   ; --               ; --                        ;
; riscv_cpu:rvcpu|datapath:dp|reg_file:rf|reg_file_arr~3163 ; LABCELL_X71_Y42_N45  ; 32      ; Clock enable ; no     ; --                   ; --               ; --                        ;
; riscv_cpu:rvcpu|datapath:dp|reg_file:rf|reg_file_arr~3165 ; LABCELL_X68_Y42_N0   ; 32      ; Clock enable ; no     ; --                   ; --               ; --                        ;
; riscv_cpu:rvcpu|datapath:dp|reg_file:rf|reg_file_arr~3166 ; LABCELL_X68_Y42_N54  ; 32      ; Clock enable ; no     ; --                   ; --               ; --                        ;
; riscv_cpu:rvcpu|datapath:dp|reg_file:rf|reg_file_arr~3167 ; LABCELL_X71_Y42_N36  ; 32      ; Clock enable ; no     ; --                   ; --               ; --                        ;
; riscv_cpu:rvcpu|datapath:dp|reg_file:rf|reg_file_arr~3168 ; LABCELL_X71_Y42_N39  ; 32      ; Clock enable ; no     ; --                   ; --               ; --                        ;
; riscv_cpu:rvcpu|datapath:dp|reg_file:rf|reg_file_arr~3169 ; MLABCELL_X72_Y42_N12 ; 32      ; Clock enable ; no     ; --                   ; --               ; --                        ;
; riscv_cpu:rvcpu|datapath:dp|reg_file:rf|reg_file_arr~3170 ; LABCELL_X71_Y41_N57  ; 32      ; Clock enable ; no     ; --                   ; --               ; --                        ;
; riscv_cpu:rvcpu|datapath:dp|reg_file:rf|reg_file_arr~3171 ; MLABCELL_X72_Y42_N9  ; 32      ; Clock enable ; no     ; --                   ; --               ; --                        ;
; riscv_cpu:rvcpu|datapath:dp|reg_file:rf|reg_file_arr~3172 ; LABCELL_X71_Y41_N42  ; 32      ; Clock enable ; no     ; --                   ; --               ; --                        ;
; riscv_cpu:rvcpu|datapath:dp|reg_file:rf|reg_file_arr~3174 ; LABCELL_X71_Y42_N48  ; 32      ; Clock enable ; no     ; --                   ; --               ; --                        ;
; riscv_cpu:rvcpu|datapath:dp|reg_file:rf|reg_file_arr~3175 ; LABCELL_X71_Y42_N51  ; 32      ; Clock enable ; no     ; --                   ; --               ; --                        ;
; riscv_cpu:rvcpu|datapath:dp|reg_file:rf|reg_file_arr~3176 ; LABCELL_X71_Y42_N15  ; 32      ; Clock enable ; no     ; --                   ; --               ; --                        ;
; riscv_cpu:rvcpu|datapath:dp|reg_file:rf|reg_file_arr~3177 ; LABCELL_X71_Y42_N42  ; 32      ; Clock enable ; no     ; --                   ; --               ; --                        ;
; riscv_cpu:rvcpu|datapath:dp|reset_ff:pcreg|q[1]~0         ; LABCELL_X62_Y51_N24  ; 3       ; Clock enable ; no     ; --                   ; --               ; --                        ;
+-----------------------------------------------------------+----------------------+---------+--------------+--------+----------------------+------------------+---------------------------+


+-------------------------------------------------------------------------------------------------+
; Global & Other Fast Signals                                                                     ;
+------+----------+---------+----------------------+------------------+---------------------------+
; Name ; Location ; Fan-Out ; Global Resource Used ; Global Line Name ; Enable Signal Source Name ;
+------+----------+---------+----------------------+------------------+---------------------------+
; clk  ; PIN_P11  ; 3117    ; Global Clock         ; GCLK6            ; --                        ;
+------+----------+---------+----------------------+------------------+---------------------------+


+-------------------------------------------------+
; Fitter DSP Block Usage Summary                  ;
+-----------------------------------+-------------+
; Statistic                         ; Number Used ;
+-----------------------------------+-------------+
; Two Independent 18x18             ; 1           ;
; Sum of two 18x18                  ; 1           ;
; Total number of DSP blocks        ; 2           ;
;                                   ;             ;
; Fixed Point Unsigned Multiplier   ; 1           ;
; Fixed Point Mixed Sign Multiplier ; 2           ;
+-----------------------------------+-------------+


+-------------------------------------------------------------------------------------------------------------------------------------------------------------------------------------------------------------------------------------------------------------------------------------------------------------------------------------------------------------------------------------------------------------------------------------------+
; DSP Block Details                                                                                                                                                                                                                                                                                                                                                                                                                         ;
+-----------------------------------------------+-----------------------+----------------+---------------------+------------------------+------------------------+------------------------+------------------------+------------------------+------------------------+-----------------+--------------------------------+---------------------+-------------------------------+------------------------------+------------------------------+
; Name                                          ; Mode                  ; Location       ; Sign Representation ; Data AX Input Register ; Data AY Input Register ; Data AZ Input Register ; Data BX Input Register ; Data BY Input Register ; Data BZ Input Register ; Output Register ; Dedicated Shift Register Chain ; Dedicated Pre-Adder ; Dedicated Coefficient Storage ; Dedicated Output Adder Chain ; Dedicated Output Accumulator ;
+-----------------------------------------------+-----------------------+----------------+---------------------+------------------------+------------------------+------------------------+------------------------+------------------------+------------------------+-----------------+--------------------------------+---------------------+-------------------------------+------------------------------+------------------------------+
; riscv_cpu:rvcpu|datapath:dp|alu:alu|Mult0~8   ; Two Independent 18x18 ; DSP_X54_Y47_N0 ; Unsigned            ; no                     ; no                     ; --                     ; --                     ; --                     ; --                     ; no              ; no                             ; no                  ; no                            ; no                           ; no                           ;
; riscv_cpu:rvcpu|datapath:dp|alu:alu|Mult0~405 ; Sum of two 18x18      ; DSP_X54_Y49_N0 ; Mixed               ; no                     ; no                     ; --                     ; no                     ; no                     ; --                     ; no              ; no                             ; no                  ; no                            ; no                           ; no                           ;
+-----------------------------------------------+-----------------------+----------------+---------------------+------------------------+------------------------+------------------------+------------------------+------------------------+------------------------+-----------------+--------------------------------+---------------------+-------------------------------+------------------------------+------------------------------+


+----------------------------------------------------------+
; Routing Usage Summary                                    ;
+------------------------------+---------------------------+
; Routing Resource Type        ; Usage                     ;
+------------------------------+---------------------------+
; Block interconnects          ; 19,723 / 374,484 ( 5 % )  ;
; C12 interconnects            ; 861 / 16,664 ( 5 % )      ;
; C2 interconnects             ; 8,100 / 155,012 ( 5 % )   ;
; C4 interconnects             ; 4,450 / 72,600 ( 6 % )    ;
; DQS bus muxes                ; 0 / 30 ( 0 % )            ;
; DQS-18 I/O buses             ; 0 / 30 ( 0 % )            ;
; DQS-9 I/O buses              ; 0 / 30 ( 0 % )            ;
; Direct links                 ; 1,334 / 374,484 ( < 1 % ) ;
; Global clocks                ; 1 / 16 ( 6 % )            ;
; Horizontal periphery clocks  ; 0 / 72 ( 0 % )            ;
; Local interconnects          ; 2,701 / 112,960 ( 2 % )   ;
; Quadrant clocks              ; 0 / 88 ( 0 % )            ;
; R14 interconnects            ; 1,066 / 15,868 ( 7 % )    ;
; R14/C12 interconnect drivers ; 1,671 / 27,256 ( 6 % )    ;
; R3 interconnects             ; 9,709 / 169,296 ( 6 % )   ;
; R6 interconnects             ; 14,411 / 330,800 ( 4 % )  ;
; Spine clocks                 ; 4 / 480 ( < 1 % )         ;
; Wire stub REs                ; 0 / 20,834 ( 0 % )        ;
+------------------------------+---------------------------+


+------------------------------------------+
; I/O Rules Summary                        ;
+----------------------------------+-------+
; I/O Rules Statistic              ; Total ;
+----------------------------------+-------+
; Total I/O Rules                  ; 28    ;
; Number of I/O Rules Passed       ; 6     ;
; Number of I/O Rules Failed       ; 0     ;
; Number of I/O Rules Unchecked    ; 0     ;
; Number of I/O Rules Inapplicable ; 22    ;
+----------------------------------+-------+


+-----------------------------------------------------------------------------------------------------------------------------------------------------------------------------------------------------------------------------------------------------------------------------------+
; I/O Rules Details                                                                                                                                                                                                                                                                 ;
+--------------+-----------+-----------------------------------+------------------------------------------------------------------------------------+----------+--------------------------------------------------------------------------+---------------------+-------------------+
; Status       ; ID        ; Category                          ; Rule Description                                                                   ; Severity ; Information                                                              ; Area                ; Extra Information ;
+--------------+-----------+-----------------------------------+------------------------------------------------------------------------------------+----------+--------------------------------------------------------------------------+---------------------+-------------------+
; Inapplicable ; IO_000002 ; Capacity Checks                   ; Number of clocks in an I/O bank should not exceed the number of clocks available.  ; Critical ; No Global Signal assignments found.                                      ; I/O                 ;                   ;
; Inapplicable ; IO_000001 ; Capacity Checks                   ; Number of pins in an I/O bank should not exceed the number of locations available. ; Critical ; No Location assignments found.                                           ; I/O                 ;                   ;
; Inapplicable ; IO_000003 ; Capacity Checks                   ; Number of pins in a Vrefgroup should not exceed the number of locations available. ; Critical ; No Location assignments found.                                           ; I/O                 ;                   ;
; Inapplicable ; IO_000004 ; Voltage Compatibility Checks      ; The I/O bank should support the requested VCCIO.                                   ; Critical ; No IOBANK_VCCIO assignments found.                                       ; I/O                 ;                   ;
; Inapplicable ; IO_000005 ; Voltage Compatibility Checks      ; The I/O bank should not have competing VREF values.                                ; Critical ; No VREF I/O Standard assignments found.                                  ; I/O                 ;                   ;
; Pass         ; IO_000006 ; Voltage Compatibility Checks      ; The I/O bank should not have competing VCCIO values.                               ; Critical ; 0 such failures found.                                                   ; I/O                 ;                   ;
; Inapplicable ; IO_000007 ; Valid Location Checks             ; Checks for unavailable locations.                                                  ; Critical ; No Location assignments found.                                           ; I/O                 ;                   ;
; Inapplicable ; IO_000008 ; Valid Location Checks             ; Checks for reserved locations.                                                     ; Critical ; No reserved LogicLock region found.                                      ; I/O                 ;                   ;
; Inapplicable ; IO_000047 ; I/O Properties Checks for One I/O ; On Chip Termination and Slew Rate should not be used at the same time.             ; Critical ; No Slew Rate assignments found.                                          ; I/O                 ;                   ;
; Inapplicable ; IO_000046 ; I/O Properties Checks for One I/O ; The location should support the requested Slew Rate value.                         ; Critical ; No Slew Rate assignments found.                                          ; I/O                 ;                   ;
; Inapplicable ; IO_000045 ; I/O Properties Checks for One I/O ; The I/O standard should support the requested Slew Rate value.                     ; Critical ; No Slew Rate assignments found.                                          ; I/O                 ;                   ;
; Inapplicable ; IO_000027 ; I/O Properties Checks for One I/O ; Weak Pull Up and Bus Hold should not be used at the same time.                     ; Critical ; No Enable Bus-Hold Circuitry or Weak Pull-Up Resistor assignments found. ; I/O                 ;                   ;
; Inapplicable ; IO_000026 ; I/O Properties Checks for One I/O ; On Chip Termination and Current Strength should not be used at the same time.      ; Critical ; No Current Strength assignments found.                                   ; I/O                 ;                   ;
; Pass         ; IO_000024 ; I/O Properties Checks for One I/O ; The I/O direction should support the On Chip Termination value.                    ; Critical ; 0 such failures found.                                                   ; I/O                 ;                   ;
; Inapplicable ; IO_000023 ; I/O Properties Checks for One I/O ; The I/O standard should support the Open Drain value.                              ; Critical ; No open drain assignments found.                                         ; I/O                 ;                   ;
; Inapplicable ; IO_000022 ; I/O Properties Checks for One I/O ; The I/O standard should support the requested Bus Hold value.                      ; Critical ; No Enable Bus-Hold Circuitry assignments found.                          ; I/O                 ;                   ;
; Inapplicable ; IO_000021 ; I/O Properties Checks for One I/O ; The I/O standard should support the requested Weak Pull Up value.                  ; Critical ; No Weak Pull-Up Resistor assignments found.                              ; I/O                 ;                   ;
; Inapplicable ; IO_000020 ; I/O Properties Checks for One I/O ; The I/O standard should support the requested PCI Clamp Diode.                     ; Critical ; No Clamping Diode assignments found.                                     ; I/O                 ;                   ;
; Pass         ; IO_000019 ; I/O Properties Checks for One I/O ; The I/O standard should support the requested On Chip Termination value.           ; Critical ; 0 such failures found.                                                   ; I/O                 ;                   ;
; Inapplicable ; IO_000018 ; I/O Properties Checks for One I/O ; The I/O standard should support the requested Current Strength.                    ; Critical ; No Current Strength assignments found.                                   ; I/O                 ;                   ;
; Inapplicable ; IO_000015 ; I/O Properties Checks for One I/O ; The location should support the requested PCI Clamp Diode.                         ; Critical ; No Clamping Diode assignments found.                                     ; I/O                 ;                   ;
; Inapplicable ; IO_000014 ; I/O Properties Checks for One I/O ; The location should support the requested Weak Pull Up value.                      ; Critical ; No Weak Pull-Up Resistor assignments found.                              ; I/O                 ;                   ;
; Inapplicable ; IO_000013 ; I/O Properties Checks for One I/O ; The location should support the requested Bus Hold value.                          ; Critical ; No Enable Bus-Hold Circuitry assignments found.                          ; I/O                 ;                   ;
; Pass         ; IO_000012 ; I/O Properties Checks for One I/O ; The location should support the requested On Chip Termination value.               ; Critical ; 0 such failures found.                                                   ; I/O                 ;                   ;
; Inapplicable ; IO_000011 ; I/O Properties Checks for One I/O ; The location should support the requested Current Strength.                        ; Critical ; No Current Strength assignments found.                                   ; I/O                 ;                   ;
; Pass         ; IO_000010 ; I/O Properties Checks for One I/O ; The location should support the requested I/O direction.                           ; Critical ; 0 such failures found.                                                   ; I/O                 ;                   ;
; Pass         ; IO_000009 ; I/O Properties Checks for One I/O ; The location should support the requested I/O standard.                            ; Critical ; 0 such failures found.                                                   ; I/O                 ;                   ;
; Inapplicable ; IO_000034 ; SI Related Distance Checks        ; Single-ended outputs should be 0 LAB row(s) away from a differential I/O.          ; High     ; No Differential I/O Standard assignments found.                          ; I/O                 ;                   ;
; ----         ; ----      ; Disclaimer                        ; OCT rules are checked but not reported.                                            ; None     ; ----                                                                     ; On Chip Termination ;                   ;
+--------------+-----------+-----------------------------------+------------------------------------------------------------------------------------+----------+--------------------------------------------------------------------------+---------------------+-------------------+


+-----------------------------------------------------------------------------------------------------------------------------------------------------------------------------------------------------------------------------------------------------------------------------------------------------------------------------------------------------------------------------------------------------------------------------------------------+
; I/O Rules Matrix                                                                                                                                                                                                                                                                                                                                                                                                                              ;
+--------------------+--------------+--------------+--------------+--------------+--------------+-----------+--------------+--------------+--------------+--------------+--------------+--------------+--------------+--------------+--------------+--------------+--------------+--------------+--------------+--------------+--------------+--------------+--------------+--------------+--------------+-----------+-----------+--------------+
; Pin/Rules          ; IO_000002    ; IO_000001    ; IO_000003    ; IO_000004    ; IO_000005    ; IO_000006 ; IO_000007    ; IO_000008    ; IO_000047    ; IO_000046    ; IO_000045    ; IO_000027    ; IO_000026    ; IO_000024    ; IO_000023    ; IO_000022    ; IO_000021    ; IO_000020    ; IO_000019    ; IO_000018    ; IO_000015    ; IO_000014    ; IO_000013    ; IO_000012    ; IO_000011    ; IO_000010 ; IO_000009 ; IO_000034    ;
+--------------------+--------------+--------------+--------------+--------------+--------------+-----------+--------------+--------------+--------------+--------------+--------------+--------------+--------------+--------------+--------------+--------------+--------------+--------------+--------------+--------------+--------------+--------------+--------------+--------------+--------------+-----------+-----------+--------------+
; Total Pass         ; 0            ; 0            ; 0            ; 0            ; 0            ; 228       ; 0            ; 0            ; 0            ; 0            ; 0            ; 0            ; 0            ; 161          ; 0            ; 0            ; 0            ; 0            ; 161          ; 0            ; 0            ; 0            ; 0            ; 161          ; 0            ; 228       ; 228       ; 0            ;
; Total Unchecked    ; 0            ; 0            ; 0            ; 0            ; 0            ; 0         ; 0            ; 0            ; 0            ; 0            ; 0            ; 0            ; 0            ; 0            ; 0            ; 0            ; 0            ; 0            ; 0            ; 0            ; 0            ; 0            ; 0            ; 0            ; 0            ; 0         ; 0         ; 0            ;
; Total Inapplicable ; 228          ; 228          ; 228          ; 228          ; 228          ; 0         ; 228          ; 228          ; 228          ; 228          ; 228          ; 228          ; 228          ; 67           ; 228          ; 228          ; 228          ; 228          ; 67           ; 228          ; 228          ; 228          ; 228          ; 67           ; 228          ; 0         ; 0         ; 228          ;
; Total Fail         ; 0            ; 0            ; 0            ; 0            ; 0            ; 0         ; 0            ; 0            ; 0            ; 0            ; 0            ; 0            ; 0            ; 0            ; 0            ; 0            ; 0            ; 0            ; 0            ; 0            ; 0            ; 0            ; 0            ; 0            ; 0            ; 0         ; 0         ; 0            ;
; MemWrite           ; Inapplicable ; Inapplicable ; Inapplicable ; Inapplicable ; Inapplicable ; Pass      ; Inapplicable ; Inapplicable ; Inapplicable ; Inapplicable ; Inapplicable ; Inapplicable ; Inapplicable ; Pass         ; Inapplicable ; Inapplicable ; Inapplicable ; Inapplicable ; Pass         ; Inapplicable ; Inapplicable ; Inapplicable ; Inapplicable ; Pass         ; Inapplicable ; Pass      ; Pass      ; Inapplicable ;
; WriteData[0]       ; Inapplicable ; Inapplicable ; Inapplicable ; Inapplicable ; Inapplicable ; Pass      ; Inapplicable ; Inapplicable ; Inapplicable ; Inapplicable ; Inapplicable ; Inapplicable ; Inapplicable ; Pass         ; Inapplicable ; Inapplicable ; Inapplicable ; Inapplicable ; Pass         ; Inapplicable ; Inapplicable ; Inapplicable ; Inapplicable ; Pass         ; Inapplicable ; Pass      ; Pass      ; Inapplicable ;
; WriteData[1]       ; Inapplicable ; Inapplicable ; Inapplicable ; Inapplicable ; Inapplicable ; Pass      ; Inapplicable ; Inapplicable ; Inapplicable ; Inapplicable ; Inapplicable ; Inapplicable ; Inapplicable ; Pass         ; Inapplicable ; Inapplicable ; Inapplicable ; Inapplicable ; Pass         ; Inapplicable ; Inapplicable ; Inapplicable ; Inapplicable ; Pass         ; Inapplicable ; Pass      ; Pass      ; Inapplicable ;
; WriteData[2]       ; Inapplicable ; Inapplicable ; Inapplicable ; Inapplicable ; Inapplicable ; Pass      ; Inapplicable ; Inapplicable ; Inapplicable ; Inapplicable ; Inapplicable ; Inapplicable ; Inapplicable ; Pass         ; Inapplicable ; Inapplicable ; Inapplicable ; Inapplicable ; Pass         ; Inapplicable ; Inapplicable ; Inapplicable ; Inapplicable ; Pass         ; Inapplicable ; Pass      ; Pass      ; Inapplicable ;
; WriteData[3]       ; Inapplicable ; Inapplicable ; Inapplicable ; Inapplicable ; Inapplicable ; Pass      ; Inapplicable ; Inapplicable ; Inapplicable ; Inapplicable ; Inapplicable ; Inapplicable ; Inapplicable ; Pass         ; Inapplicable ; Inapplicable ; Inapplicable ; Inapplicable ; Pass         ; Inapplicable ; Inapplicable ; Inapplicable ; Inapplicable ; Pass         ; Inapplicable ; Pass      ; Pass      ; Inapplicable ;
; WriteData[4]       ; Inapplicable ; Inapplicable ; Inapplicable ; Inapplicable ; Inapplicable ; Pass      ; Inapplicable ; Inapplicable ; Inapplicable ; Inapplicable ; Inapplicable ; Inapplicable ; Inapplicable ; Pass         ; Inapplicable ; Inapplicable ; Inapplicable ; Inapplicable ; Pass         ; Inapplicable ; Inapplicable ; Inapplicable ; Inapplicable ; Pass         ; Inapplicable ; Pass      ; Pass      ; Inapplicable ;
; WriteData[5]       ; Inapplicable ; Inapplicable ; Inapplicable ; Inapplicable ; Inapplicable ; Pass      ; Inapplicable ; Inapplicable ; Inapplicable ; Inapplicable ; Inapplicable ; Inapplicable ; Inapplicable ; Pass         ; Inapplicable ; Inapplicable ; Inapplicable ; Inapplicable ; Pass         ; Inapplicable ; Inapplicable ; Inapplicable ; Inapplicable ; Pass         ; Inapplicable ; Pass      ; Pass      ; Inapplicable ;
; WriteData[6]       ; Inapplicable ; Inapplicable ; Inapplicable ; Inapplicable ; Inapplicable ; Pass      ; Inapplicable ; Inapplicable ; Inapplicable ; Inapplicable ; Inapplicable ; Inapplicable ; Inapplicable ; Pass         ; Inapplicable ; Inapplicable ; Inapplicable ; Inapplicable ; Pass         ; Inapplicable ; Inapplicable ; Inapplicable ; Inapplicable ; Pass         ; Inapplicable ; Pass      ; Pass      ; Inapplicable ;
; WriteData[7]       ; Inapplicable ; Inapplicable ; Inapplicable ; Inapplicable ; Inapplicable ; Pass      ; Inapplicable ; Inapplicable ; Inapplicable ; Inapplicable ; Inapplicable ; Inapplicable ; Inapplicable ; Pass         ; Inapplicable ; Inapplicable ; Inapplicable ; Inapplicable ; Pass         ; Inapplicable ; Inapplicable ; Inapplicable ; Inapplicable ; Pass         ; Inapplicable ; Pass      ; Pass      ; Inapplicable ;
; WriteData[8]       ; Inapplicable ; Inapplicable ; Inapplicable ; Inapplicable ; Inapplicable ; Pass      ; Inapplicable ; Inapplicable ; Inapplicable ; Inapplicable ; Inapplicable ; Inapplicable ; Inapplicable ; Pass         ; Inapplicable ; Inapplicable ; Inapplicable ; Inapplicable ; Pass         ; Inapplicable ; Inapplicable ; Inapplicable ; Inapplicable ; Pass         ; Inapplicable ; Pass      ; Pass      ; Inapplicable ;
; WriteData[9]       ; Inapplicable ; Inapplicable ; Inapplicable ; Inapplicable ; Inapplicable ; Pass      ; Inapplicable ; Inapplicable ; Inapplicable ; Inapplicable ; Inapplicable ; Inapplicable ; Inapplicable ; Pass         ; Inapplicable ; Inapplicable ; Inapplicable ; Inapplicable ; Pass         ; Inapplicable ; Inapplicable ; Inapplicable ; Inapplicable ; Pass         ; Inapplicable ; Pass      ; Pass      ; Inapplicable ;
; WriteData[10]      ; Inapplicable ; Inapplicable ; Inapplicable ; Inapplicable ; Inapplicable ; Pass      ; Inapplicable ; Inapplicable ; Inapplicable ; Inapplicable ; Inapplicable ; Inapplicable ; Inapplicable ; Pass         ; Inapplicable ; Inapplicable ; Inapplicable ; Inapplicable ; Pass         ; Inapplicable ; Inapplicable ; Inapplicable ; Inapplicable ; Pass         ; Inapplicable ; Pass      ; Pass      ; Inapplicable ;
; WriteData[11]      ; Inapplicable ; Inapplicable ; Inapplicable ; Inapplicable ; Inapplicable ; Pass      ; Inapplicable ; Inapplicable ; Inapplicable ; Inapplicable ; Inapplicable ; Inapplicable ; Inapplicable ; Pass         ; Inapplicable ; Inapplicable ; Inapplicable ; Inapplicable ; Pass         ; Inapplicable ; Inapplicable ; Inapplicable ; Inapplicable ; Pass         ; Inapplicable ; Pass      ; Pass      ; Inapplicable ;
; WriteData[12]      ; Inapplicable ; Inapplicable ; Inapplicable ; Inapplicable ; Inapplicable ; Pass      ; Inapplicable ; Inapplicable ; Inapplicable ; Inapplicable ; Inapplicable ; Inapplicable ; Inapplicable ; Pass         ; Inapplicable ; Inapplicable ; Inapplicable ; Inapplicable ; Pass         ; Inapplicable ; Inapplicable ; Inapplicable ; Inapplicable ; Pass         ; Inapplicable ; Pass      ; Pass      ; Inapplicable ;
; WriteData[13]      ; Inapplicable ; Inapplicable ; Inapplicable ; Inapplicable ; Inapplicable ; Pass      ; Inapplicable ; Inapplicable ; Inapplicable ; Inapplicable ; Inapplicable ; Inapplicable ; Inapplicable ; Pass         ; Inapplicable ; Inapplicable ; Inapplicable ; Inapplicable ; Pass         ; Inapplicable ; Inapplicable ; Inapplicable ; Inapplicable ; Pass         ; Inapplicable ; Pass      ; Pass      ; Inapplicable ;
; WriteData[14]      ; Inapplicable ; Inapplicable ; Inapplicable ; Inapplicable ; Inapplicable ; Pass      ; Inapplicable ; Inapplicable ; Inapplicable ; Inapplicable ; Inapplicable ; Inapplicable ; Inapplicable ; Pass         ; Inapplicable ; Inapplicable ; Inapplicable ; Inapplicable ; Pass         ; Inapplicable ; Inapplicable ; Inapplicable ; Inapplicable ; Pass         ; Inapplicable ; Pass      ; Pass      ; Inapplicable ;
; WriteData[15]      ; Inapplicable ; Inapplicable ; Inapplicable ; Inapplicable ; Inapplicable ; Pass      ; Inapplicable ; Inapplicable ; Inapplicable ; Inapplicable ; Inapplicable ; Inapplicable ; Inapplicable ; Pass         ; Inapplicable ; Inapplicable ; Inapplicable ; Inapplicable ; Pass         ; Inapplicable ; Inapplicable ; Inapplicable ; Inapplicable ; Pass         ; Inapplicable ; Pass      ; Pass      ; Inapplicable ;
; WriteData[16]      ; Inapplicable ; Inapplicable ; Inapplicable ; Inapplicable ; Inapplicable ; Pass      ; Inapplicable ; Inapplicable ; Inapplicable ; Inapplicable ; Inapplicable ; Inapplicable ; Inapplicable ; Pass         ; Inapplicable ; Inapplicable ; Inapplicable ; Inapplicable ; Pass         ; Inapplicable ; Inapplicable ; Inapplicable ; Inapplicable ; Pass         ; Inapplicable ; Pass      ; Pass      ; Inapplicable ;
; WriteData[17]      ; Inapplicable ; Inapplicable ; Inapplicable ; Inapplicable ; Inapplicable ; Pass      ; Inapplicable ; Inapplicable ; Inapplicable ; Inapplicable ; Inapplicable ; Inapplicable ; Inapplicable ; Pass         ; Inapplicable ; Inapplicable ; Inapplicable ; Inapplicable ; Pass         ; Inapplicable ; Inapplicable ; Inapplicable ; Inapplicable ; Pass         ; Inapplicable ; Pass      ; Pass      ; Inapplicable ;
; WriteData[18]      ; Inapplicable ; Inapplicable ; Inapplicable ; Inapplicable ; Inapplicable ; Pass      ; Inapplicable ; Inapplicable ; Inapplicable ; Inapplicable ; Inapplicable ; Inapplicable ; Inapplicable ; Pass         ; Inapplicable ; Inapplicable ; Inapplicable ; Inapplicable ; Pass         ; Inapplicable ; Inapplicable ; Inapplicable ; Inapplicable ; Pass         ; Inapplicable ; Pass      ; Pass      ; Inapplicable ;
; WriteData[19]      ; Inapplicable ; Inapplicable ; Inapplicable ; Inapplicable ; Inapplicable ; Pass      ; Inapplicable ; Inapplicable ; Inapplicable ; Inapplicable ; Inapplicable ; Inapplicable ; Inapplicable ; Pass         ; Inapplicable ; Inapplicable ; Inapplicable ; Inapplicable ; Pass         ; Inapplicable ; Inapplicable ; Inapplicable ; Inapplicable ; Pass         ; Inapplicable ; Pass      ; Pass      ; Inapplicable ;
; WriteData[20]      ; Inapplicable ; Inapplicable ; Inapplicable ; Inapplicable ; Inapplicable ; Pass      ; Inapplicable ; Inapplicable ; Inapplicable ; Inapplicable ; Inapplicable ; Inapplicable ; Inapplicable ; Pass         ; Inapplicable ; Inapplicable ; Inapplicable ; Inapplicable ; Pass         ; Inapplicable ; Inapplicable ; Inapplicable ; Inapplicable ; Pass         ; Inapplicable ; Pass      ; Pass      ; Inapplicable ;
; WriteData[21]      ; Inapplicable ; Inapplicable ; Inapplicable ; Inapplicable ; Inapplicable ; Pass      ; Inapplicable ; Inapplicable ; Inapplicable ; Inapplicable ; Inapplicable ; Inapplicable ; Inapplicable ; Pass         ; Inapplicable ; Inapplicable ; Inapplicable ; Inapplicable ; Pass         ; Inapplicable ; Inapplicable ; Inapplicable ; Inapplicable ; Pass         ; Inapplicable ; Pass      ; Pass      ; Inapplicable ;
; WriteData[22]      ; Inapplicable ; Inapplicable ; Inapplicable ; Inapplicable ; Inapplicable ; Pass      ; Inapplicable ; Inapplicable ; Inapplicable ; Inapplicable ; Inapplicable ; Inapplicable ; Inapplicable ; Pass         ; Inapplicable ; Inapplicable ; Inapplicable ; Inapplicable ; Pass         ; Inapplicable ; Inapplicable ; Inapplicable ; Inapplicable ; Pass         ; Inapplicable ; Pass      ; Pass      ; Inapplicable ;
; WriteData[23]      ; Inapplicable ; Inapplicable ; Inapplicable ; Inapplicable ; Inapplicable ; Pass      ; Inapplicable ; Inapplicable ; Inapplicable ; Inapplicable ; Inapplicable ; Inapplicable ; Inapplicable ; Pass         ; Inapplicable ; Inapplicable ; Inapplicable ; Inapplicable ; Pass         ; Inapplicable ; Inapplicable ; Inapplicable ; Inapplicable ; Pass         ; Inapplicable ; Pass      ; Pass      ; Inapplicable ;
; WriteData[24]      ; Inapplicable ; Inapplicable ; Inapplicable ; Inapplicable ; Inapplicable ; Pass      ; Inapplicable ; Inapplicable ; Inapplicable ; Inapplicable ; Inapplicable ; Inapplicable ; Inapplicable ; Pass         ; Inapplicable ; Inapplicable ; Inapplicable ; Inapplicable ; Pass         ; Inapplicable ; Inapplicable ; Inapplicable ; Inapplicable ; Pass         ; Inapplicable ; Pass      ; Pass      ; Inapplicable ;
; WriteData[25]      ; Inapplicable ; Inapplicable ; Inapplicable ; Inapplicable ; Inapplicable ; Pass      ; Inapplicable ; Inapplicable ; Inapplicable ; Inapplicable ; Inapplicable ; Inapplicable ; Inapplicable ; Pass         ; Inapplicable ; Inapplicable ; Inapplicable ; Inapplicable ; Pass         ; Inapplicable ; Inapplicable ; Inapplicable ; Inapplicable ; Pass         ; Inapplicable ; Pass      ; Pass      ; Inapplicable ;
; WriteData[26]      ; Inapplicable ; Inapplicable ; Inapplicable ; Inapplicable ; Inapplicable ; Pass      ; Inapplicable ; Inapplicable ; Inapplicable ; Inapplicable ; Inapplicable ; Inapplicable ; Inapplicable ; Pass         ; Inapplicable ; Inapplicable ; Inapplicable ; Inapplicable ; Pass         ; Inapplicable ; Inapplicable ; Inapplicable ; Inapplicable ; Pass         ; Inapplicable ; Pass      ; Pass      ; Inapplicable ;
; WriteData[27]      ; Inapplicable ; Inapplicable ; Inapplicable ; Inapplicable ; Inapplicable ; Pass      ; Inapplicable ; Inapplicable ; Inapplicable ; Inapplicable ; Inapplicable ; Inapplicable ; Inapplicable ; Pass         ; Inapplicable ; Inapplicable ; Inapplicable ; Inapplicable ; Pass         ; Inapplicable ; Inapplicable ; Inapplicable ; Inapplicable ; Pass         ; Inapplicable ; Pass      ; Pass      ; Inapplicable ;
; WriteData[28]      ; Inapplicable ; Inapplicable ; Inapplicable ; Inapplicable ; Inapplicable ; Pass      ; Inapplicable ; Inapplicable ; Inapplicable ; Inapplicable ; Inapplicable ; Inapplicable ; Inapplicable ; Pass         ; Inapplicable ; Inapplicable ; Inapplicable ; Inapplicable ; Pass         ; Inapplicable ; Inapplicable ; Inapplicable ; Inapplicable ; Pass         ; Inapplicable ; Pass      ; Pass      ; Inapplicable ;
; WriteData[29]      ; Inapplicable ; Inapplicable ; Inapplicable ; Inapplicable ; Inapplicable ; Pass      ; Inapplicable ; Inapplicable ; Inapplicable ; Inapplicable ; Inapplicable ; Inapplicable ; Inapplicable ; Pass         ; Inapplicable ; Inapplicable ; Inapplicable ; Inapplicable ; Pass         ; Inapplicable ; Inapplicable ; Inapplicable ; Inapplicable ; Pass         ; Inapplicable ; Pass      ; Pass      ; Inapplicable ;
; WriteData[30]      ; Inapplicable ; Inapplicable ; Inapplicable ; Inapplicable ; Inapplicable ; Pass      ; Inapplicable ; Inapplicable ; Inapplicable ; Inapplicable ; Inapplicable ; Inapplicable ; Inapplicable ; Pass         ; Inapplicable ; Inapplicable ; Inapplicable ; Inapplicable ; Pass         ; Inapplicable ; Inapplicable ; Inapplicable ; Inapplicable ; Pass         ; Inapplicable ; Pass      ; Pass      ; Inapplicable ;
; WriteData[31]      ; Inapplicable ; Inapplicable ; Inapplicable ; Inapplicable ; Inapplicable ; Pass      ; Inapplicable ; Inapplicable ; Inapplicable ; Inapplicable ; Inapplicable ; Inapplicable ; Inapplicable ; Pass         ; Inapplicable ; Inapplicable ; Inapplicable ; Inapplicable ; Pass         ; Inapplicable ; Inapplicable ; Inapplicable ; Inapplicable ; Pass         ; Inapplicable ; Pass      ; Pass      ; Inapplicable ;
; DataAdr[0]         ; Inapplicable ; Inapplicable ; Inapplicable ; Inapplicable ; Inapplicable ; Pass      ; Inapplicable ; Inapplicable ; Inapplicable ; Inapplicable ; Inapplicable ; Inapplicable ; Inapplicable ; Pass         ; Inapplicable ; Inapplicable ; Inapplicable ; Inapplicable ; Pass         ; Inapplicable ; Inapplicable ; Inapplicable ; Inapplicable ; Pass         ; Inapplicable ; Pass      ; Pass      ; Inapplicable ;
; DataAdr[1]         ; Inapplicable ; Inapplicable ; Inapplicable ; Inapplicable ; Inapplicable ; Pass      ; Inapplicable ; Inapplicable ; Inapplicable ; Inapplicable ; Inapplicable ; Inapplicable ; Inapplicable ; Pass         ; Inapplicable ; Inapplicable ; Inapplicable ; Inapplicable ; Pass         ; Inapplicable ; Inapplicable ; Inapplicable ; Inapplicable ; Pass         ; Inapplicable ; Pass      ; Pass      ; Inapplicable ;
; DataAdr[2]         ; Inapplicable ; Inapplicable ; Inapplicable ; Inapplicable ; Inapplicable ; Pass      ; Inapplicable ; Inapplicable ; Inapplicable ; Inapplicable ; Inapplicable ; Inapplicable ; Inapplicable ; Pass         ; Inapplicable ; Inapplicable ; Inapplicable ; Inapplicable ; Pass         ; Inapplicable ; Inapplicable ; Inapplicable ; Inapplicable ; Pass         ; Inapplicable ; Pass      ; Pass      ; Inapplicable ;
; DataAdr[3]         ; Inapplicable ; Inapplicable ; Inapplicable ; Inapplicable ; Inapplicable ; Pass      ; Inapplicable ; Inapplicable ; Inapplicable ; Inapplicable ; Inapplicable ; Inapplicable ; Inapplicable ; Pass         ; Inapplicable ; Inapplicable ; Inapplicable ; Inapplicable ; Pass         ; Inapplicable ; Inapplicable ; Inapplicable ; Inapplicable ; Pass         ; Inapplicable ; Pass      ; Pass      ; Inapplicable ;
; DataAdr[4]         ; Inapplicable ; Inapplicable ; Inapplicable ; Inapplicable ; Inapplicable ; Pass      ; Inapplicable ; Inapplicable ; Inapplicable ; Inapplicable ; Inapplicable ; Inapplicable ; Inapplicable ; Pass         ; Inapplicable ; Inapplicable ; Inapplicable ; Inapplicable ; Pass         ; Inapplicable ; Inapplicable ; Inapplicable ; Inapplicable ; Pass         ; Inapplicable ; Pass      ; Pass      ; Inapplicable ;
; DataAdr[5]         ; Inapplicable ; Inapplicable ; Inapplicable ; Inapplicable ; Inapplicable ; Pass      ; Inapplicable ; Inapplicable ; Inapplicable ; Inapplicable ; Inapplicable ; Inapplicable ; Inapplicable ; Pass         ; Inapplicable ; Inapplicable ; Inapplicable ; Inapplicable ; Pass         ; Inapplicable ; Inapplicable ; Inapplicable ; Inapplicable ; Pass         ; Inapplicable ; Pass      ; Pass      ; Inapplicable ;
; DataAdr[6]         ; Inapplicable ; Inapplicable ; Inapplicable ; Inapplicable ; Inapplicable ; Pass      ; Inapplicable ; Inapplicable ; Inapplicable ; Inapplicable ; Inapplicable ; Inapplicable ; Inapplicable ; Pass         ; Inapplicable ; Inapplicable ; Inapplicable ; Inapplicable ; Pass         ; Inapplicable ; Inapplicable ; Inapplicable ; Inapplicable ; Pass         ; Inapplicable ; Pass      ; Pass      ; Inapplicable ;
; DataAdr[7]         ; Inapplicable ; Inapplicable ; Inapplicable ; Inapplicable ; Inapplicable ; Pass      ; Inapplicable ; Inapplicable ; Inapplicable ; Inapplicable ; Inapplicable ; Inapplicable ; Inapplicable ; Pass         ; Inapplicable ; Inapplicable ; Inapplicable ; Inapplicable ; Pass         ; Inapplicable ; Inapplicable ; Inapplicable ; Inapplicable ; Pass         ; Inapplicable ; Pass      ; Pass      ; Inapplicable ;
; DataAdr[8]         ; Inapplicable ; Inapplicable ; Inapplicable ; Inapplicable ; Inapplicable ; Pass      ; Inapplicable ; Inapplicable ; Inapplicable ; Inapplicable ; Inapplicable ; Inapplicable ; Inapplicable ; Pass         ; Inapplicable ; Inapplicable ; Inapplicable ; Inapplicable ; Pass         ; Inapplicable ; Inapplicable ; Inapplicable ; Inapplicable ; Pass         ; Inapplicable ; Pass      ; Pass      ; Inapplicable ;
; DataAdr[9]         ; Inapplicable ; Inapplicable ; Inapplicable ; Inapplicable ; Inapplicable ; Pass      ; Inapplicable ; Inapplicable ; Inapplicable ; Inapplicable ; Inapplicable ; Inapplicable ; Inapplicable ; Pass         ; Inapplicable ; Inapplicable ; Inapplicable ; Inapplicable ; Pass         ; Inapplicable ; Inapplicable ; Inapplicable ; Inapplicable ; Pass         ; Inapplicable ; Pass      ; Pass      ; Inapplicable ;
; DataAdr[10]        ; Inapplicable ; Inapplicable ; Inapplicable ; Inapplicable ; Inapplicable ; Pass      ; Inapplicable ; Inapplicable ; Inapplicable ; Inapplicable ; Inapplicable ; Inapplicable ; Inapplicable ; Pass         ; Inapplicable ; Inapplicable ; Inapplicable ; Inapplicable ; Pass         ; Inapplicable ; Inapplicable ; Inapplicable ; Inapplicable ; Pass         ; Inapplicable ; Pass      ; Pass      ; Inapplicable ;
; DataAdr[11]        ; Inapplicable ; Inapplicable ; Inapplicable ; Inapplicable ; Inapplicable ; Pass      ; Inapplicable ; Inapplicable ; Inapplicable ; Inapplicable ; Inapplicable ; Inapplicable ; Inapplicable ; Pass         ; Inapplicable ; Inapplicable ; Inapplicable ; Inapplicable ; Pass         ; Inapplicable ; Inapplicable ; Inapplicable ; Inapplicable ; Pass         ; Inapplicable ; Pass      ; Pass      ; Inapplicable ;
; DataAdr[12]        ; Inapplicable ; Inapplicable ; Inapplicable ; Inapplicable ; Inapplicable ; Pass      ; Inapplicable ; Inapplicable ; Inapplicable ; Inapplicable ; Inapplicable ; Inapplicable ; Inapplicable ; Pass         ; Inapplicable ; Inapplicable ; Inapplicable ; Inapplicable ; Pass         ; Inapplicable ; Inapplicable ; Inapplicable ; Inapplicable ; Pass         ; Inapplicable ; Pass      ; Pass      ; Inapplicable ;
; DataAdr[13]        ; Inapplicable ; Inapplicable ; Inapplicable ; Inapplicable ; Inapplicable ; Pass      ; Inapplicable ; Inapplicable ; Inapplicable ; Inapplicable ; Inapplicable ; Inapplicable ; Inapplicable ; Pass         ; Inapplicable ; Inapplicable ; Inapplicable ; Inapplicable ; Pass         ; Inapplicable ; Inapplicable ; Inapplicable ; Inapplicable ; Pass         ; Inapplicable ; Pass      ; Pass      ; Inapplicable ;
; DataAdr[14]        ; Inapplicable ; Inapplicable ; Inapplicable ; Inapplicable ; Inapplicable ; Pass      ; Inapplicable ; Inapplicable ; Inapplicable ; Inapplicable ; Inapplicable ; Inapplicable ; Inapplicable ; Pass         ; Inapplicable ; Inapplicable ; Inapplicable ; Inapplicable ; Pass         ; Inapplicable ; Inapplicable ; Inapplicable ; Inapplicable ; Pass         ; Inapplicable ; Pass      ; Pass      ; Inapplicable ;
; DataAdr[15]        ; Inapplicable ; Inapplicable ; Inapplicable ; Inapplicable ; Inapplicable ; Pass      ; Inapplicable ; Inapplicable ; Inapplicable ; Inapplicable ; Inapplicable ; Inapplicable ; Inapplicable ; Pass         ; Inapplicable ; Inapplicable ; Inapplicable ; Inapplicable ; Pass         ; Inapplicable ; Inapplicable ; Inapplicable ; Inapplicable ; Pass         ; Inapplicable ; Pass      ; Pass      ; Inapplicable ;
; DataAdr[16]        ; Inapplicable ; Inapplicable ; Inapplicable ; Inapplicable ; Inapplicable ; Pass      ; Inapplicable ; Inapplicable ; Inapplicable ; Inapplicable ; Inapplicable ; Inapplicable ; Inapplicable ; Pass         ; Inapplicable ; Inapplicable ; Inapplicable ; Inapplicable ; Pass         ; Inapplicable ; Inapplicable ; Inapplicable ; Inapplicable ; Pass         ; Inapplicable ; Pass      ; Pass      ; Inapplicable ;
; DataAdr[17]        ; Inapplicable ; Inapplicable ; Inapplicable ; Inapplicable ; Inapplicable ; Pass      ; Inapplicable ; Inapplicable ; Inapplicable ; Inapplicable ; Inapplicable ; Inapplicable ; Inapplicable ; Pass         ; Inapplicable ; Inapplicable ; Inapplicable ; Inapplicable ; Pass         ; Inapplicable ; Inapplicable ; Inapplicable ; Inapplicable ; Pass         ; Inapplicable ; Pass      ; Pass      ; Inapplicable ;
; DataAdr[18]        ; Inapplicable ; Inapplicable ; Inapplicable ; Inapplicable ; Inapplicable ; Pass      ; Inapplicable ; Inapplicable ; Inapplicable ; Inapplicable ; Inapplicable ; Inapplicable ; Inapplicable ; Pass         ; Inapplicable ; Inapplicable ; Inapplicable ; Inapplicable ; Pass         ; Inapplicable ; Inapplicable ; Inapplicable ; Inapplicable ; Pass         ; Inapplicable ; Pass      ; Pass      ; Inapplicable ;
; DataAdr[19]        ; Inapplicable ; Inapplicable ; Inapplicable ; Inapplicable ; Inapplicable ; Pass      ; Inapplicable ; Inapplicable ; Inapplicable ; Inapplicable ; Inapplicable ; Inapplicable ; Inapplicable ; Pass         ; Inapplicable ; Inapplicable ; Inapplicable ; Inapplicable ; Pass         ; Inapplicable ; Inapplicable ; Inapplicable ; Inapplicable ; Pass         ; Inapplicable ; Pass      ; Pass      ; Inapplicable ;
; DataAdr[20]        ; Inapplicable ; Inapplicable ; Inapplicable ; Inapplicable ; Inapplicable ; Pass      ; Inapplicable ; Inapplicable ; Inapplicable ; Inapplicable ; Inapplicable ; Inapplicable ; Inapplicable ; Pass         ; Inapplicable ; Inapplicable ; Inapplicable ; Inapplicable ; Pass         ; Inapplicable ; Inapplicable ; Inapplicable ; Inapplicable ; Pass         ; Inapplicable ; Pass      ; Pass      ; Inapplicable ;
; DataAdr[21]        ; Inapplicable ; Inapplicable ; Inapplicable ; Inapplicable ; Inapplicable ; Pass      ; Inapplicable ; Inapplicable ; Inapplicable ; Inapplicable ; Inapplicable ; Inapplicable ; Inapplicable ; Pass         ; Inapplicable ; Inapplicable ; Inapplicable ; Inapplicable ; Pass         ; Inapplicable ; Inapplicable ; Inapplicable ; Inapplicable ; Pass         ; Inapplicable ; Pass      ; Pass      ; Inapplicable ;
; DataAdr[22]        ; Inapplicable ; Inapplicable ; Inapplicable ; Inapplicable ; Inapplicable ; Pass      ; Inapplicable ; Inapplicable ; Inapplicable ; Inapplicable ; Inapplicable ; Inapplicable ; Inapplicable ; Pass         ; Inapplicable ; Inapplicable ; Inapplicable ; Inapplicable ; Pass         ; Inapplicable ; Inapplicable ; Inapplicable ; Inapplicable ; Pass         ; Inapplicable ; Pass      ; Pass      ; Inapplicable ;
; DataAdr[23]        ; Inapplicable ; Inapplicable ; Inapplicable ; Inapplicable ; Inapplicable ; Pass      ; Inapplicable ; Inapplicable ; Inapplicable ; Inapplicable ; Inapplicable ; Inapplicable ; Inapplicable ; Pass         ; Inapplicable ; Inapplicable ; Inapplicable ; Inapplicable ; Pass         ; Inapplicable ; Inapplicable ; Inapplicable ; Inapplicable ; Pass         ; Inapplicable ; Pass      ; Pass      ; Inapplicable ;
; DataAdr[24]        ; Inapplicable ; Inapplicable ; Inapplicable ; Inapplicable ; Inapplicable ; Pass      ; Inapplicable ; Inapplicable ; Inapplicable ; Inapplicable ; Inapplicable ; Inapplicable ; Inapplicable ; Pass         ; Inapplicable ; Inapplicable ; Inapplicable ; Inapplicable ; Pass         ; Inapplicable ; Inapplicable ; Inapplicable ; Inapplicable ; Pass         ; Inapplicable ; Pass      ; Pass      ; Inapplicable ;
; DataAdr[25]        ; Inapplicable ; Inapplicable ; Inapplicable ; Inapplicable ; Inapplicable ; Pass      ; Inapplicable ; Inapplicable ; Inapplicable ; Inapplicable ; Inapplicable ; Inapplicable ; Inapplicable ; Pass         ; Inapplicable ; Inapplicable ; Inapplicable ; Inapplicable ; Pass         ; Inapplicable ; Inapplicable ; Inapplicable ; Inapplicable ; Pass         ; Inapplicable ; Pass      ; Pass      ; Inapplicable ;
; DataAdr[26]        ; Inapplicable ; Inapplicable ; Inapplicable ; Inapplicable ; Inapplicable ; Pass      ; Inapplicable ; Inapplicable ; Inapplicable ; Inapplicable ; Inapplicable ; Inapplicable ; Inapplicable ; Pass         ; Inapplicable ; Inapplicable ; Inapplicable ; Inapplicable ; Pass         ; Inapplicable ; Inapplicable ; Inapplicable ; Inapplicable ; Pass         ; Inapplicable ; Pass      ; Pass      ; Inapplicable ;
; DataAdr[27]        ; Inapplicable ; Inapplicable ; Inapplicable ; Inapplicable ; Inapplicable ; Pass      ; Inapplicable ; Inapplicable ; Inapplicable ; Inapplicable ; Inapplicable ; Inapplicable ; Inapplicable ; Pass         ; Inapplicable ; Inapplicable ; Inapplicable ; Inapplicable ; Pass         ; Inapplicable ; Inapplicable ; Inapplicable ; Inapplicable ; Pass         ; Inapplicable ; Pass      ; Pass      ; Inapplicable ;
; DataAdr[28]        ; Inapplicable ; Inapplicable ; Inapplicable ; Inapplicable ; Inapplicable ; Pass      ; Inapplicable ; Inapplicable ; Inapplicable ; Inapplicable ; Inapplicable ; Inapplicable ; Inapplicable ; Pass         ; Inapplicable ; Inapplicable ; Inapplicable ; Inapplicable ; Pass         ; Inapplicable ; Inapplicable ; Inapplicable ; Inapplicable ; Pass         ; Inapplicable ; Pass      ; Pass      ; Inapplicable ;
; DataAdr[29]        ; Inapplicable ; Inapplicable ; Inapplicable ; Inapplicable ; Inapplicable ; Pass      ; Inapplicable ; Inapplicable ; Inapplicable ; Inapplicable ; Inapplicable ; Inapplicable ; Inapplicable ; Pass         ; Inapplicable ; Inapplicable ; Inapplicable ; Inapplicable ; Pass         ; Inapplicable ; Inapplicable ; Inapplicable ; Inapplicable ; Pass         ; Inapplicable ; Pass      ; Pass      ; Inapplicable ;
; DataAdr[30]        ; Inapplicable ; Inapplicable ; Inapplicable ; Inapplicable ; Inapplicable ; Pass      ; Inapplicable ; Inapplicable ; Inapplicable ; Inapplicable ; Inapplicable ; Inapplicable ; Inapplicable ; Pass         ; Inapplicable ; Inapplicable ; Inapplicable ; Inapplicable ; Pass         ; Inapplicable ; Inapplicable ; Inapplicable ; Inapplicable ; Pass         ; Inapplicable ; Pass      ; Pass      ; Inapplicable ;
; DataAdr[31]        ; Inapplicable ; Inapplicable ; Inapplicable ; Inapplicable ; Inapplicable ; Pass      ; Inapplicable ; Inapplicable ; Inapplicable ; Inapplicable ; Inapplicable ; Inapplicable ; Inapplicable ; Pass         ; Inapplicable ; Inapplicable ; Inapplicable ; Inapplicable ; Pass         ; Inapplicable ; Inapplicable ; Inapplicable ; Inapplicable ; Pass         ; Inapplicable ; Pass      ; Pass      ; Inapplicable ;
; ReadData[0]        ; Inapplicable ; Inapplicable ; Inapplicable ; Inapplicable ; Inapplicable ; Pass      ; Inapplicable ; Inapplicable ; Inapplicable ; Inapplicable ; Inapplicable ; Inapplicable ; Inapplicable ; Pass         ; Inapplicable ; Inapplicable ; Inapplicable ; Inapplicable ; Pass         ; Inapplicable ; Inapplicable ; Inapplicable ; Inapplicable ; Pass         ; Inapplicable ; Pass      ; Pass      ; Inapplicable ;
; ReadData[1]        ; Inapplicable ; Inapplicable ; Inapplicable ; Inapplicable ; Inapplicable ; Pass      ; Inapplicable ; Inapplicable ; Inapplicable ; Inapplicable ; Inapplicable ; Inapplicable ; Inapplicable ; Pass         ; Inapplicable ; Inapplicable ; Inapplicable ; Inapplicable ; Pass         ; Inapplicable ; Inapplicable ; Inapplicable ; Inapplicable ; Pass         ; Inapplicable ; Pass      ; Pass      ; Inapplicable ;
; ReadData[2]        ; Inapplicable ; Inapplicable ; Inapplicable ; Inapplicable ; Inapplicable ; Pass      ; Inapplicable ; Inapplicable ; Inapplicable ; Inapplicable ; Inapplicable ; Inapplicable ; Inapplicable ; Pass         ; Inapplicable ; Inapplicable ; Inapplicable ; Inapplicable ; Pass         ; Inapplicable ; Inapplicable ; Inapplicable ; Inapplicable ; Pass         ; Inapplicable ; Pass      ; Pass      ; Inapplicable ;
; ReadData[3]        ; Inapplicable ; Inapplicable ; Inapplicable ; Inapplicable ; Inapplicable ; Pass      ; Inapplicable ; Inapplicable ; Inapplicable ; Inapplicable ; Inapplicable ; Inapplicable ; Inapplicable ; Pass         ; Inapplicable ; Inapplicable ; Inapplicable ; Inapplicable ; Pass         ; Inapplicable ; Inapplicable ; Inapplicable ; Inapplicable ; Pass         ; Inapplicable ; Pass      ; Pass      ; Inapplicable ;
; ReadData[4]        ; Inapplicable ; Inapplicable ; Inapplicable ; Inapplicable ; Inapplicable ; Pass      ; Inapplicable ; Inapplicable ; Inapplicable ; Inapplicable ; Inapplicable ; Inapplicable ; Inapplicable ; Pass         ; Inapplicable ; Inapplicable ; Inapplicable ; Inapplicable ; Pass         ; Inapplicable ; Inapplicable ; Inapplicable ; Inapplicable ; Pass         ; Inapplicable ; Pass      ; Pass      ; Inapplicable ;
; ReadData[5]        ; Inapplicable ; Inapplicable ; Inapplicable ; Inapplicable ; Inapplicable ; Pass      ; Inapplicable ; Inapplicable ; Inapplicable ; Inapplicable ; Inapplicable ; Inapplicable ; Inapplicable ; Pass         ; Inapplicable ; Inapplicable ; Inapplicable ; Inapplicable ; Pass         ; Inapplicable ; Inapplicable ; Inapplicable ; Inapplicable ; Pass         ; Inapplicable ; Pass      ; Pass      ; Inapplicable ;
; ReadData[6]        ; Inapplicable ; Inapplicable ; Inapplicable ; Inapplicable ; Inapplicable ; Pass      ; Inapplicable ; Inapplicable ; Inapplicable ; Inapplicable ; Inapplicable ; Inapplicable ; Inapplicable ; Pass         ; Inapplicable ; Inapplicable ; Inapplicable ; Inapplicable ; Pass         ; Inapplicable ; Inapplicable ; Inapplicable ; Inapplicable ; Pass         ; Inapplicable ; Pass      ; Pass      ; Inapplicable ;
; ReadData[7]        ; Inapplicable ; Inapplicable ; Inapplicable ; Inapplicable ; Inapplicable ; Pass      ; Inapplicable ; Inapplicable ; Inapplicable ; Inapplicable ; Inapplicable ; Inapplicable ; Inapplicable ; Pass         ; Inapplicable ; Inapplicable ; Inapplicable ; Inapplicable ; Pass         ; Inapplicable ; Inapplicable ; Inapplicable ; Inapplicable ; Pass         ; Inapplicable ; Pass      ; Pass      ; Inapplicable ;
; ReadData[8]        ; Inapplicable ; Inapplicable ; Inapplicable ; Inapplicable ; Inapplicable ; Pass      ; Inapplicable ; Inapplicable ; Inapplicable ; Inapplicable ; Inapplicable ; Inapplicable ; Inapplicable ; Pass         ; Inapplicable ; Inapplicable ; Inapplicable ; Inapplicable ; Pass         ; Inapplicable ; Inapplicable ; Inapplicable ; Inapplicable ; Pass         ; Inapplicable ; Pass      ; Pass      ; Inapplicable ;
; ReadData[9]        ; Inapplicable ; Inapplicable ; Inapplicable ; Inapplicable ; Inapplicable ; Pass      ; Inapplicable ; Inapplicable ; Inapplicable ; Inapplicable ; Inapplicable ; Inapplicable ; Inapplicable ; Pass         ; Inapplicable ; Inapplicable ; Inapplicable ; Inapplicable ; Pass         ; Inapplicable ; Inapplicable ; Inapplicable ; Inapplicable ; Pass         ; Inapplicable ; Pass      ; Pass      ; Inapplicable ;
; ReadData[10]       ; Inapplicable ; Inapplicable ; Inapplicable ; Inapplicable ; Inapplicable ; Pass      ; Inapplicable ; Inapplicable ; Inapplicable ; Inapplicable ; Inapplicable ; Inapplicable ; Inapplicable ; Pass         ; Inapplicable ; Inapplicable ; Inapplicable ; Inapplicable ; Pass         ; Inapplicable ; Inapplicable ; Inapplicable ; Inapplicable ; Pass         ; Inapplicable ; Pass      ; Pass      ; Inapplicable ;
; ReadData[11]       ; Inapplicable ; Inapplicable ; Inapplicable ; Inapplicable ; Inapplicable ; Pass      ; Inapplicable ; Inapplicable ; Inapplicable ; Inapplicable ; Inapplicable ; Inapplicable ; Inapplicable ; Pass         ; Inapplicable ; Inapplicable ; Inapplicable ; Inapplicable ; Pass         ; Inapplicable ; Inapplicable ; Inapplicable ; Inapplicable ; Pass         ; Inapplicable ; Pass      ; Pass      ; Inapplicable ;
; ReadData[12]       ; Inapplicable ; Inapplicable ; Inapplicable ; Inapplicable ; Inapplicable ; Pass      ; Inapplicable ; Inapplicable ; Inapplicable ; Inapplicable ; Inapplicable ; Inapplicable ; Inapplicable ; Pass         ; Inapplicable ; Inapplicable ; Inapplicable ; Inapplicable ; Pass         ; Inapplicable ; Inapplicable ; Inapplicable ; Inapplicable ; Pass         ; Inapplicable ; Pass      ; Pass      ; Inapplicable ;
; ReadData[13]       ; Inapplicable ; Inapplicable ; Inapplicable ; Inapplicable ; Inapplicable ; Pass      ; Inapplicable ; Inapplicable ; Inapplicable ; Inapplicable ; Inapplicable ; Inapplicable ; Inapplicable ; Pass         ; Inapplicable ; Inapplicable ; Inapplicable ; Inapplicable ; Pass         ; Inapplicable ; Inapplicable ; Inapplicable ; Inapplicable ; Pass         ; Inapplicable ; Pass      ; Pass      ; Inapplicable ;
; ReadData[14]       ; Inapplicable ; Inapplicable ; Inapplicable ; Inapplicable ; Inapplicable ; Pass      ; Inapplicable ; Inapplicable ; Inapplicable ; Inapplicable ; Inapplicable ; Inapplicable ; Inapplicable ; Pass         ; Inapplicable ; Inapplicable ; Inapplicable ; Inapplicable ; Pass         ; Inapplicable ; Inapplicable ; Inapplicable ; Inapplicable ; Pass         ; Inapplicable ; Pass      ; Pass      ; Inapplicable ;
; ReadData[15]       ; Inapplicable ; Inapplicable ; Inapplicable ; Inapplicable ; Inapplicable ; Pass      ; Inapplicable ; Inapplicable ; Inapplicable ; Inapplicable ; Inapplicable ; Inapplicable ; Inapplicable ; Pass         ; Inapplicable ; Inapplicable ; Inapplicable ; Inapplicable ; Pass         ; Inapplicable ; Inapplicable ; Inapplicable ; Inapplicable ; Pass         ; Inapplicable ; Pass      ; Pass      ; Inapplicable ;
; ReadData[16]       ; Inapplicable ; Inapplicable ; Inapplicable ; Inapplicable ; Inapplicable ; Pass      ; Inapplicable ; Inapplicable ; Inapplicable ; Inapplicable ; Inapplicable ; Inapplicable ; Inapplicable ; Pass         ; Inapplicable ; Inapplicable ; Inapplicable ; Inapplicable ; Pass         ; Inapplicable ; Inapplicable ; Inapplicable ; Inapplicable ; Pass         ; Inapplicable ; Pass      ; Pass      ; Inapplicable ;
; ReadData[17]       ; Inapplicable ; Inapplicable ; Inapplicable ; Inapplicable ; Inapplicable ; Pass      ; Inapplicable ; Inapplicable ; Inapplicable ; Inapplicable ; Inapplicable ; Inapplicable ; Inapplicable ; Pass         ; Inapplicable ; Inapplicable ; Inapplicable ; Inapplicable ; Pass         ; Inapplicable ; Inapplicable ; Inapplicable ; Inapplicable ; Pass         ; Inapplicable ; Pass      ; Pass      ; Inapplicable ;
; ReadData[18]       ; Inapplicable ; Inapplicable ; Inapplicable ; Inapplicable ; Inapplicable ; Pass      ; Inapplicable ; Inapplicable ; Inapplicable ; Inapplicable ; Inapplicable ; Inapplicable ; Inapplicable ; Pass         ; Inapplicable ; Inapplicable ; Inapplicable ; Inapplicable ; Pass         ; Inapplicable ; Inapplicable ; Inapplicable ; Inapplicable ; Pass         ; Inapplicable ; Pass      ; Pass      ; Inapplicable ;
; ReadData[19]       ; Inapplicable ; Inapplicable ; Inapplicable ; Inapplicable ; Inapplicable ; Pass      ; Inapplicable ; Inapplicable ; Inapplicable ; Inapplicable ; Inapplicable ; Inapplicable ; Inapplicable ; Pass         ; Inapplicable ; Inapplicable ; Inapplicable ; Inapplicable ; Pass         ; Inapplicable ; Inapplicable ; Inapplicable ; Inapplicable ; Pass         ; Inapplicable ; Pass      ; Pass      ; Inapplicable ;
; ReadData[20]       ; Inapplicable ; Inapplicable ; Inapplicable ; Inapplicable ; Inapplicable ; Pass      ; Inapplicable ; Inapplicable ; Inapplicable ; Inapplicable ; Inapplicable ; Inapplicable ; Inapplicable ; Pass         ; Inapplicable ; Inapplicable ; Inapplicable ; Inapplicable ; Pass         ; Inapplicable ; Inapplicable ; Inapplicable ; Inapplicable ; Pass         ; Inapplicable ; Pass      ; Pass      ; Inapplicable ;
; ReadData[21]       ; Inapplicable ; Inapplicable ; Inapplicable ; Inapplicable ; Inapplicable ; Pass      ; Inapplicable ; Inapplicable ; Inapplicable ; Inapplicable ; Inapplicable ; Inapplicable ; Inapplicable ; Pass         ; Inapplicable ; Inapplicable ; Inapplicable ; Inapplicable ; Pass         ; Inapplicable ; Inapplicable ; Inapplicable ; Inapplicable ; Pass         ; Inapplicable ; Pass      ; Pass      ; Inapplicable ;
; ReadData[22]       ; Inapplicable ; Inapplicable ; Inapplicable ; Inapplicable ; Inapplicable ; Pass      ; Inapplicable ; Inapplicable ; Inapplicable ; Inapplicable ; Inapplicable ; Inapplicable ; Inapplicable ; Pass         ; Inapplicable ; Inapplicable ; Inapplicable ; Inapplicable ; Pass         ; Inapplicable ; Inapplicable ; Inapplicable ; Inapplicable ; Pass         ; Inapplicable ; Pass      ; Pass      ; Inapplicable ;
; ReadData[23]       ; Inapplicable ; Inapplicable ; Inapplicable ; Inapplicable ; Inapplicable ; Pass      ; Inapplicable ; Inapplicable ; Inapplicable ; Inapplicable ; Inapplicable ; Inapplicable ; Inapplicable ; Pass         ; Inapplicable ; Inapplicable ; Inapplicable ; Inapplicable ; Pass         ; Inapplicable ; Inapplicable ; Inapplicable ; Inapplicable ; Pass         ; Inapplicable ; Pass      ; Pass      ; Inapplicable ;
; ReadData[24]       ; Inapplicable ; Inapplicable ; Inapplicable ; Inapplicable ; Inapplicable ; Pass      ; Inapplicable ; Inapplicable ; Inapplicable ; Inapplicable ; Inapplicable ; Inapplicable ; Inapplicable ; Pass         ; Inapplicable ; Inapplicable ; Inapplicable ; Inapplicable ; Pass         ; Inapplicable ; Inapplicable ; Inapplicable ; Inapplicable ; Pass         ; Inapplicable ; Pass      ; Pass      ; Inapplicable ;
; ReadData[25]       ; Inapplicable ; Inapplicable ; Inapplicable ; Inapplicable ; Inapplicable ; Pass      ; Inapplicable ; Inapplicable ; Inapplicable ; Inapplicable ; Inapplicable ; Inapplicable ; Inapplicable ; Pass         ; Inapplicable ; Inapplicable ; Inapplicable ; Inapplicable ; Pass         ; Inapplicable ; Inapplicable ; Inapplicable ; Inapplicable ; Pass         ; Inapplicable ; Pass      ; Pass      ; Inapplicable ;
; ReadData[26]       ; Inapplicable ; Inapplicable ; Inapplicable ; Inapplicable ; Inapplicable ; Pass      ; Inapplicable ; Inapplicable ; Inapplicable ; Inapplicable ; Inapplicable ; Inapplicable ; Inapplicable ; Pass         ; Inapplicable ; Inapplicable ; Inapplicable ; Inapplicable ; Pass         ; Inapplicable ; Inapplicable ; Inapplicable ; Inapplicable ; Pass         ; Inapplicable ; Pass      ; Pass      ; Inapplicable ;
; ReadData[27]       ; Inapplicable ; Inapplicable ; Inapplicable ; Inapplicable ; Inapplicable ; Pass      ; Inapplicable ; Inapplicable ; Inapplicable ; Inapplicable ; Inapplicable ; Inapplicable ; Inapplicable ; Pass         ; Inapplicable ; Inapplicable ; Inapplicable ; Inapplicable ; Pass         ; Inapplicable ; Inapplicable ; Inapplicable ; Inapplicable ; Pass         ; Inapplicable ; Pass      ; Pass      ; Inapplicable ;
; ReadData[28]       ; Inapplicable ; Inapplicable ; Inapplicable ; Inapplicable ; Inapplicable ; Pass      ; Inapplicable ; Inapplicable ; Inapplicable ; Inapplicable ; Inapplicable ; Inapplicable ; Inapplicable ; Pass         ; Inapplicable ; Inapplicable ; Inapplicable ; Inapplicable ; Pass         ; Inapplicable ; Inapplicable ; Inapplicable ; Inapplicable ; Pass         ; Inapplicable ; Pass      ; Pass      ; Inapplicable ;
; ReadData[29]       ; Inapplicable ; Inapplicable ; Inapplicable ; Inapplicable ; Inapplicable ; Pass      ; Inapplicable ; Inapplicable ; Inapplicable ; Inapplicable ; Inapplicable ; Inapplicable ; Inapplicable ; Pass         ; Inapplicable ; Inapplicable ; Inapplicable ; Inapplicable ; Pass         ; Inapplicable ; Inapplicable ; Inapplicable ; Inapplicable ; Pass         ; Inapplicable ; Pass      ; Pass      ; Inapplicable ;
; ReadData[30]       ; Inapplicable ; Inapplicable ; Inapplicable ; Inapplicable ; Inapplicable ; Pass      ; Inapplicable ; Inapplicable ; Inapplicable ; Inapplicable ; Inapplicable ; Inapplicable ; Inapplicable ; Pass         ; Inapplicable ; Inapplicable ; Inapplicable ; Inapplicable ; Pass         ; Inapplicable ; Inapplicable ; Inapplicable ; Inapplicable ; Pass         ; Inapplicable ; Pass      ; Pass      ; Inapplicable ;
; ReadData[31]       ; Inapplicable ; Inapplicable ; Inapplicable ; Inapplicable ; Inapplicable ; Pass      ; Inapplicable ; Inapplicable ; Inapplicable ; Inapplicable ; Inapplicable ; Inapplicable ; Inapplicable ; Pass         ; Inapplicable ; Inapplicable ; Inapplicable ; Inapplicable ; Pass         ; Inapplicable ; Inapplicable ; Inapplicable ; Inapplicable ; Pass         ; Inapplicable ; Pass      ; Pass      ; Inapplicable ;
; PC[0]              ; Inapplicable ; Inapplicable ; Inapplicable ; Inapplicable ; Inapplicable ; Pass      ; Inapplicable ; Inapplicable ; Inapplicable ; Inapplicable ; Inapplicable ; Inapplicable ; Inapplicable ; Pass         ; Inapplicable ; Inapplicable ; Inapplicable ; Inapplicable ; Pass         ; Inapplicable ; Inapplicable ; Inapplicable ; Inapplicable ; Pass         ; Inapplicable ; Pass      ; Pass      ; Inapplicable ;
; PC[1]              ; Inapplicable ; Inapplicable ; Inapplicable ; Inapplicable ; Inapplicable ; Pass      ; Inapplicable ; Inapplicable ; Inapplicable ; Inapplicable ; Inapplicable ; Inapplicable ; Inapplicable ; Pass         ; Inapplicable ; Inapplicable ; Inapplicable ; Inapplicable ; Pass         ; Inapplicable ; Inapplicable ; Inapplicable ; Inapplicable ; Pass         ; Inapplicable ; Pass      ; Pass      ; Inapplicable ;
; PC[2]              ; Inapplicable ; Inapplicable ; Inapplicable ; Inapplicable ; Inapplicable ; Pass      ; Inapplicable ; Inapplicable ; Inapplicable ; Inapplicable ; Inapplicable ; Inapplicable ; Inapplicable ; Pass         ; Inapplicable ; Inapplicable ; Inapplicable ; Inapplicable ; Pass         ; Inapplicable ; Inapplicable ; Inapplicable ; Inapplicable ; Pass         ; Inapplicable ; Pass      ; Pass      ; Inapplicable ;
; PC[3]              ; Inapplicable ; Inapplicable ; Inapplicable ; Inapplicable ; Inapplicable ; Pass      ; Inapplicable ; Inapplicable ; Inapplicable ; Inapplicable ; Inapplicable ; Inapplicable ; Inapplicable ; Pass         ; Inapplicable ; Inapplicable ; Inapplicable ; Inapplicable ; Pass         ; Inapplicable ; Inapplicable ; Inapplicable ; Inapplicable ; Pass         ; Inapplicable ; Pass      ; Pass      ; Inapplicable ;
; PC[4]              ; Inapplicable ; Inapplicable ; Inapplicable ; Inapplicable ; Inapplicable ; Pass      ; Inapplicable ; Inapplicable ; Inapplicable ; Inapplicable ; Inapplicable ; Inapplicable ; Inapplicable ; Pass         ; Inapplicable ; Inapplicable ; Inapplicable ; Inapplicable ; Pass         ; Inapplicable ; Inapplicable ; Inapplicable ; Inapplicable ; Pass         ; Inapplicable ; Pass      ; Pass      ; Inapplicable ;
; PC[5]              ; Inapplicable ; Inapplicable ; Inapplicable ; Inapplicable ; Inapplicable ; Pass      ; Inapplicable ; Inapplicable ; Inapplicable ; Inapplicable ; Inapplicable ; Inapplicable ; Inapplicable ; Pass         ; Inapplicable ; Inapplicable ; Inapplicable ; Inapplicable ; Pass         ; Inapplicable ; Inapplicable ; Inapplicable ; Inapplicable ; Pass         ; Inapplicable ; Pass      ; Pass      ; Inapplicable ;
; PC[6]              ; Inapplicable ; Inapplicable ; Inapplicable ; Inapplicable ; Inapplicable ; Pass      ; Inapplicable ; Inapplicable ; Inapplicable ; Inapplicable ; Inapplicable ; Inapplicable ; Inapplicable ; Pass         ; Inapplicable ; Inapplicable ; Inapplicable ; Inapplicable ; Pass         ; Inapplicable ; Inapplicable ; Inapplicable ; Inapplicable ; Pass         ; Inapplicable ; Pass      ; Pass      ; Inapplicable ;
; PC[7]              ; Inapplicable ; Inapplicable ; Inapplicable ; Inapplicable ; Inapplicable ; Pass      ; Inapplicable ; Inapplicable ; Inapplicable ; Inapplicable ; Inapplicable ; Inapplicable ; Inapplicable ; Pass         ; Inapplicable ; Inapplicable ; Inapplicable ; Inapplicable ; Pass         ; Inapplicable ; Inapplicable ; Inapplicable ; Inapplicable ; Pass         ; Inapplicable ; Pass      ; Pass      ; Inapplicable ;
; PC[8]              ; Inapplicable ; Inapplicable ; Inapplicable ; Inapplicable ; Inapplicable ; Pass      ; Inapplicable ; Inapplicable ; Inapplicable ; Inapplicable ; Inapplicable ; Inapplicable ; Inapplicable ; Pass         ; Inapplicable ; Inapplicable ; Inapplicable ; Inapplicable ; Pass         ; Inapplicable ; Inapplicable ; Inapplicable ; Inapplicable ; Pass         ; Inapplicable ; Pass      ; Pass      ; Inapplicable ;
; PC[9]              ; Inapplicable ; Inapplicable ; Inapplicable ; Inapplicable ; Inapplicable ; Pass      ; Inapplicable ; Inapplicable ; Inapplicable ; Inapplicable ; Inapplicable ; Inapplicable ; Inapplicable ; Pass         ; Inapplicable ; Inapplicable ; Inapplicable ; Inapplicable ; Pass         ; Inapplicable ; Inapplicable ; Inapplicable ; Inapplicable ; Pass         ; Inapplicable ; Pass      ; Pass      ; Inapplicable ;
; PC[10]             ; Inapplicable ; Inapplicable ; Inapplicable ; Inapplicable ; Inapplicable ; Pass      ; Inapplicable ; Inapplicable ; Inapplicable ; Inapplicable ; Inapplicable ; Inapplicable ; Inapplicable ; Pass         ; Inapplicable ; Inapplicable ; Inapplicable ; Inapplicable ; Pass         ; Inapplicable ; Inapplicable ; Inapplicable ; Inapplicable ; Pass         ; Inapplicable ; Pass      ; Pass      ; Inapplicable ;
; PC[11]             ; Inapplicable ; Inapplicable ; Inapplicable ; Inapplicable ; Inapplicable ; Pass      ; Inapplicable ; Inapplicable ; Inapplicable ; Inapplicable ; Inapplicable ; Inapplicable ; Inapplicable ; Pass         ; Inapplicable ; Inapplicable ; Inapplicable ; Inapplicable ; Pass         ; Inapplicable ; Inapplicable ; Inapplicable ; Inapplicable ; Pass         ; Inapplicable ; Pass      ; Pass      ; Inapplicable ;
; PC[12]             ; Inapplicable ; Inapplicable ; Inapplicable ; Inapplicable ; Inapplicable ; Pass      ; Inapplicable ; Inapplicable ; Inapplicable ; Inapplicable ; Inapplicable ; Inapplicable ; Inapplicable ; Pass         ; Inapplicable ; Inapplicable ; Inapplicable ; Inapplicable ; Pass         ; Inapplicable ; Inapplicable ; Inapplicable ; Inapplicable ; Pass         ; Inapplicable ; Pass      ; Pass      ; Inapplicable ;
; PC[13]             ; Inapplicable ; Inapplicable ; Inapplicable ; Inapplicable ; Inapplicable ; Pass      ; Inapplicable ; Inapplicable ; Inapplicable ; Inapplicable ; Inapplicable ; Inapplicable ; Inapplicable ; Pass         ; Inapplicable ; Inapplicable ; Inapplicable ; Inapplicable ; Pass         ; Inapplicable ; Inapplicable ; Inapplicable ; Inapplicable ; Pass         ; Inapplicable ; Pass      ; Pass      ; Inapplicable ;
; PC[14]             ; Inapplicable ; Inapplicable ; Inapplicable ; Inapplicable ; Inapplicable ; Pass      ; Inapplicable ; Inapplicable ; Inapplicable ; Inapplicable ; Inapplicable ; Inapplicable ; Inapplicable ; Pass         ; Inapplicable ; Inapplicable ; Inapplicable ; Inapplicable ; Pass         ; Inapplicable ; Inapplicable ; Inapplicable ; Inapplicable ; Pass         ; Inapplicable ; Pass      ; Pass      ; Inapplicable ;
; PC[15]             ; Inapplicable ; Inapplicable ; Inapplicable ; Inapplicable ; Inapplicable ; Pass      ; Inapplicable ; Inapplicable ; Inapplicable ; Inapplicable ; Inapplicable ; Inapplicable ; Inapplicable ; Pass         ; Inapplicable ; Inapplicable ; Inapplicable ; Inapplicable ; Pass         ; Inapplicable ; Inapplicable ; Inapplicable ; Inapplicable ; Pass         ; Inapplicable ; Pass      ; Pass      ; Inapplicable ;
; PC[16]             ; Inapplicable ; Inapplicable ; Inapplicable ; Inapplicable ; Inapplicable ; Pass      ; Inapplicable ; Inapplicable ; Inapplicable ; Inapplicable ; Inapplicable ; Inapplicable ; Inapplicable ; Pass         ; Inapplicable ; Inapplicable ; Inapplicable ; Inapplicable ; Pass         ; Inapplicable ; Inapplicable ; Inapplicable ; Inapplicable ; Pass         ; Inapplicable ; Pass      ; Pass      ; Inapplicable ;
; PC[17]             ; Inapplicable ; Inapplicable ; Inapplicable ; Inapplicable ; Inapplicable ; Pass      ; Inapplicable ; Inapplicable ; Inapplicable ; Inapplicable ; Inapplicable ; Inapplicable ; Inapplicable ; Pass         ; Inapplicable ; Inapplicable ; Inapplicable ; Inapplicable ; Pass         ; Inapplicable ; Inapplicable ; Inapplicable ; Inapplicable ; Pass         ; Inapplicable ; Pass      ; Pass      ; Inapplicable ;
; PC[18]             ; Inapplicable ; Inapplicable ; Inapplicable ; Inapplicable ; Inapplicable ; Pass      ; Inapplicable ; Inapplicable ; Inapplicable ; Inapplicable ; Inapplicable ; Inapplicable ; Inapplicable ; Pass         ; Inapplicable ; Inapplicable ; Inapplicable ; Inapplicable ; Pass         ; Inapplicable ; Inapplicable ; Inapplicable ; Inapplicable ; Pass         ; Inapplicable ; Pass      ; Pass      ; Inapplicable ;
; PC[19]             ; Inapplicable ; Inapplicable ; Inapplicable ; Inapplicable ; Inapplicable ; Pass      ; Inapplicable ; Inapplicable ; Inapplicable ; Inapplicable ; Inapplicable ; Inapplicable ; Inapplicable ; Pass         ; Inapplicable ; Inapplicable ; Inapplicable ; Inapplicable ; Pass         ; Inapplicable ; Inapplicable ; Inapplicable ; Inapplicable ; Pass         ; Inapplicable ; Pass      ; Pass      ; Inapplicable ;
; PC[20]             ; Inapplicable ; Inapplicable ; Inapplicable ; Inapplicable ; Inapplicable ; Pass      ; Inapplicable ; Inapplicable ; Inapplicable ; Inapplicable ; Inapplicable ; Inapplicable ; Inapplicable ; Pass         ; Inapplicable ; Inapplicable ; Inapplicable ; Inapplicable ; Pass         ; Inapplicable ; Inapplicable ; Inapplicable ; Inapplicable ; Pass         ; Inapplicable ; Pass      ; Pass      ; Inapplicable ;
; PC[21]             ; Inapplicable ; Inapplicable ; Inapplicable ; Inapplicable ; Inapplicable ; Pass      ; Inapplicable ; Inapplicable ; Inapplicable ; Inapplicable ; Inapplicable ; Inapplicable ; Inapplicable ; Pass         ; Inapplicable ; Inapplicable ; Inapplicable ; Inapplicable ; Pass         ; Inapplicable ; Inapplicable ; Inapplicable ; Inapplicable ; Pass         ; Inapplicable ; Pass      ; Pass      ; Inapplicable ;
; PC[22]             ; Inapplicable ; Inapplicable ; Inapplicable ; Inapplicable ; Inapplicable ; Pass      ; Inapplicable ; Inapplicable ; Inapplicable ; Inapplicable ; Inapplicable ; Inapplicable ; Inapplicable ; Pass         ; Inapplicable ; Inapplicable ; Inapplicable ; Inapplicable ; Pass         ; Inapplicable ; Inapplicable ; Inapplicable ; Inapplicable ; Pass         ; Inapplicable ; Pass      ; Pass      ; Inapplicable ;
; PC[23]             ; Inapplicable ; Inapplicable ; Inapplicable ; Inapplicable ; Inapplicable ; Pass      ; Inapplicable ; Inapplicable ; Inapplicable ; Inapplicable ; Inapplicable ; Inapplicable ; Inapplicable ; Pass         ; Inapplicable ; Inapplicable ; Inapplicable ; Inapplicable ; Pass         ; Inapplicable ; Inapplicable ; Inapplicable ; Inapplicable ; Pass         ; Inapplicable ; Pass      ; Pass      ; Inapplicable ;
; PC[24]             ; Inapplicable ; Inapplicable ; Inapplicable ; Inapplicable ; Inapplicable ; Pass      ; Inapplicable ; Inapplicable ; Inapplicable ; Inapplicable ; Inapplicable ; Inapplicable ; Inapplicable ; Pass         ; Inapplicable ; Inapplicable ; Inapplicable ; Inapplicable ; Pass         ; Inapplicable ; Inapplicable ; Inapplicable ; Inapplicable ; Pass         ; Inapplicable ; Pass      ; Pass      ; Inapplicable ;
; PC[25]             ; Inapplicable ; Inapplicable ; Inapplicable ; Inapplicable ; Inapplicable ; Pass      ; Inapplicable ; Inapplicable ; Inapplicable ; Inapplicable ; Inapplicable ; Inapplicable ; Inapplicable ; Pass         ; Inapplicable ; Inapplicable ; Inapplicable ; Inapplicable ; Pass         ; Inapplicable ; Inapplicable ; Inapplicable ; Inapplicable ; Pass         ; Inapplicable ; Pass      ; Pass      ; Inapplicable ;
; PC[26]             ; Inapplicable ; Inapplicable ; Inapplicable ; Inapplicable ; Inapplicable ; Pass      ; Inapplicable ; Inapplicable ; Inapplicable ; Inapplicable ; Inapplicable ; Inapplicable ; Inapplicable ; Pass         ; Inapplicable ; Inapplicable ; Inapplicable ; Inapplicable ; Pass         ; Inapplicable ; Inapplicable ; Inapplicable ; Inapplicable ; Pass         ; Inapplicable ; Pass      ; Pass      ; Inapplicable ;
; PC[27]             ; Inapplicable ; Inapplicable ; Inapplicable ; Inapplicable ; Inapplicable ; Pass      ; Inapplicable ; Inapplicable ; Inapplicable ; Inapplicable ; Inapplicable ; Inapplicable ; Inapplicable ; Pass         ; Inapplicable ; Inapplicable ; Inapplicable ; Inapplicable ; Pass         ; Inapplicable ; Inapplicable ; Inapplicable ; Inapplicable ; Pass         ; Inapplicable ; Pass      ; Pass      ; Inapplicable ;
; PC[28]             ; Inapplicable ; Inapplicable ; Inapplicable ; Inapplicable ; Inapplicable ; Pass      ; Inapplicable ; Inapplicable ; Inapplicable ; Inapplicable ; Inapplicable ; Inapplicable ; Inapplicable ; Pass         ; Inapplicable ; Inapplicable ; Inapplicable ; Inapplicable ; Pass         ; Inapplicable ; Inapplicable ; Inapplicable ; Inapplicable ; Pass         ; Inapplicable ; Pass      ; Pass      ; Inapplicable ;
; PC[29]             ; Inapplicable ; Inapplicable ; Inapplicable ; Inapplicable ; Inapplicable ; Pass      ; Inapplicable ; Inapplicable ; Inapplicable ; Inapplicable ; Inapplicable ; Inapplicable ; Inapplicable ; Pass         ; Inapplicable ; Inapplicable ; Inapplicable ; Inapplicable ; Pass         ; Inapplicable ; Inapplicable ; Inapplicable ; Inapplicable ; Pass         ; Inapplicable ; Pass      ; Pass      ; Inapplicable ;
; PC[30]             ; Inapplicable ; Inapplicable ; Inapplicable ; Inapplicable ; Inapplicable ; Pass      ; Inapplicable ; Inapplicable ; Inapplicable ; Inapplicable ; Inapplicable ; Inapplicable ; Inapplicable ; Pass         ; Inapplicable ; Inapplicable ; Inapplicable ; Inapplicable ; Pass         ; Inapplicable ; Inapplicable ; Inapplicable ; Inapplicable ; Pass         ; Inapplicable ; Pass      ; Pass      ; Inapplicable ;
; PC[31]             ; Inapplicable ; Inapplicable ; Inapplicable ; Inapplicable ; Inapplicable ; Pass      ; Inapplicable ; Inapplicable ; Inapplicable ; Inapplicable ; Inapplicable ; Inapplicable ; Inapplicable ; Pass         ; Inapplicable ; Inapplicable ; Inapplicable ; Inapplicable ; Pass         ; Inapplicable ; Inapplicable ; Inapplicable ; Inapplicable ; Pass         ; Inapplicable ; Pass      ; Pass      ; Inapplicable ;
; Result[0]          ; Inapplicable ; Inapplicable ; Inapplicable ; Inapplicable ; Inapplicable ; Pass      ; Inapplicable ; Inapplicable ; Inapplicable ; Inapplicable ; Inapplicable ; Inapplicable ; Inapplicable ; Pass         ; Inapplicable ; Inapplicable ; Inapplicable ; Inapplicable ; Pass         ; Inapplicable ; Inapplicable ; Inapplicable ; Inapplicable ; Pass         ; Inapplicable ; Pass      ; Pass      ; Inapplicable ;
; Result[1]          ; Inapplicable ; Inapplicable ; Inapplicable ; Inapplicable ; Inapplicable ; Pass      ; Inapplicable ; Inapplicable ; Inapplicable ; Inapplicable ; Inapplicable ; Inapplicable ; Inapplicable ; Pass         ; Inapplicable ; Inapplicable ; Inapplicable ; Inapplicable ; Pass         ; Inapplicable ; Inapplicable ; Inapplicable ; Inapplicable ; Pass         ; Inapplicable ; Pass      ; Pass      ; Inapplicable ;
; Result[2]          ; Inapplicable ; Inapplicable ; Inapplicable ; Inapplicable ; Inapplicable ; Pass      ; Inapplicable ; Inapplicable ; Inapplicable ; Inapplicable ; Inapplicable ; Inapplicable ; Inapplicable ; Pass         ; Inapplicable ; Inapplicable ; Inapplicable ; Inapplicable ; Pass         ; Inapplicable ; Inapplicable ; Inapplicable ; Inapplicable ; Pass         ; Inapplicable ; Pass      ; Pass      ; Inapplicable ;
; Result[3]          ; Inapplicable ; Inapplicable ; Inapplicable ; Inapplicable ; Inapplicable ; Pass      ; Inapplicable ; Inapplicable ; Inapplicable ; Inapplicable ; Inapplicable ; Inapplicable ; Inapplicable ; Pass         ; Inapplicable ; Inapplicable ; Inapplicable ; Inapplicable ; Pass         ; Inapplicable ; Inapplicable ; Inapplicable ; Inapplicable ; Pass         ; Inapplicable ; Pass      ; Pass      ; Inapplicable ;
; Result[4]          ; Inapplicable ; Inapplicable ; Inapplicable ; Inapplicable ; Inapplicable ; Pass      ; Inapplicable ; Inapplicable ; Inapplicable ; Inapplicable ; Inapplicable ; Inapplicable ; Inapplicable ; Pass         ; Inapplicable ; Inapplicable ; Inapplicable ; Inapplicable ; Pass         ; Inapplicable ; Inapplicable ; Inapplicable ; Inapplicable ; Pass         ; Inapplicable ; Pass      ; Pass      ; Inapplicable ;
; Result[5]          ; Inapplicable ; Inapplicable ; Inapplicable ; Inapplicable ; Inapplicable ; Pass      ; Inapplicable ; Inapplicable ; Inapplicable ; Inapplicable ; Inapplicable ; Inapplicable ; Inapplicable ; Pass         ; Inapplicable ; Inapplicable ; Inapplicable ; Inapplicable ; Pass         ; Inapplicable ; Inapplicable ; Inapplicable ; Inapplicable ; Pass         ; Inapplicable ; Pass      ; Pass      ; Inapplicable ;
; Result[6]          ; Inapplicable ; Inapplicable ; Inapplicable ; Inapplicable ; Inapplicable ; Pass      ; Inapplicable ; Inapplicable ; Inapplicable ; Inapplicable ; Inapplicable ; Inapplicable ; Inapplicable ; Pass         ; Inapplicable ; Inapplicable ; Inapplicable ; Inapplicable ; Pass         ; Inapplicable ; Inapplicable ; Inapplicable ; Inapplicable ; Pass         ; Inapplicable ; Pass      ; Pass      ; Inapplicable ;
; Result[7]          ; Inapplicable ; Inapplicable ; Inapplicable ; Inapplicable ; Inapplicable ; Pass      ; Inapplicable ; Inapplicable ; Inapplicable ; Inapplicable ; Inapplicable ; Inapplicable ; Inapplicable ; Pass         ; Inapplicable ; Inapplicable ; Inapplicable ; Inapplicable ; Pass         ; Inapplicable ; Inapplicable ; Inapplicable ; Inapplicable ; Pass         ; Inapplicable ; Pass      ; Pass      ; Inapplicable ;
; Result[8]          ; Inapplicable ; Inapplicable ; Inapplicable ; Inapplicable ; Inapplicable ; Pass      ; Inapplicable ; Inapplicable ; Inapplicable ; Inapplicable ; Inapplicable ; Inapplicable ; Inapplicable ; Pass         ; Inapplicable ; Inapplicable ; Inapplicable ; Inapplicable ; Pass         ; Inapplicable ; Inapplicable ; Inapplicable ; Inapplicable ; Pass         ; Inapplicable ; Pass      ; Pass      ; Inapplicable ;
; Result[9]          ; Inapplicable ; Inapplicable ; Inapplicable ; Inapplicable ; Inapplicable ; Pass      ; Inapplicable ; Inapplicable ; Inapplicable ; Inapplicable ; Inapplicable ; Inapplicable ; Inapplicable ; Pass         ; Inapplicable ; Inapplicable ; Inapplicable ; Inapplicable ; Pass         ; Inapplicable ; Inapplicable ; Inapplicable ; Inapplicable ; Pass         ; Inapplicable ; Pass      ; Pass      ; Inapplicable ;
; Result[10]         ; Inapplicable ; Inapplicable ; Inapplicable ; Inapplicable ; Inapplicable ; Pass      ; Inapplicable ; Inapplicable ; Inapplicable ; Inapplicable ; Inapplicable ; Inapplicable ; Inapplicable ; Pass         ; Inapplicable ; Inapplicable ; Inapplicable ; Inapplicable ; Pass         ; Inapplicable ; Inapplicable ; Inapplicable ; Inapplicable ; Pass         ; Inapplicable ; Pass      ; Pass      ; Inapplicable ;
; Result[11]         ; Inapplicable ; Inapplicable ; Inapplicable ; Inapplicable ; Inapplicable ; Pass      ; Inapplicable ; Inapplicable ; Inapplicable ; Inapplicable ; Inapplicable ; Inapplicable ; Inapplicable ; Pass         ; Inapplicable ; Inapplicable ; Inapplicable ; Inapplicable ; Pass         ; Inapplicable ; Inapplicable ; Inapplicable ; Inapplicable ; Pass         ; Inapplicable ; Pass      ; Pass      ; Inapplicable ;
; Result[12]         ; Inapplicable ; Inapplicable ; Inapplicable ; Inapplicable ; Inapplicable ; Pass      ; Inapplicable ; Inapplicable ; Inapplicable ; Inapplicable ; Inapplicable ; Inapplicable ; Inapplicable ; Pass         ; Inapplicable ; Inapplicable ; Inapplicable ; Inapplicable ; Pass         ; Inapplicable ; Inapplicable ; Inapplicable ; Inapplicable ; Pass         ; Inapplicable ; Pass      ; Pass      ; Inapplicable ;
; Result[13]         ; Inapplicable ; Inapplicable ; Inapplicable ; Inapplicable ; Inapplicable ; Pass      ; Inapplicable ; Inapplicable ; Inapplicable ; Inapplicable ; Inapplicable ; Inapplicable ; Inapplicable ; Pass         ; Inapplicable ; Inapplicable ; Inapplicable ; Inapplicable ; Pass         ; Inapplicable ; Inapplicable ; Inapplicable ; Inapplicable ; Pass         ; Inapplicable ; Pass      ; Pass      ; Inapplicable ;
; Result[14]         ; Inapplicable ; Inapplicable ; Inapplicable ; Inapplicable ; Inapplicable ; Pass      ; Inapplicable ; Inapplicable ; Inapplicable ; Inapplicable ; Inapplicable ; Inapplicable ; Inapplicable ; Pass         ; Inapplicable ; Inapplicable ; Inapplicable ; Inapplicable ; Pass         ; Inapplicable ; Inapplicable ; Inapplicable ; Inapplicable ; Pass         ; Inapplicable ; Pass      ; Pass      ; Inapplicable ;
; Result[15]         ; Inapplicable ; Inapplicable ; Inapplicable ; Inapplicable ; Inapplicable ; Pass      ; Inapplicable ; Inapplicable ; Inapplicable ; Inapplicable ; Inapplicable ; Inapplicable ; Inapplicable ; Pass         ; Inapplicable ; Inapplicable ; Inapplicable ; Inapplicable ; Pass         ; Inapplicable ; Inapplicable ; Inapplicable ; Inapplicable ; Pass         ; Inapplicable ; Pass      ; Pass      ; Inapplicable ;
; Result[16]         ; Inapplicable ; Inapplicable ; Inapplicable ; Inapplicable ; Inapplicable ; Pass      ; Inapplicable ; Inapplicable ; Inapplicable ; Inapplicable ; Inapplicable ; Inapplicable ; Inapplicable ; Pass         ; Inapplicable ; Inapplicable ; Inapplicable ; Inapplicable ; Pass         ; Inapplicable ; Inapplicable ; Inapplicable ; Inapplicable ; Pass         ; Inapplicable ; Pass      ; Pass      ; Inapplicable ;
; Result[17]         ; Inapplicable ; Inapplicable ; Inapplicable ; Inapplicable ; Inapplicable ; Pass      ; Inapplicable ; Inapplicable ; Inapplicable ; Inapplicable ; Inapplicable ; Inapplicable ; Inapplicable ; Pass         ; Inapplicable ; Inapplicable ; Inapplicable ; Inapplicable ; Pass         ; Inapplicable ; Inapplicable ; Inapplicable ; Inapplicable ; Pass         ; Inapplicable ; Pass      ; Pass      ; Inapplicable ;
; Result[18]         ; Inapplicable ; Inapplicable ; Inapplicable ; Inapplicable ; Inapplicable ; Pass      ; Inapplicable ; Inapplicable ; Inapplicable ; Inapplicable ; Inapplicable ; Inapplicable ; Inapplicable ; Pass         ; Inapplicable ; Inapplicable ; Inapplicable ; Inapplicable ; Pass         ; Inapplicable ; Inapplicable ; Inapplicable ; Inapplicable ; Pass         ; Inapplicable ; Pass      ; Pass      ; Inapplicable ;
; Result[19]         ; Inapplicable ; Inapplicable ; Inapplicable ; Inapplicable ; Inapplicable ; Pass      ; Inapplicable ; Inapplicable ; Inapplicable ; Inapplicable ; Inapplicable ; Inapplicable ; Inapplicable ; Pass         ; Inapplicable ; Inapplicable ; Inapplicable ; Inapplicable ; Pass         ; Inapplicable ; Inapplicable ; Inapplicable ; Inapplicable ; Pass         ; Inapplicable ; Pass      ; Pass      ; Inapplicable ;
; Result[20]         ; Inapplicable ; Inapplicable ; Inapplicable ; Inapplicable ; Inapplicable ; Pass      ; Inapplicable ; Inapplicable ; Inapplicable ; Inapplicable ; Inapplicable ; Inapplicable ; Inapplicable ; Pass         ; Inapplicable ; Inapplicable ; Inapplicable ; Inapplicable ; Pass         ; Inapplicable ; Inapplicable ; Inapplicable ; Inapplicable ; Pass         ; Inapplicable ; Pass      ; Pass      ; Inapplicable ;
; Result[21]         ; Inapplicable ; Inapplicable ; Inapplicable ; Inapplicable ; Inapplicable ; Pass      ; Inapplicable ; Inapplicable ; Inapplicable ; Inapplicable ; Inapplicable ; Inapplicable ; Inapplicable ; Pass         ; Inapplicable ; Inapplicable ; Inapplicable ; Inapplicable ; Pass         ; Inapplicable ; Inapplicable ; Inapplicable ; Inapplicable ; Pass         ; Inapplicable ; Pass      ; Pass      ; Inapplicable ;
; Result[22]         ; Inapplicable ; Inapplicable ; Inapplicable ; Inapplicable ; Inapplicable ; Pass      ; Inapplicable ; Inapplicable ; Inapplicable ; Inapplicable ; Inapplicable ; Inapplicable ; Inapplicable ; Pass         ; Inapplicable ; Inapplicable ; Inapplicable ; Inapplicable ; Pass         ; Inapplicable ; Inapplicable ; Inapplicable ; Inapplicable ; Pass         ; Inapplicable ; Pass      ; Pass      ; Inapplicable ;
; Result[23]         ; Inapplicable ; Inapplicable ; Inapplicable ; Inapplicable ; Inapplicable ; Pass      ; Inapplicable ; Inapplicable ; Inapplicable ; Inapplicable ; Inapplicable ; Inapplicable ; Inapplicable ; Pass         ; Inapplicable ; Inapplicable ; Inapplicable ; Inapplicable ; Pass         ; Inapplicable ; Inapplicable ; Inapplicable ; Inapplicable ; Pass         ; Inapplicable ; Pass      ; Pass      ; Inapplicable ;
; Result[24]         ; Inapplicable ; Inapplicable ; Inapplicable ; Inapplicable ; Inapplicable ; Pass      ; Inapplicable ; Inapplicable ; Inapplicable ; Inapplicable ; Inapplicable ; Inapplicable ; Inapplicable ; Pass         ; Inapplicable ; Inapplicable ; Inapplicable ; Inapplicable ; Pass         ; Inapplicable ; Inapplicable ; Inapplicable ; Inapplicable ; Pass         ; Inapplicable ; Pass      ; Pass      ; Inapplicable ;
; Result[25]         ; Inapplicable ; Inapplicable ; Inapplicable ; Inapplicable ; Inapplicable ; Pass      ; Inapplicable ; Inapplicable ; Inapplicable ; Inapplicable ; Inapplicable ; Inapplicable ; Inapplicable ; Pass         ; Inapplicable ; Inapplicable ; Inapplicable ; Inapplicable ; Pass         ; Inapplicable ; Inapplicable ; Inapplicable ; Inapplicable ; Pass         ; Inapplicable ; Pass      ; Pass      ; Inapplicable ;
; Result[26]         ; Inapplicable ; Inapplicable ; Inapplicable ; Inapplicable ; Inapplicable ; Pass      ; Inapplicable ; Inapplicable ; Inapplicable ; Inapplicable ; Inapplicable ; Inapplicable ; Inapplicable ; Pass         ; Inapplicable ; Inapplicable ; Inapplicable ; Inapplicable ; Pass         ; Inapplicable ; Inapplicable ; Inapplicable ; Inapplicable ; Pass         ; Inapplicable ; Pass      ; Pass      ; Inapplicable ;
; Result[27]         ; Inapplicable ; Inapplicable ; Inapplicable ; Inapplicable ; Inapplicable ; Pass      ; Inapplicable ; Inapplicable ; Inapplicable ; Inapplicable ; Inapplicable ; Inapplicable ; Inapplicable ; Pass         ; Inapplicable ; Inapplicable ; Inapplicable ; Inapplicable ; Pass         ; Inapplicable ; Inapplicable ; Inapplicable ; Inapplicable ; Pass         ; Inapplicable ; Pass      ; Pass      ; Inapplicable ;
; Result[28]         ; Inapplicable ; Inapplicable ; Inapplicable ; Inapplicable ; Inapplicable ; Pass      ; Inapplicable ; Inapplicable ; Inapplicable ; Inapplicable ; Inapplicable ; Inapplicable ; Inapplicable ; Pass         ; Inapplicable ; Inapplicable ; Inapplicable ; Inapplicable ; Pass         ; Inapplicable ; Inapplicable ; Inapplicable ; Inapplicable ; Pass         ; Inapplicable ; Pass      ; Pass      ; Inapplicable ;
; Result[29]         ; Inapplicable ; Inapplicable ; Inapplicable ; Inapplicable ; Inapplicable ; Pass      ; Inapplicable ; Inapplicable ; Inapplicable ; Inapplicable ; Inapplicable ; Inapplicable ; Inapplicable ; Pass         ; Inapplicable ; Inapplicable ; Inapplicable ; Inapplicable ; Pass         ; Inapplicable ; Inapplicable ; Inapplicable ; Inapplicable ; Pass         ; Inapplicable ; Pass      ; Pass      ; Inapplicable ;
; Result[30]         ; Inapplicable ; Inapplicable ; Inapplicable ; Inapplicable ; Inapplicable ; Pass      ; Inapplicable ; Inapplicable ; Inapplicable ; Inapplicable ; Inapplicable ; Inapplicable ; Inapplicable ; Pass         ; Inapplicable ; Inapplicable ; Inapplicable ; Inapplicable ; Pass         ; Inapplicable ; Inapplicable ; Inapplicable ; Inapplicable ; Pass         ; Inapplicable ; Pass      ; Pass      ; Inapplicable ;
; Result[31]         ; Inapplicable ; Inapplicable ; Inapplicable ; Inapplicable ; Inapplicable ; Pass      ; Inapplicable ; Inapplicable ; Inapplicable ; Inapplicable ; Inapplicable ; Inapplicable ; Inapplicable ; Pass         ; Inapplicable ; Inapplicable ; Inapplicable ; Inapplicable ; Pass         ; Inapplicable ; Inapplicable ; Inapplicable ; Inapplicable ; Pass         ; Inapplicable ; Pass      ; Pass      ; Inapplicable ;
; reset              ; Inapplicable ; Inapplicable ; Inapplicable ; Inapplicable ; Inapplicable ; Pass      ; Inapplicable ; Inapplicable ; Inapplicable ; Inapplicable ; Inapplicable ; Inapplicable ; Inapplicable ; Inapplicable ; Inapplicable ; Inapplicable ; Inapplicable ; Inapplicable ; Inapplicable ; Inapplicable ; Inapplicable ; Inapplicable ; Inapplicable ; Inapplicable ; Inapplicable ; Pass      ; Pass      ; Inapplicable ;
; Ext_MemWrite       ; Inapplicable ; Inapplicable ; Inapplicable ; Inapplicable ; Inapplicable ; Pass      ; Inapplicable ; Inapplicable ; Inapplicable ; Inapplicable ; Inapplicable ; Inapplicable ; Inapplicable ; Inapplicable ; Inapplicable ; Inapplicable ; Inapplicable ; Inapplicable ; Inapplicable ; Inapplicable ; Inapplicable ; Inapplicable ; Inapplicable ; Inapplicable ; Inapplicable ; Pass      ; Pass      ; Inapplicable ;
; Ext_WriteData[0]   ; Inapplicable ; Inapplicable ; Inapplicable ; Inapplicable ; Inapplicable ; Pass      ; Inapplicable ; Inapplicable ; Inapplicable ; Inapplicable ; Inapplicable ; Inapplicable ; Inapplicable ; Inapplicable ; Inapplicable ; Inapplicable ; Inapplicable ; Inapplicable ; Inapplicable ; Inapplicable ; Inapplicable ; Inapplicable ; Inapplicable ; Inapplicable ; Inapplicable ; Pass      ; Pass      ; Inapplicable ;
; Ext_WriteData[1]   ; Inapplicable ; Inapplicable ; Inapplicable ; Inapplicable ; Inapplicable ; Pass      ; Inapplicable ; Inapplicable ; Inapplicable ; Inapplicable ; Inapplicable ; Inapplicable ; Inapplicable ; Inapplicable ; Inapplicable ; Inapplicable ; Inapplicable ; Inapplicable ; Inapplicable ; Inapplicable ; Inapplicable ; Inapplicable ; Inapplicable ; Inapplicable ; Inapplicable ; Pass      ; Pass      ; Inapplicable ;
; Ext_WriteData[2]   ; Inapplicable ; Inapplicable ; Inapplicable ; Inapplicable ; Inapplicable ; Pass      ; Inapplicable ; Inapplicable ; Inapplicable ; Inapplicable ; Inapplicable ; Inapplicable ; Inapplicable ; Inapplicable ; Inapplicable ; Inapplicable ; Inapplicable ; Inapplicable ; Inapplicable ; Inapplicable ; Inapplicable ; Inapplicable ; Inapplicable ; Inapplicable ; Inapplicable ; Pass      ; Pass      ; Inapplicable ;
; Ext_WriteData[3]   ; Inapplicable ; Inapplicable ; Inapplicable ; Inapplicable ; Inapplicable ; Pass      ; Inapplicable ; Inapplicable ; Inapplicable ; Inapplicable ; Inapplicable ; Inapplicable ; Inapplicable ; Inapplicable ; Inapplicable ; Inapplicable ; Inapplicable ; Inapplicable ; Inapplicable ; Inapplicable ; Inapplicable ; Inapplicable ; Inapplicable ; Inapplicable ; Inapplicable ; Pass      ; Pass      ; Inapplicable ;
; Ext_WriteData[4]   ; Inapplicable ; Inapplicable ; Inapplicable ; Inapplicable ; Inapplicable ; Pass      ; Inapplicable ; Inapplicable ; Inapplicable ; Inapplicable ; Inapplicable ; Inapplicable ; Inapplicable ; Inapplicable ; Inapplicable ; Inapplicable ; Inapplicable ; Inapplicable ; Inapplicable ; Inapplicable ; Inapplicable ; Inapplicable ; Inapplicable ; Inapplicable ; Inapplicable ; Pass      ; Pass      ; Inapplicable ;
; Ext_WriteData[5]   ; Inapplicable ; Inapplicable ; Inapplicable ; Inapplicable ; Inapplicable ; Pass      ; Inapplicable ; Inapplicable ; Inapplicable ; Inapplicable ; Inapplicable ; Inapplicable ; Inapplicable ; Inapplicable ; Inapplicable ; Inapplicable ; Inapplicable ; Inapplicable ; Inapplicable ; Inapplicable ; Inapplicable ; Inapplicable ; Inapplicable ; Inapplicable ; Inapplicable ; Pass      ; Pass      ; Inapplicable ;
; Ext_WriteData[6]   ; Inapplicable ; Inapplicable ; Inapplicable ; Inapplicable ; Inapplicable ; Pass      ; Inapplicable ; Inapplicable ; Inapplicable ; Inapplicable ; Inapplicable ; Inapplicable ; Inapplicable ; Inapplicable ; Inapplicable ; Inapplicable ; Inapplicable ; Inapplicable ; Inapplicable ; Inapplicable ; Inapplicable ; Inapplicable ; Inapplicable ; Inapplicable ; Inapplicable ; Pass      ; Pass      ; Inapplicable ;
; Ext_WriteData[7]   ; Inapplicable ; Inapplicable ; Inapplicable ; Inapplicable ; Inapplicable ; Pass      ; Inapplicable ; Inapplicable ; Inapplicable ; Inapplicable ; Inapplicable ; Inapplicable ; Inapplicable ; Inapplicable ; Inapplicable ; Inapplicable ; Inapplicable ; Inapplicable ; Inapplicable ; Inapplicable ; Inapplicable ; Inapplicable ; Inapplicable ; Inapplicable ; Inapplicable ; Pass      ; Pass      ; Inapplicable ;
; Ext_WriteData[8]   ; Inapplicable ; Inapplicable ; Inapplicable ; Inapplicable ; Inapplicable ; Pass      ; Inapplicable ; Inapplicable ; Inapplicable ; Inapplicable ; Inapplicable ; Inapplicable ; Inapplicable ; Inapplicable ; Inapplicable ; Inapplicable ; Inapplicable ; Inapplicable ; Inapplicable ; Inapplicable ; Inapplicable ; Inapplicable ; Inapplicable ; Inapplicable ; Inapplicable ; Pass      ; Pass      ; Inapplicable ;
; Ext_WriteData[9]   ; Inapplicable ; Inapplicable ; Inapplicable ; Inapplicable ; Inapplicable ; Pass      ; Inapplicable ; Inapplicable ; Inapplicable ; Inapplicable ; Inapplicable ; Inapplicable ; Inapplicable ; Inapplicable ; Inapplicable ; Inapplicable ; Inapplicable ; Inapplicable ; Inapplicable ; Inapplicable ; Inapplicable ; Inapplicable ; Inapplicable ; Inapplicable ; Inapplicable ; Pass      ; Pass      ; Inapplicable ;
; Ext_WriteData[10]  ; Inapplicable ; Inapplicable ; Inapplicable ; Inapplicable ; Inapplicable ; Pass      ; Inapplicable ; Inapplicable ; Inapplicable ; Inapplicable ; Inapplicable ; Inapplicable ; Inapplicable ; Inapplicable ; Inapplicable ; Inapplicable ; Inapplicable ; Inapplicable ; Inapplicable ; Inapplicable ; Inapplicable ; Inapplicable ; Inapplicable ; Inapplicable ; Inapplicable ; Pass      ; Pass      ; Inapplicable ;
; Ext_WriteData[11]  ; Inapplicable ; Inapplicable ; Inapplicable ; Inapplicable ; Inapplicable ; Pass      ; Inapplicable ; Inapplicable ; Inapplicable ; Inapplicable ; Inapplicable ; Inapplicable ; Inapplicable ; Inapplicable ; Inapplicable ; Inapplicable ; Inapplicable ; Inapplicable ; Inapplicable ; Inapplicable ; Inapplicable ; Inapplicable ; Inapplicable ; Inapplicable ; Inapplicable ; Pass      ; Pass      ; Inapplicable ;
; Ext_WriteData[12]  ; Inapplicable ; Inapplicable ; Inapplicable ; Inapplicable ; Inapplicable ; Pass      ; Inapplicable ; Inapplicable ; Inapplicable ; Inapplicable ; Inapplicable ; Inapplicable ; Inapplicable ; Inapplicable ; Inapplicable ; Inapplicable ; Inapplicable ; Inapplicable ; Inapplicable ; Inapplicable ; Inapplicable ; Inapplicable ; Inapplicable ; Inapplicable ; Inapplicable ; Pass      ; Pass      ; Inapplicable ;
; Ext_WriteData[13]  ; Inapplicable ; Inapplicable ; Inapplicable ; Inapplicable ; Inapplicable ; Pass      ; Inapplicable ; Inapplicable ; Inapplicable ; Inapplicable ; Inapplicable ; Inapplicable ; Inapplicable ; Inapplicable ; Inapplicable ; Inapplicable ; Inapplicable ; Inapplicable ; Inapplicable ; Inapplicable ; Inapplicable ; Inapplicable ; Inapplicable ; Inapplicable ; Inapplicable ; Pass      ; Pass      ; Inapplicable ;
; Ext_WriteData[14]  ; Inapplicable ; Inapplicable ; Inapplicable ; Inapplicable ; Inapplicable ; Pass      ; Inapplicable ; Inapplicable ; Inapplicable ; Inapplicable ; Inapplicable ; Inapplicable ; Inapplicable ; Inapplicable ; Inapplicable ; Inapplicable ; Inapplicable ; Inapplicable ; Inapplicable ; Inapplicable ; Inapplicable ; Inapplicable ; Inapplicable ; Inapplicable ; Inapplicable ; Pass      ; Pass      ; Inapplicable ;
; Ext_WriteData[15]  ; Inapplicable ; Inapplicable ; Inapplicable ; Inapplicable ; Inapplicable ; Pass      ; Inapplicable ; Inapplicable ; Inapplicable ; Inapplicable ; Inapplicable ; Inapplicable ; Inapplicable ; Inapplicable ; Inapplicable ; Inapplicable ; Inapplicable ; Inapplicable ; Inapplicable ; Inapplicable ; Inapplicable ; Inapplicable ; Inapplicable ; Inapplicable ; Inapplicable ; Pass      ; Pass      ; Inapplicable ;
; Ext_WriteData[16]  ; Inapplicable ; Inapplicable ; Inapplicable ; Inapplicable ; Inapplicable ; Pass      ; Inapplicable ; Inapplicable ; Inapplicable ; Inapplicable ; Inapplicable ; Inapplicable ; Inapplicable ; Inapplicable ; Inapplicable ; Inapplicable ; Inapplicable ; Inapplicable ; Inapplicable ; Inapplicable ; Inapplicable ; Inapplicable ; Inapplicable ; Inapplicable ; Inapplicable ; Pass      ; Pass      ; Inapplicable ;
; Ext_WriteData[17]  ; Inapplicable ; Inapplicable ; Inapplicable ; Inapplicable ; Inapplicable ; Pass      ; Inapplicable ; Inapplicable ; Inapplicable ; Inapplicable ; Inapplicable ; Inapplicable ; Inapplicable ; Inapplicable ; Inapplicable ; Inapplicable ; Inapplicable ; Inapplicable ; Inapplicable ; Inapplicable ; Inapplicable ; Inapplicable ; Inapplicable ; Inapplicable ; Inapplicable ; Pass      ; Pass      ; Inapplicable ;
; Ext_WriteData[18]  ; Inapplicable ; Inapplicable ; Inapplicable ; Inapplicable ; Inapplicable ; Pass      ; Inapplicable ; Inapplicable ; Inapplicable ; Inapplicable ; Inapplicable ; Inapplicable ; Inapplicable ; Inapplicable ; Inapplicable ; Inapplicable ; Inapplicable ; Inapplicable ; Inapplicable ; Inapplicable ; Inapplicable ; Inapplicable ; Inapplicable ; Inapplicable ; Inapplicable ; Pass      ; Pass      ; Inapplicable ;
; Ext_WriteData[19]  ; Inapplicable ; Inapplicable ; Inapplicable ; Inapplicable ; Inapplicable ; Pass      ; Inapplicable ; Inapplicable ; Inapplicable ; Inapplicable ; Inapplicable ; Inapplicable ; Inapplicable ; Inapplicable ; Inapplicable ; Inapplicable ; Inapplicable ; Inapplicable ; Inapplicable ; Inapplicable ; Inapplicable ; Inapplicable ; Inapplicable ; Inapplicable ; Inapplicable ; Pass      ; Pass      ; Inapplicable ;
; Ext_WriteData[20]  ; Inapplicable ; Inapplicable ; Inapplicable ; Inapplicable ; Inapplicable ; Pass      ; Inapplicable ; Inapplicable ; Inapplicable ; Inapplicable ; Inapplicable ; Inapplicable ; Inapplicable ; Inapplicable ; Inapplicable ; Inapplicable ; Inapplicable ; Inapplicable ; Inapplicable ; Inapplicable ; Inapplicable ; Inapplicable ; Inapplicable ; Inapplicable ; Inapplicable ; Pass      ; Pass      ; Inapplicable ;
; Ext_WriteData[21]  ; Inapplicable ; Inapplicable ; Inapplicable ; Inapplicable ; Inapplicable ; Pass      ; Inapplicable ; Inapplicable ; Inapplicable ; Inapplicable ; Inapplicable ; Inapplicable ; Inapplicable ; Inapplicable ; Inapplicable ; Inapplicable ; Inapplicable ; Inapplicable ; Inapplicable ; Inapplicable ; Inapplicable ; Inapplicable ; Inapplicable ; Inapplicable ; Inapplicable ; Pass      ; Pass      ; Inapplicable ;
; Ext_WriteData[22]  ; Inapplicable ; Inapplicable ; Inapplicable ; Inapplicable ; Inapplicable ; Pass      ; Inapplicable ; Inapplicable ; Inapplicable ; Inapplicable ; Inapplicable ; Inapplicable ; Inapplicable ; Inapplicable ; Inapplicable ; Inapplicable ; Inapplicable ; Inapplicable ; Inapplicable ; Inapplicable ; Inapplicable ; Inapplicable ; Inapplicable ; Inapplicable ; Inapplicable ; Pass      ; Pass      ; Inapplicable ;
; Ext_WriteData[23]  ; Inapplicable ; Inapplicable ; Inapplicable ; Inapplicable ; Inapplicable ; Pass      ; Inapplicable ; Inapplicable ; Inapplicable ; Inapplicable ; Inapplicable ; Inapplicable ; Inapplicable ; Inapplicable ; Inapplicable ; Inapplicable ; Inapplicable ; Inapplicable ; Inapplicable ; Inapplicable ; Inapplicable ; Inapplicable ; Inapplicable ; Inapplicable ; Inapplicable ; Pass      ; Pass      ; Inapplicable ;
; Ext_WriteData[24]  ; Inapplicable ; Inapplicable ; Inapplicable ; Inapplicable ; Inapplicable ; Pass      ; Inapplicable ; Inapplicable ; Inapplicable ; Inapplicable ; Inapplicable ; Inapplicable ; Inapplicable ; Inapplicable ; Inapplicable ; Inapplicable ; Inapplicable ; Inapplicable ; Inapplicable ; Inapplicable ; Inapplicable ; Inapplicable ; Inapplicable ; Inapplicable ; Inapplicable ; Pass      ; Pass      ; Inapplicable ;
; Ext_WriteData[25]  ; Inapplicable ; Inapplicable ; Inapplicable ; Inapplicable ; Inapplicable ; Pass      ; Inapplicable ; Inapplicable ; Inapplicable ; Inapplicable ; Inapplicable ; Inapplicable ; Inapplicable ; Inapplicable ; Inapplicable ; Inapplicable ; Inapplicable ; Inapplicable ; Inapplicable ; Inapplicable ; Inapplicable ; Inapplicable ; Inapplicable ; Inapplicable ; Inapplicable ; Pass      ; Pass      ; Inapplicable ;
; Ext_WriteData[26]  ; Inapplicable ; Inapplicable ; Inapplicable ; Inapplicable ; Inapplicable ; Pass      ; Inapplicable ; Inapplicable ; Inapplicable ; Inapplicable ; Inapplicable ; Inapplicable ; Inapplicable ; Inapplicable ; Inapplicable ; Inapplicable ; Inapplicable ; Inapplicable ; Inapplicable ; Inapplicable ; Inapplicable ; Inapplicable ; Inapplicable ; Inapplicable ; Inapplicable ; Pass      ; Pass      ; Inapplicable ;
; Ext_WriteData[27]  ; Inapplicable ; Inapplicable ; Inapplicable ; Inapplicable ; Inapplicable ; Pass      ; Inapplicable ; Inapplicable ; Inapplicable ; Inapplicable ; Inapplicable ; Inapplicable ; Inapplicable ; Inapplicable ; Inapplicable ; Inapplicable ; Inapplicable ; Inapplicable ; Inapplicable ; Inapplicable ; Inapplicable ; Inapplicable ; Inapplicable ; Inapplicable ; Inapplicable ; Pass      ; Pass      ; Inapplicable ;
; Ext_WriteData[28]  ; Inapplicable ; Inapplicable ; Inapplicable ; Inapplicable ; Inapplicable ; Pass      ; Inapplicable ; Inapplicable ; Inapplicable ; Inapplicable ; Inapplicable ; Inapplicable ; Inapplicable ; Inapplicable ; Inapplicable ; Inapplicable ; Inapplicable ; Inapplicable ; Inapplicable ; Inapplicable ; Inapplicable ; Inapplicable ; Inapplicable ; Inapplicable ; Inapplicable ; Pass      ; Pass      ; Inapplicable ;
; Ext_WriteData[29]  ; Inapplicable ; Inapplicable ; Inapplicable ; Inapplicable ; Inapplicable ; Pass      ; Inapplicable ; Inapplicable ; Inapplicable ; Inapplicable ; Inapplicable ; Inapplicable ; Inapplicable ; Inapplicable ; Inapplicable ; Inapplicable ; Inapplicable ; Inapplicable ; Inapplicable ; Inapplicable ; Inapplicable ; Inapplicable ; Inapplicable ; Inapplicable ; Inapplicable ; Pass      ; Pass      ; Inapplicable ;
; Ext_WriteData[30]  ; Inapplicable ; Inapplicable ; Inapplicable ; Inapplicable ; Inapplicable ; Pass      ; Inapplicable ; Inapplicable ; Inapplicable ; Inapplicable ; Inapplicable ; Inapplicable ; Inapplicable ; Inapplicable ; Inapplicable ; Inapplicable ; Inapplicable ; Inapplicable ; Inapplicable ; Inapplicable ; Inapplicable ; Inapplicable ; Inapplicable ; Inapplicable ; Inapplicable ; Pass      ; Pass      ; Inapplicable ;
; Ext_WriteData[31]  ; Inapplicable ; Inapplicable ; Inapplicable ; Inapplicable ; Inapplicable ; Pass      ; Inapplicable ; Inapplicable ; Inapplicable ; Inapplicable ; Inapplicable ; Inapplicable ; Inapplicable ; Inapplicable ; Inapplicable ; Inapplicable ; Inapplicable ; Inapplicable ; Inapplicable ; Inapplicable ; Inapplicable ; Inapplicable ; Inapplicable ; Inapplicable ; Inapplicable ; Pass      ; Pass      ; Inapplicable ;
; Ext_DataAdr[0]     ; Inapplicable ; Inapplicable ; Inapplicable ; Inapplicable ; Inapplicable ; Pass      ; Inapplicable ; Inapplicable ; Inapplicable ; Inapplicable ; Inapplicable ; Inapplicable ; Inapplicable ; Inapplicable ; Inapplicable ; Inapplicable ; Inapplicable ; Inapplicable ; Inapplicable ; Inapplicable ; Inapplicable ; Inapplicable ; Inapplicable ; Inapplicable ; Inapplicable ; Pass      ; Pass      ; Inapplicable ;
; Ext_DataAdr[1]     ; Inapplicable ; Inapplicable ; Inapplicable ; Inapplicable ; Inapplicable ; Pass      ; Inapplicable ; Inapplicable ; Inapplicable ; Inapplicable ; Inapplicable ; Inapplicable ; Inapplicable ; Inapplicable ; Inapplicable ; Inapplicable ; Inapplicable ; Inapplicable ; Inapplicable ; Inapplicable ; Inapplicable ; Inapplicable ; Inapplicable ; Inapplicable ; Inapplicable ; Pass      ; Pass      ; Inapplicable ;
; Ext_DataAdr[2]     ; Inapplicable ; Inapplicable ; Inapplicable ; Inapplicable ; Inapplicable ; Pass      ; Inapplicable ; Inapplicable ; Inapplicable ; Inapplicable ; Inapplicable ; Inapplicable ; Inapplicable ; Inapplicable ; Inapplicable ; Inapplicable ; Inapplicable ; Inapplicable ; Inapplicable ; Inapplicable ; Inapplicable ; Inapplicable ; Inapplicable ; Inapplicable ; Inapplicable ; Pass      ; Pass      ; Inapplicable ;
; Ext_DataAdr[3]     ; Inapplicable ; Inapplicable ; Inapplicable ; Inapplicable ; Inapplicable ; Pass      ; Inapplicable ; Inapplicable ; Inapplicable ; Inapplicable ; Inapplicable ; Inapplicable ; Inapplicable ; Inapplicable ; Inapplicable ; Inapplicable ; Inapplicable ; Inapplicable ; Inapplicable ; Inapplicable ; Inapplicable ; Inapplicable ; Inapplicable ; Inapplicable ; Inapplicable ; Pass      ; Pass      ; Inapplicable ;
; Ext_DataAdr[4]     ; Inapplicable ; Inapplicable ; Inapplicable ; Inapplicable ; Inapplicable ; Pass      ; Inapplicable ; Inapplicable ; Inapplicable ; Inapplicable ; Inapplicable ; Inapplicable ; Inapplicable ; Inapplicable ; Inapplicable ; Inapplicable ; Inapplicable ; Inapplicable ; Inapplicable ; Inapplicable ; Inapplicable ; Inapplicable ; Inapplicable ; Inapplicable ; Inapplicable ; Pass      ; Pass      ; Inapplicable ;
; Ext_DataAdr[5]     ; Inapplicable ; Inapplicable ; Inapplicable ; Inapplicable ; Inapplicable ; Pass      ; Inapplicable ; Inapplicable ; Inapplicable ; Inapplicable ; Inapplicable ; Inapplicable ; Inapplicable ; Inapplicable ; Inapplicable ; Inapplicable ; Inapplicable ; Inapplicable ; Inapplicable ; Inapplicable ; Inapplicable ; Inapplicable ; Inapplicable ; Inapplicable ; Inapplicable ; Pass      ; Pass      ; Inapplicable ;
; Ext_DataAdr[6]     ; Inapplicable ; Inapplicable ; Inapplicable ; Inapplicable ; Inapplicable ; Pass      ; Inapplicable ; Inapplicable ; Inapplicable ; Inapplicable ; Inapplicable ; Inapplicable ; Inapplicable ; Inapplicable ; Inapplicable ; Inapplicable ; Inapplicable ; Inapplicable ; Inapplicable ; Inapplicable ; Inapplicable ; Inapplicable ; Inapplicable ; Inapplicable ; Inapplicable ; Pass      ; Pass      ; Inapplicable ;
; Ext_DataAdr[7]     ; Inapplicable ; Inapplicable ; Inapplicable ; Inapplicable ; Inapplicable ; Pass      ; Inapplicable ; Inapplicable ; Inapplicable ; Inapplicable ; Inapplicable ; Inapplicable ; Inapplicable ; Inapplicable ; Inapplicable ; Inapplicable ; Inapplicable ; Inapplicable ; Inapplicable ; Inapplicable ; Inapplicable ; Inapplicable ; Inapplicable ; Inapplicable ; Inapplicable ; Pass      ; Pass      ; Inapplicable ;
; Ext_DataAdr[8]     ; Inapplicable ; Inapplicable ; Inapplicable ; Inapplicable ; Inapplicable ; Pass      ; Inapplicable ; Inapplicable ; Inapplicable ; Inapplicable ; Inapplicable ; Inapplicable ; Inapplicable ; Inapplicable ; Inapplicable ; Inapplicable ; Inapplicable ; Inapplicable ; Inapplicable ; Inapplicable ; Inapplicable ; Inapplicable ; Inapplicable ; Inapplicable ; Inapplicable ; Pass      ; Pass      ; Inapplicable ;
; Ext_DataAdr[9]     ; Inapplicable ; Inapplicable ; Inapplicable ; Inapplicable ; Inapplicable ; Pass      ; Inapplicable ; Inapplicable ; Inapplicable ; Inapplicable ; Inapplicable ; Inapplicable ; Inapplicable ; Inapplicable ; Inapplicable ; Inapplicable ; Inapplicable ; Inapplicable ; Inapplicable ; Inapplicable ; Inapplicable ; Inapplicable ; Inapplicable ; Inapplicable ; Inapplicable ; Pass      ; Pass      ; Inapplicable ;
; Ext_DataAdr[10]    ; Inapplicable ; Inapplicable ; Inapplicable ; Inapplicable ; Inapplicable ; Pass      ; Inapplicable ; Inapplicable ; Inapplicable ; Inapplicable ; Inapplicable ; Inapplicable ; Inapplicable ; Inapplicable ; Inapplicable ; Inapplicable ; Inapplicable ; Inapplicable ; Inapplicable ; Inapplicable ; Inapplicable ; Inapplicable ; Inapplicable ; Inapplicable ; Inapplicable ; Pass      ; Pass      ; Inapplicable ;
; Ext_DataAdr[11]    ; Inapplicable ; Inapplicable ; Inapplicable ; Inapplicable ; Inapplicable ; Pass      ; Inapplicable ; Inapplicable ; Inapplicable ; Inapplicable ; Inapplicable ; Inapplicable ; Inapplicable ; Inapplicable ; Inapplicable ; Inapplicable ; Inapplicable ; Inapplicable ; Inapplicable ; Inapplicable ; Inapplicable ; Inapplicable ; Inapplicable ; Inapplicable ; Inapplicable ; Pass      ; Pass      ; Inapplicable ;
; Ext_DataAdr[12]    ; Inapplicable ; Inapplicable ; Inapplicable ; Inapplicable ; Inapplicable ; Pass      ; Inapplicable ; Inapplicable ; Inapplicable ; Inapplicable ; Inapplicable ; Inapplicable ; Inapplicable ; Inapplicable ; Inapplicable ; Inapplicable ; Inapplicable ; Inapplicable ; Inapplicable ; Inapplicable ; Inapplicable ; Inapplicable ; Inapplicable ; Inapplicable ; Inapplicable ; Pass      ; Pass      ; Inapplicable ;
; Ext_DataAdr[13]    ; Inapplicable ; Inapplicable ; Inapplicable ; Inapplicable ; Inapplicable ; Pass      ; Inapplicable ; Inapplicable ; Inapplicable ; Inapplicable ; Inapplicable ; Inapplicable ; Inapplicable ; Inapplicable ; Inapplicable ; Inapplicable ; Inapplicable ; Inapplicable ; Inapplicable ; Inapplicable ; Inapplicable ; Inapplicable ; Inapplicable ; Inapplicable ; Inapplicable ; Pass      ; Pass      ; Inapplicable ;
; Ext_DataAdr[14]    ; Inapplicable ; Inapplicable ; Inapplicable ; Inapplicable ; Inapplicable ; Pass      ; Inapplicable ; Inapplicable ; Inapplicable ; Inapplicable ; Inapplicable ; Inapplicable ; Inapplicable ; Inapplicable ; Inapplicable ; Inapplicable ; Inapplicable ; Inapplicable ; Inapplicable ; Inapplicable ; Inapplicable ; Inapplicable ; Inapplicable ; Inapplicable ; Inapplicable ; Pass      ; Pass      ; Inapplicable ;
; Ext_DataAdr[15]    ; Inapplicable ; Inapplicable ; Inapplicable ; Inapplicable ; Inapplicable ; Pass      ; Inapplicable ; Inapplicable ; Inapplicable ; Inapplicable ; Inapplicable ; Inapplicable ; Inapplicable ; Inapplicable ; Inapplicable ; Inapplicable ; Inapplicable ; Inapplicable ; Inapplicable ; Inapplicable ; Inapplicable ; Inapplicable ; Inapplicable ; Inapplicable ; Inapplicable ; Pass      ; Pass      ; Inapplicable ;
; Ext_DataAdr[16]    ; Inapplicable ; Inapplicable ; Inapplicable ; Inapplicable ; Inapplicable ; Pass      ; Inapplicable ; Inapplicable ; Inapplicable ; Inapplicable ; Inapplicable ; Inapplicable ; Inapplicable ; Inapplicable ; Inapplicable ; Inapplicable ; Inapplicable ; Inapplicable ; Inapplicable ; Inapplicable ; Inapplicable ; Inapplicable ; Inapplicable ; Inapplicable ; Inapplicable ; Pass      ; Pass      ; Inapplicable ;
; Ext_DataAdr[17]    ; Inapplicable ; Inapplicable ; Inapplicable ; Inapplicable ; Inapplicable ; Pass      ; Inapplicable ; Inapplicable ; Inapplicable ; Inapplicable ; Inapplicable ; Inapplicable ; Inapplicable ; Inapplicable ; Inapplicable ; Inapplicable ; Inapplicable ; Inapplicable ; Inapplicable ; Inapplicable ; Inapplicable ; Inapplicable ; Inapplicable ; Inapplicable ; Inapplicable ; Pass      ; Pass      ; Inapplicable ;
; Ext_DataAdr[18]    ; Inapplicable ; Inapplicable ; Inapplicable ; Inapplicable ; Inapplicable ; Pass      ; Inapplicable ; Inapplicable ; Inapplicable ; Inapplicable ; Inapplicable ; Inapplicable ; Inapplicable ; Inapplicable ; Inapplicable ; Inapplicable ; Inapplicable ; Inapplicable ; Inapplicable ; Inapplicable ; Inapplicable ; Inapplicable ; Inapplicable ; Inapplicable ; Inapplicable ; Pass      ; Pass      ; Inapplicable ;
; Ext_DataAdr[19]    ; Inapplicable ; Inapplicable ; Inapplicable ; Inapplicable ; Inapplicable ; Pass      ; Inapplicable ; Inapplicable ; Inapplicable ; Inapplicable ; Inapplicable ; Inapplicable ; Inapplicable ; Inapplicable ; Inapplicable ; Inapplicable ; Inapplicable ; Inapplicable ; Inapplicable ; Inapplicable ; Inapplicable ; Inapplicable ; Inapplicable ; Inapplicable ; Inapplicable ; Pass      ; Pass      ; Inapplicable ;
; Ext_DataAdr[20]    ; Inapplicable ; Inapplicable ; Inapplicable ; Inapplicable ; Inapplicable ; Pass      ; Inapplicable ; Inapplicable ; Inapplicable ; Inapplicable ; Inapplicable ; Inapplicable ; Inapplicable ; Inapplicable ; Inapplicable ; Inapplicable ; Inapplicable ; Inapplicable ; Inapplicable ; Inapplicable ; Inapplicable ; Inapplicable ; Inapplicable ; Inapplicable ; Inapplicable ; Pass      ; Pass      ; Inapplicable ;
; Ext_DataAdr[21]    ; Inapplicable ; Inapplicable ; Inapplicable ; Inapplicable ; Inapplicable ; Pass      ; Inapplicable ; Inapplicable ; Inapplicable ; Inapplicable ; Inapplicable ; Inapplicable ; Inapplicable ; Inapplicable ; Inapplicable ; Inapplicable ; Inapplicable ; Inapplicable ; Inapplicable ; Inapplicable ; Inapplicable ; Inapplicable ; Inapplicable ; Inapplicable ; Inapplicable ; Pass      ; Pass      ; Inapplicable ;
; Ext_DataAdr[22]    ; Inapplicable ; Inapplicable ; Inapplicable ; Inapplicable ; Inapplicable ; Pass      ; Inapplicable ; Inapplicable ; Inapplicable ; Inapplicable ; Inapplicable ; Inapplicable ; Inapplicable ; Inapplicable ; Inapplicable ; Inapplicable ; Inapplicable ; Inapplicable ; Inapplicable ; Inapplicable ; Inapplicable ; Inapplicable ; Inapplicable ; Inapplicable ; Inapplicable ; Pass      ; Pass      ; Inapplicable ;
; Ext_DataAdr[23]    ; Inapplicable ; Inapplicable ; Inapplicable ; Inapplicable ; Inapplicable ; Pass      ; Inapplicable ; Inapplicable ; Inapplicable ; Inapplicable ; Inapplicable ; Inapplicable ; Inapplicable ; Inapplicable ; Inapplicable ; Inapplicable ; Inapplicable ; Inapplicable ; Inapplicable ; Inapplicable ; Inapplicable ; Inapplicable ; Inapplicable ; Inapplicable ; Inapplicable ; Pass      ; Pass      ; Inapplicable ;
; Ext_DataAdr[24]    ; Inapplicable ; Inapplicable ; Inapplicable ; Inapplicable ; Inapplicable ; Pass      ; Inapplicable ; Inapplicable ; Inapplicable ; Inapplicable ; Inapplicable ; Inapplicable ; Inapplicable ; Inapplicable ; Inapplicable ; Inapplicable ; Inapplicable ; Inapplicable ; Inapplicable ; Inapplicable ; Inapplicable ; Inapplicable ; Inapplicable ; Inapplicable ; Inapplicable ; Pass      ; Pass      ; Inapplicable ;
; Ext_DataAdr[25]    ; Inapplicable ; Inapplicable ; Inapplicable ; Inapplicable ; Inapplicable ; Pass      ; Inapplicable ; Inapplicable ; Inapplicable ; Inapplicable ; Inapplicable ; Inapplicable ; Inapplicable ; Inapplicable ; Inapplicable ; Inapplicable ; Inapplicable ; Inapplicable ; Inapplicable ; Inapplicable ; Inapplicable ; Inapplicable ; Inapplicable ; Inapplicable ; Inapplicable ; Pass      ; Pass      ; Inapplicable ;
; Ext_DataAdr[26]    ; Inapplicable ; Inapplicable ; Inapplicable ; Inapplicable ; Inapplicable ; Pass      ; Inapplicable ; Inapplicable ; Inapplicable ; Inapplicable ; Inapplicable ; Inapplicable ; Inapplicable ; Inapplicable ; Inapplicable ; Inapplicable ; Inapplicable ; Inapplicable ; Inapplicable ; Inapplicable ; Inapplicable ; Inapplicable ; Inapplicable ; Inapplicable ; Inapplicable ; Pass      ; Pass      ; Inapplicable ;
; Ext_DataAdr[27]    ; Inapplicable ; Inapplicable ; Inapplicable ; Inapplicable ; Inapplicable ; Pass      ; Inapplicable ; Inapplicable ; Inapplicable ; Inapplicable ; Inapplicable ; Inapplicable ; Inapplicable ; Inapplicable ; Inapplicable ; Inapplicable ; Inapplicable ; Inapplicable ; Inapplicable ; Inapplicable ; Inapplicable ; Inapplicable ; Inapplicable ; Inapplicable ; Inapplicable ; Pass      ; Pass      ; Inapplicable ;
; Ext_DataAdr[28]    ; Inapplicable ; Inapplicable ; Inapplicable ; Inapplicable ; Inapplicable ; Pass      ; Inapplicable ; Inapplicable ; Inapplicable ; Inapplicable ; Inapplicable ; Inapplicable ; Inapplicable ; Inapplicable ; Inapplicable ; Inapplicable ; Inapplicable ; Inapplicable ; Inapplicable ; Inapplicable ; Inapplicable ; Inapplicable ; Inapplicable ; Inapplicable ; Inapplicable ; Pass      ; Pass      ; Inapplicable ;
; Ext_DataAdr[29]    ; Inapplicable ; Inapplicable ; Inapplicable ; Inapplicable ; Inapplicable ; Pass      ; Inapplicable ; Inapplicable ; Inapplicable ; Inapplicable ; Inapplicable ; Inapplicable ; Inapplicable ; Inapplicable ; Inapplicable ; Inapplicable ; Inapplicable ; Inapplicable ; Inapplicable ; Inapplicable ; Inapplicable ; Inapplicable ; Inapplicable ; Inapplicable ; Inapplicable ; Pass      ; Pass      ; Inapplicable ;
; Ext_DataAdr[30]    ; Inapplicable ; Inapplicable ; Inapplicable ; Inapplicable ; Inapplicable ; Pass      ; Inapplicable ; Inapplicable ; Inapplicable ; Inapplicable ; Inapplicable ; Inapplicable ; Inapplicable ; Inapplicable ; Inapplicable ; Inapplicable ; Inapplicable ; Inapplicable ; Inapplicable ; Inapplicable ; Inapplicable ; Inapplicable ; Inapplicable ; Inapplicable ; Inapplicable ; Pass      ; Pass      ; Inapplicable ;
; Ext_DataAdr[31]    ; Inapplicable ; Inapplicable ; Inapplicable ; Inapplicable ; Inapplicable ; Pass      ; Inapplicable ; Inapplicable ; Inapplicable ; Inapplicable ; Inapplicable ; Inapplicable ; Inapplicable ; Inapplicable ; Inapplicable ; Inapplicable ; Inapplicable ; Inapplicable ; Inapplicable ; Inapplicable ; Inapplicable ; Inapplicable ; Inapplicable ; Inapplicable ; Inapplicable ; Pass      ; Pass      ; Inapplicable ;
; clk                ; Inapplicable ; Inapplicable ; Inapplicable ; Inapplicable ; Inapplicable ; Pass      ; Inapplicable ; Inapplicable ; Inapplicable ; Inapplicable ; Inapplicable ; Inapplicable ; Inapplicable ; Inapplicable ; Inapplicable ; Inapplicable ; Inapplicable ; Inapplicable ; Inapplicable ; Inapplicable ; Inapplicable ; Inapplicable ; Inapplicable ; Inapplicable ; Inapplicable ; Pass      ; Pass      ; Inapplicable ;
+--------------------+--------------+--------------+--------------+--------------+--------------+-----------+--------------+--------------+--------------+--------------+--------------+--------------+--------------+--------------+--------------+--------------+--------------+--------------+--------------+--------------+--------------+--------------+--------------+--------------+--------------+-----------+-----------+--------------+


+------------------------------------------------------------------------------------------------+
; Fitter Device Options                                                                          ;
+------------------------------------------------------------------+-----------------------------+
; Option                                                           ; Setting                     ;
+------------------------------------------------------------------+-----------------------------+
; Enable user-supplied start-up clock (CLKUSR)                     ; Off                         ;
; Enable device-wide reset (DEV_CLRn)                              ; Off                         ;
; Enable device-wide output enable (DEV_OE)                        ; Off                         ;
; Enable INIT_DONE output                                          ; Off                         ;
; Configuration scheme                                             ; Passive Serial              ;
; Enable Error Detection CRC_ERROR pin                             ; Off                         ;
; Enable CvP_CONFDONE pin                                          ; Off                         ;
; Enable open drain on CRC_ERROR pin                               ; On                          ;
; Enable open drain on CvP_CONFDONE pin                            ; On                          ;
; Enable open drain on INIT_DONE pin                               ; On                          ;
; Enable open drain on Partial Reconfiguration pins                ; Off                         ;
; Enable open drain on nCEO pin                                    ; On                          ;
; Enable Partial Reconfiguration pins                              ; Off                         ;
; Enable input tri-state on active configuration pins in user mode ; Off                         ;
; Enable internal scrubbing                                        ; Off                         ;
; Active Serial clock source                                       ; 100 MHz Internal Oscillator ;
; Device initialization clock source                               ; Internal Oscillator         ;
; Configuration via Protocol                                       ; Off                         ;
; Configuration Voltage Level                                      ; Auto                        ;
; Force Configuration Voltage Level                                ; Off                         ;
; Enable nCEO output                                               ; Off                         ;
; Data[15..8]                                                      ; Unreserved                  ;
; Data[7..5]                                                       ; Unreserved                  ;
; Base pin-out file on sameframe device                            ; Off                         ;
+------------------------------------------------------------------+-----------------------------+


+------------------------------------+
; Operating Settings and Conditions  ;
+---------------------------+--------+
; Setting                   ; Value  ;
+---------------------------+--------+
; Nominal Core Voltage      ; 1.10 V ;
; Low Junction Temperature  ; 0 °C   ;
; High Junction Temperature ; 85 °C  ;
+---------------------------+--------+


+-----------------+
; Fitter Messages ;
+-----------------+
Warning (18236): Number of processors has not been specified which may cause overloading on shared machines.  Set the global assignment NUM_PARALLEL_PROCESSORS in your QSF to an appropriate value for best performance.
Info (20030): Parallel compilation is enabled and will use 12 of the 12 processors detected
Info (119006): Selected device 5CGXFC7D6F27I7 for design "t1c_riscv_cpu"
Info (21077): Low junction temperature is 0 degrees C
Info (21077): High junction temperature is 85 degrees C
Info (171003): Fitter is performing an Auto Fit compilation, which may decrease Fitter effort to reduce compilation time
Warning (292013): Feature LogicLock is only available with a valid subscription license. You can purchase a software subscription to gain full access to this feature.
Warning (15714): Some pins have incomplete I/O assignments. Refer to the I/O Assignment Warnings report for details
Critical Warning (169085): No exact pin location assignment(s) for 228 pins of 228 total pins. For the list of pins please refer to the I/O Assignment Warnings table in the fitter report.
Info (184020): Starting Fitter periphery placement operations
Info (11191): Automatically promoted 1 clock (1 global)
    Info (11162): clk~inputCLKENA0 with 3104 fanout uses global clock CLKCTRL_G6
Info (184021): Fitter periphery placement operations ending: elapsed time is 00:00:00
Info (176233): Starting register packing
Critical Warning (332012): Synopsys Design Constraints File file not found: 't1c_riscv_cpu.sdc'. A Synopsys Design Constraints File is required by the Timing Analyzer to get proper timing constraints. Without it, the Compiler will not properly optimize the design.
Info (332144): No user constrained base clocks found in the design
Info (332143): No user constrained clock uncertainty found in the design. Calling "derive_clock_uncertainty"
Info (332123): Deriving Clock Uncertainty. Please refer to report_sdc in the Timing Analyzer to see clock uncertainties.
Info (332130): Timing requirements not specified -- quality metrics such as performance may be sacrificed to reduce compilation time.
Info (176235): Finished register packing
    Extra Info (176219): No registers were packed into other blocks
Info (11798): Fitter preparation operations ending: elapsed time is 00:00:08
Info (170189): Fitter placement preparation operations beginning
Info (14951): The Fitter is using Advanced Physical Optimization.
Info (170190): Fitter placement preparation operations ending: elapsed time is 00:00:14
Info (170191): Fitter placement operations beginning
Info (170137): Fitter placement was successful
Info (170192): Fitter placement operations ending: elapsed time is 00:00:15
Info (170193): Fitter routing operations beginning
Info (170195): Router estimated average interconnect usage is 3% of the available device resources
    Info (170196): Router estimated peak interconnect usage is 51% of the available device resources in the region that extends from location X56_Y46 to location X66_Y57
Info (170199): The Fitter performed an Auto Fit compilation.  Optimizations were skipped to reduce compilation time.
    Info (170201): Optimizations that may affect the design's routability were skipped
Info (170194): Fitter routing operations ending: elapsed time is 00:02:12
Info (11888): Total time spent on timing analysis during the Fitter is 6.25 seconds.
Info (334003): Started post-fitting delay annotation
Info (334004): Delay annotation completed successfully
Info (334003): Started post-fitting delay annotation
Info (334004): Delay annotation completed successfully
Info (11801): Fitter post-fit operations ending: elapsed time is 00:00:17
Info (144001): Generated suppressed messages file /home/maruthi/intelFPGA_lite/20.1/quartus/t1c_riscv_cpu/output_files/t1c_riscv_cpu.fit.smsg
Info: Quartus Prime Fitter was successful. 0 errors, 5 warnings
    Info: Peak virtual memory: 2574 megabytes
    Info: Processing ended: Fri Nov  7 01:01:04 2025
    Info: Elapsed time: 00:03:48
    Info: Total CPU time (on all processors): 00:09:17


+----------------------------+
; Fitter Suppressed Messages ;
+----------------------------+
The suppressed messages can be found in /home/maruthi/intelFPGA_lite/20.1/quartus/t1c_riscv_cpu/output_files/t1c_riscv_cpu.fit.smsg.


